strategy,family,independence_group,evidence,description,implementation_note,start,end,years,cagr,stress_cagr,annual_vol,excess_shy_sharpe,max_drawdown,ulcer_index,calmar,cvar_5pct_daily,worst_calendar_year,best_calendar_year,max_recovery_days,largest_year_abs_excess_share,annual_turnover,cagr_2007_2012,cagr_2013_2021,rolling_3y_min,rolling_3y_target_share,rolling_5y_min,rolling_5y_target_share,latest_weights,GFC_return,GFC_maxdd,2011_euro_US_downgrade_return,2011_euro_US_downgrade_maxdd,2018_Q4_return,2018_Q4_maxdd,COVID_crash_return,COVID_crash_maxdd,deflated_sharpe_probability,target_gate,selection_score
sector_low_ulcer_positive_trend,Sector allocation,sector_ulcer,long_rule,Monthly four lowest 252d-Ulcer sectors with positive return and 200d trend; residual SHY.,ETF-only,2007-01-03,2021-12-31,14.988095238095237,0.10192397044555568,0.09949528521489293,0.12494271877921148,0.6761822233013124,-0.163746592025946,0.06481646591769961,0.622449415187863,-0.019762993939754548,-0.1048933252467591,0.4179358218880411,573,0.19476055340318624,4.411431073098002,0.04455141276546981,0.141876615368421,-0.03415903079873939,0.4913964262078094,0.01615964526587521,0.6600476568705321,"{""XLF"": 0.24340753298020237, ""XLK"": 0.2437796770085743, ""XLP"": 0.2584768131787582, ""XLV"": 0.254335976832465}",-0.12089913959700582,-0.159621184008506,-0.08263287493782712,-0.1338822440890327,-0.12812752606292666,-0.13107714771650358,-0.12275416469117306,-0.12380469679731743,0.8651534035871128,True,0.39791589259432925
QQQ_vol_target_12,Equity P&L control,pnl_vol,long_rule,Weekly unlevered QQQ 63d volatility target 12%; residual SHY.,ETF-only,2007-01-03,2021-12-31,14.988095238095237,0.1136297147147527,0.11212663097833042,0.1290330020441577,0.7347162942356299,-0.21718698362133437,0.06364006060085035,0.5231884195825758,-0.02012785228284321,-0.15541188942464124,0.32725921837976624,515,0.15441318388683828,2.70112321239532,0.07054572138016169,0.14328487832804626,0.017660784542115726,0.6965585704831238,0.0436472838060602,0.7525814138204925,"{""QQQ"": 0.6221740163187963, ""SHY"": 0.3778259836812038}",-0.19966997918808949,-0.21718698362133415,-0.07968463251782465,-0.10729509036966944,-0.14151026868493433,-0.14296783609101205,-0.18314564680924272,-0.19408568626889022,0.9073852548840149,True,0.33170717754064827
sector_downside_trend,Sector allocation,sector_downside,long_rule,"Monthly sectors above 200d MA, inverse 126d downside deviation, 25% cap; residual SHY.",ETF-only,2007-01-03,2021-12-31,14.988095238095237,0.09997161737532867,0.09763623994751103,0.128995385954895,0.6441837285317951,-0.21967819474859607,0.06768532539476574,0.4550821144981554,-0.020618826355646002,-0.1365162321017569,0.3195751304762784,519,0.14804044090953514,4.24961350842926,0.04804905847288499,0.13597569511444507,-0.022122160459153495,0.39774983454665785,0.015577257149881119,0.5524225575853853,"{""XLB"": 0.1179811881912434, ""XLE"": 0.06355981665380876, ""XLF"": 0.09650049091789772, ""XLK"": 0.131102886459558, ""XLP"": 0.17032767034439794, ""XLU"": 0.12834751159155425, ""XLV"": 0.16931980354719808, ""XLY"": 0.12286063229434172}",-0.13746347272925674,-0.18786652899181755,-0.10302589792399497,-0.14732798845372364,-0.10373408148053265,-0.10743906823853144,-0.12688965448075373,-0.12787009284800877,0.8368766909760633,True,0.20617129585221117
cross_asset_mom_126_top3,Cross-asset tactical,tactical_momentum,long_rule,Monthly top-3 126d cross-asset momentum with 12m SHY hurdle.,ETF-only,2007-01-03,2021-12-31,14.988095238095237,0.10207918996318055,0.09892281328720309,0.12603176864294655,0.692352002151516,-0.22149950106199556,0.07377174485358884,0.4608551688548029,-0.019107532555737963,-0.12106029218269898,0.29199756468406246,727,0.15524583608942624,5.73424207429312,0.13087341573810662,0.08330794391150342,0.0030121250086625473,0.3759099933818663,0.003949507756159543,0.3220810166799047,"{""DBC"": 0.33115927083914554, ""SPY"": 0.32558091644414416, ""VNQ"": 0.3432598127167104}",0.1474120031835875,-0.16433710167914684,0.07221936302906151,-0.04740951260643911,-0.2005830572251659,-0.20436745872033668,-0.06729777418975202,-0.12062234282090833,0.8791151591548012,True,0.20564517645188532
SPY_trend_150d,Equity P&L control,pnl_trend,long_rule,Weekly SPY above 150d moving average; otherwise SHY.,ETF-only,2007-01-03,2021-12-31,14.988095238095237,0.09163730463287312,0.08742111497244198,0.12023992256547393,0.6255647432298803,-0.20894693657623242,0.07957256272343427,0.4385673517612931,-0.019938079745735006,-0.11427570526696618,0.32307727179570356,540,0.1472563091893006,7.735607970438928,0.03907914854799688,0.12811209880406937,-0.001298408041847221,0.36366644606221044,0.012523556851029571,0.21803018268467037,"{""SPY"": 1.0}",-0.10410155361339213,-0.1543168855412116,-0.04054551517342464,-0.0440534260511678,-0.10160750871906588,-0.11083495071799954,-0.0720702783824031,-0.12437189310971453,0.8182571816929167,True,0.1676627156601718
SPY_trend_100d,Equity P&L control,pnl_trend,long_rule,Weekly SPY above 100d moving average; otherwise SHY.,ETF-only,2007-01-03,2021-12-31,14.988095238095237,0.09047215780329232,0.0856808235415285,0.11822706388489956,0.6253317440405888,-0.23242821283875614,0.08406174355600922,0.3892477453503294,-0.019526470806399368,-0.1571225078365419,0.34703986204779724,607,0.1436988297246473,8.802588380154642,0.06876242184765347,0.10517668847730421,-0.02337021736457434,0.44738583719391134,0.008334852931781933,0.35305798252581416,"{""SPY"": 1.0}",-0.14017388773169626,-0.18559791517297353,-0.04054551517342442,-0.04405342605116769,-0.04697234867087796,-0.06704824332613302,-0.07207027838240299,-0.12437189310971442,0.8182132528424875,True,0.09459280103030213
SPY_trend_250d,Equity P&L control,pnl_trend,long_rule,Weekly SPY above 250d moving average; otherwise SHY.,ETF-only,2007-01-03,2021-12-31,14.988095238095237,0.09058543158640164,0.08811427696804719,0.1243273497947243,0.600697920127994,-0.24448196604830796,0.09017664840648398,0.37051989171464117,-0.020703692207245834,-0.1696852023493589,0.3230772717957051,761,0.13469131133373943,4.534666741291786,0.031629874542925096,0.13171225211014037,-0.025192974553825964,0.2703507610853739,-0.004949795614277996,0.21882446386020651,"{""SPY"": 1.0}",-0.05386255185245836,-0.11188634415761434,-0.1655039000039602,-0.16684128628176498,-0.16228341580568284,-0.16917144197128076,-0.07207027838240287,-0.12437189310971442,0.7915436702288425,True,0.056146301334870974
ETF_SWAN,Live protection ETF,protection_live,short_live_product,"Buy-and-hold live ETF SWAN, evaluated only from its actual inception through 2021.",ETF-only,2018-11-06,2021-12-31,3.1507936507936507,0.14488600479122615,0.14470782922726277,0.13370266995718255,0.9143411480213653,-0.12782411237283298,0.024150902586494785,1.1334794515813076,-0.01708197548007829,-0.02276287701347024,0.22034511723897032,82,0.3875144111360294,0.0,,0.14488600479122615,0.14104080953190867,1.0,,,"{""SWAN"": 1.0}",,,,,,,-0.07778871161060641,-0.12782411237283298,,False,0.9596688159283511
ETF_KMLM,Live alternative/trend ETF,managed_futures_live,short_live_product,"Buy-and-hold live ETF KMLM, evaluated only from its actual inception through 2021.",ETF-only,2020-12-02,2021-12-31,1.0833333333333333,0.11731867198110835,0.11680952014564916,0.14885562193459517,0.8483236746996923,-0.09106151987675071,0.04319514512635169,1.2883451993761579,-0.021519728044015734,0.053525311516937846,0.07040181538891077,162,0.5950203242811095,0.0,,0.11731867198110835,,,,,"{""KMLM"": 1.0}",,,,,,,,,,False,0.8999156307593379
credit_canary_equity_allocation,Macro-conditioned allocation,credit_regime,long_rule,Weekly SPY/QQQ only when HYG/IEF and SPY trends are positive; otherwise IEF/GLD/SHY.,ETF-only,2008-01-28,2021-12-31,13.924603174603174,0.11513362252107728,0.11104332281034912,0.11105783802180387,0.9201217961300429,-0.12900122109732004,0.044464475996474837,0.8925002534217806,-0.017327147029256543,-0.018792123174935726,0.33406742067944295,453,0.20035139441213987,7.345968322098944,0.08748993458196486,0.1305753259131366,0.024352714961002997,0.6535947712418301,0.07631849472728369,0.7044444444444444,"{""QQQ"": 0.24827508929830366, ""SPY"": 0.7517249107016963}",,,0.010416031606893084,-0.03934418009199503,-0.10283842200197602,-0.1277377643547024,-0.03426146966503629,-0.07203336005984595,0.9745328264387897,False,0.7096137096295756
ETF_RPAR,Live risk-parity ETF,risk_parity_live,short_live_product,"Buy-and-hold live ETF RPAR, evaluated only from its actual inception through 2021.",ETF-only,2019-12-13,2021-12-31,2.0515873015873014,0.13004563579229478,0.12977231115429522,0.12274310102646394,0.9642933520068541,-0.19821086133567134,0.033133924928670865,0.6560974253174838,-0.018642497160066954,0.0006394070812072439,0.19400261857876266,90,0.6432985892504206,0.0,,0.13004563579229478,,,,,"{""RPAR"": 1.0}",,,,,,,-0.13554876472255672,-0.19821086133567156,,False,0.5648975173754786
ETF_DBMF,Live alternative/trend ETF,managed_futures_live,short_live_product,"Buy-and-hold live ETF DBMF, evaluated only from its actual inception through 2021.",ETF-only,2019-05-08,2021-12-31,2.6587301587301586,0.08933759296244648,0.08913271280038337,0.12607153843985994,0.6095263723057153,-0.10427778194209736,0.042187846338176634,0.8567270160392675,-0.020187860218324388,0.018011409994417082,0.11492396875067445,243,0.5598282155123178,0.0,,0.08933759296244648,,,,,"{""DBMF"": 1.0}",,,,,,,-0.05934152768489864,-0.10427778194209758,,False,0.5359758679038817
ETF_UJAN,Live protection ETF,protection_live,short_live_product,"Buy-and-hold live ETF UJAN, evaluated only from its actual inception through 2021.",ETF-only,2019-01-03,2021-12-31,3.0,0.08063260485748414,0.08045472694577316,0.07624080542042125,0.7756680590565969,-0.136923597695928,0.023294112243376085,0.5888875709835522,-0.012499688270946602,0.05790355178202433,0.1109622289943073,116,0.4077865789460873,0.0,,0.08063260485748414,0.08063260485748414,0.0,,,"{""UJAN"": 1.0}",,,,,,,-0.13170697890182959,-0.13692359769592832,,False,0.41723644622294137
all_weather_sleeve_trend_200,All weather / risk balance,all_weather_trend,long_rule,Fixed all-weather sleeve budgets; failed 200d trend moves to SHY.,ETF-only,2007-01-03,2021-12-31,14.988095238095237,0.06952193799557249,0.06777576513229544,0.06612199537088255,0.822815497394087,-0.11487271140846977,0.029603392655933716,0.6052084706903377,-0.009444646203270714,-0.044381521402117485,0.17600505026316338,374,0.11892174914901049,3.266954077447572,0.08134667168451792,0.06171757237088804,0.014453710510603068,0.032759761747187296,0.028563332616725834,0.0,"{""DBC"": 0.07979846255709129, ""IEF"": 0.14725223458107342, ""SHY"": 0.07398737375800044, ""SPY"": 0.31381705249364705, ""TLT"": 0.3851448766101878}",0.15744814136576757,-0.07514477544644194,0.09082033178978621,-0.031226577923779253,-0.062475896056447766,-0.062475896056447766,0.0414233181064787,-0.08334167860890951,0.9537677255013418,False,0.40100880590092236
ETF_NTSX,Live capital-efficient ETF,capital_efficiency_live,short_live_product,"Buy-and-hold live ETF NTSX, evaluated only from its actual inception through 2021.",ETF-only,2018-08-02,2021-12-31,3.4166666666666665,0.19545064162125714,0.1952764126943769,0.18958123301789317,0.915339725822093,-0.2832700103948578,0.05029775218824999,0.6899799994669862,-0.028968528416862916,-0.08742727184357868,0.32150363566111007,123,0.3265748108792517,0.0,,0.19545064162125714,0.17873038292750998,1.0,,,"{""NTSX"": 1.0}",,,,,-0.15898651706435962,-0.16289078482900365,-0.28076306908760984,-0.2832700103948578,,False,0.37948742632248444
retail_all_weather_fixed,Fixed allocation,all_weather_static,long_rule,"Quarterly rebalanced fixed ETF weights: {'SPY': 0.3, 'TLT': 0.4, 'IEF': 0.15, 'GLD': 0.075, 'DBC': 0.075}",ETF-only,2007-01-03,2021-12-31,14.988095238095237,0.08154835067631172,0.08139995142497058,0.07545074402723381,0.86039121270126,-0.15168163055915784,0.03458410062423705,0.5376283889861455,-0.010826996085657516,-0.026600608759436373,0.1918049699139086,376,0.13616004378496588,0.2744495483301611,0.08772332606767885,0.07745479557799495,0.02352669546226105,0.30079417604235603,0.041048309174565034,0.1544876886417792,"{""DBC"": 0.0731205743969733, ""GLD"": 0.07474435629918025, ""IEF"": 0.14350119417481652, ""SPY"": 0.3159349414113813, ""TLT"": 0.39269893371764863}",-0.0851580122042126,-0.15168163055915707,0.07658691192277223,-0.029379259245809974,-0.04279168624276086,-0.045647513678642615,-0.051284335073420007,-0.13591908645977846,0.9649215542285134,False,0.36445996292800037
all_weather_inverse_vol_63,All weather / risk balance,all_weather_dynamic,long_rule,"Monthly inverse-vol across stock, Treasury, gold, commodity sleeves; 63d risk.",ETF-only,2007-01-03,2021-12-31,14.988095238095237,0.06323201064828754,0.0627296979728682,0.06523726912713547,0.7341104293791273,-0.11156301269255287,0.03186354352245321,0.5667829249335828,-0.009333759870052838,-0.056588522024892174,0.15680701627277815,585,0.13145524971035094,0.9450960625347854,0.10034931348794895,0.039206336186533575,-0.026501291946819494,0.1783587028457975,0.002599227287505279,0.08141382049245433,"{""DBC"": 0.12042725472840785, ""GLD"": 0.17867560046097486, ""IEF"": 0.36853866448860817, ""SPY"": 0.19296864628776966, ""TLT"": 0.13938983403423946}",0.07716383470586852,-0.11156301269255231,0.03457209679102635,-0.04318617068532615,-0.012173350473868916,-0.03103271009556341,-0.057320301313227295,-0.10876127077411046,0.9089399530002245,False,0.3429025095875966
all_weather_vol_target_12,All weather / risk balance,all_weather_vol,long_rule,Monthly unlevered fixed all-weather portfolio scaled to 12% vol; residual SHY.,ETF-only,2007-01-03,2021-12-31,14.988095238095237,0.07723081055104886,0.07690725070795534,0.07242993347287838,0.8366567816171816,-0.15310325542327996,0.0356187963812477,0.5044361097190988,-0.01036797144383259,-0.03696705417967616,0.18820447975967802,376,0.12377502575123696,0.6008036842414468,0.08480751755644489,0.07221351457593816,0.024773332699726813,0.22534745201853076,0.041730210719595595,0.09610802223987291,"{""DBC"": 0.07961469785109083, ""GLD"": 0.07611985140933782, ""IEF"": 0.14691313326597802, ""SPY"": 0.3130943756833242, ""TLT"": 0.3842579417902692}",-0.08298838900361982,-0.15310325542328185,0.06435556329812098,-0.025967746842449735,-0.04552098791817916,-0.048285921401629905,-0.06541905354869426,-0.13821758608216805,0.956775680503416,False,0.3235227503479027
all_weather_vol_target_10,All weather / risk balance,all_weather_vol,long_rule,Monthly unlevered fixed all-weather portfolio scaled to 10% vol; residual SHY.,ETF-only,2007-01-03,2021-12-31,14.988095238095237,0.07578352819214662,0.07543335431756604,0.07115598402214623,0.8317309797304607,-0.15310325542327996,0.03640396729873791,0.49498312744970824,-0.010236024634089095,-0.046923729122940294,0.1882044797596769,383,0.12370985546904216,0.6510926056635459,0.08284876953467646,0.07110311994614227,0.024773332699726813,0.21078755790866976,0.04173021071959515,0.08737092930897537,"{""DBC"": 0.07961469785109083, ""GLD"": 0.07611985140933784, ""IEF"": 0.14691313326597802, ""SPY"": 0.3130943756833242, ""TLT"": 0.38425794179026923}",-0.07930546297084451,-0.15310325542328185,0.06435556329812098,-0.02596774684245018,-0.04552098791817971,-0.04828592140163024,-0.0654190535486937,-0.13821758608216783,0.9547436499942291,False,0.31159769438631907
sector_downside_vol_budget,Sector allocation,sector_downside,long_rule,Downside/trend sectors scaled to 8% downside-vol budget; 50% cap below SPY 200d MA.,ETF-only,2007-01-03,2021-12-31,14.988095238095237,0.08143196005994247,0.07945183046077764,0.1038303987912188,0.612470246622564,-0.14808608657189004,0.05399544801570476,0.5498960904771456,-0.016657094346457037,-0.08061265130046757,0.30924736455386603,481,0.18206068993481736,3.6649561397224777,0.048980986021620154,0.1036019884141659,0.0052850814688145675,0.22733289212442093,0.017004856460973716,0.32922954725972997,"{""XLB"": 0.11798118819124341, ""XLE"": 0.06355981665380876, ""XLF"": 0.09650049091789774, ""XLK"": 0.131102886459558, ""XLP"": 0.170327670344398, ""XLU"": 0.12834751159155425, ""XLV"": 0.16931980354719814, ""XLY"": 0.12286063229434169}",-0.039503308162261885,-0.08175256141131704,-0.0864246108650848,-0.14269087186547746,-0.11735763828252654,-0.12100630794031486,-0.09666730384163025,-0.12052781836281823,0.805034753992064,False,0.30565492724579163
all_weather_inverse_vol_126,All weather / risk balance,all_weather_dynamic,long_rule,"Monthly inverse-vol across stock, Treasury, gold, commodity sleeves; 126d risk.",ETF-only,2007-01-03,2021-12-31,14.988095238095237,0.062355179323141385,0.06204438311035454,0.06548926489006733,0.7185428015229978,-0.11833782327099096,0.03357870560775834,0.5269251841851901,-0.0093589422474191,-0.05800161977758167,0.15012172916093047,926,0.1258391648639887,0.5852171207719419,0.09792157367785204,0.039306790457076524,-0.028217233218017168,0.16313699536730641,0.0037001527746001184,0.08022239872915012,"{""DBC"": 0.11345294881161916, ""GLD"": 0.16390538498940027, ""IEF"": 0.3759534009616626, ""SPY"": 0.2039643974063341, ""TLT"": 0.14272386783098406}",0.0716317616217308,-0.11833782327099074,0.041081481975923095,-0.03856752782375639,-0.013385282851984592,-0.030814659221639618,-0.0590536986458825,-0.11090352709429119,0.8985984741161708,False,0.305356395351333
all_weather_inverse_vol_126_cap35,All weather / risk balance,all_weather_dynamic,long_rule,Monthly 126d inverse-vol all-weather with 35% sleeve cap; residual SHY.,ETF-only,2007-01-03,2021-12-31,14.988095238095237,0.06527279444477019,0.06497922682022206,0.06745961493832289,0.7372367263542783,-0.12605326529377425,0.03395611479343826,0.5178191480613236,-0.00966209277821757,-0.05897181704401644,0.1528343253762754,925,0.12152179600361396,0.5512441761281112,0.09824075687630329,0.04386452936018426,-0.02932822448550798,0.18266048974189278,0.00483775704235101,0.08022239872915012,"{""DBC"": 0.11980226254123758, ""GLD"": 0.17307823348890972, ""IEF"": 0.3410290761142331, ""SPY"": 0.21537912009420088, ""TLT"": 0.1507113077614189}",0.058880889797413793,-0.12605326529377447,0.03884852331737321,-0.04047084148632396,-0.018311234324785652,-0.03367541745367009,-0.06078552302490492,-0.11222294468006988,0.9106697535838878,False,0.30355723042858357
ETF_USMV,Live smart-beta ETF,smart_beta_live,live_product_medium,"Buy-and-hold live ETF USMV, evaluated only from its actual inception through 2021.",ETF-only,2011-10-20,2021-12-31,10.186507936507937,0.14296007874037198,0.14290461482775552,0.1375731201032574,0.9584577853667143,-0.33098870973780137,0.0402159244029347,0.4319182936892934,-0.020308940928544815,0.013351188853174545,0.27685237874036317,226,0.1749319668074911,0.0,0.1414066817899149,0.14316580349686014,0.01041429003885841,0.9260485651214128,0.042336309703418396,0.9571865443425076,"{""USMV"": 1.0}",,,,,-0.12266219447951554,-0.1228158914225872,-0.33050841035316714,-0.33050841035316714,,False,0.2799053685027103
QQQ_vol_target_15,Equity P&L control,pnl_vol,long_rule,Weekly unlevered QQQ 63d volatility target 15%; residual SHY.,ETF-only,2007-01-03,2021-12-31,14.988095238095237,0.133052182953042,0.13195467175536568,0.15177059383675431,0.7579241870637957,-0.2809605906173811,0.07811522695872014,0.4735617285708075,-0.02339039471499731,-0.20537280621530885,0.36519856975308684,541,0.14102044675355105,1.9381057919661175,0.08253876691881756,0.16799925389271908,0.015085914301494086,0.8596955658504302,0.049348010469160375,0.8566322478157268,"{""QQQ"": 0.7794763469239855, ""SHY"": 0.22052365307601446}",-0.26150350256375343,-0.2809605906173819,-0.10159748056877982,-0.13421346410690194,-0.16200036594703726,-0.16371062699512373,-0.2134248466480223,-0.22437793691541086,0.9213246216473057,False,0.27399647491853507
QQQ_60_IEF_40,Fixed allocation,balanced_growth,long_rule,"Quarterly rebalanced fixed ETF weights: {'QQQ': 0.6, 'IEF': 0.4}",ETF-only,2007-01-03,2021-12-31,14.988095238095237,0.12672542619252702,0.1265870519694765,0.12018580006334267,0.8779749611528569,-0.3054915278508915,0.060714007283527646,0.4148246829757613,-0.018092481274975925,-0.20847445144685306,0.3487257431285695,590,0.14059058167243393,0.2456340232543548,0.08912945462332389,0.1524846617534119,0.027069040423033375,0.7845797485109199,0.0688603307366118,0.8423351866560762,"{""IEF"": 0.37540025976912716, ""QQQ"": 0.6245997402308728}",-0.2859756934481098,-0.30549152785089106,-0.039626064189578813,-0.07365943169860711,-0.12234796825300043,-0.12259412449405127,-0.14245550796039874,-0.15251190224078937,0.9701287858430956,False,0.24656316489484553
all_weather_sleeve_trend_100,All weather / risk balance,all_weather_trend,long_rule,Fixed all-weather sleeve budgets; failed 100d trend moves to SHY.,ETF-only,2007-01-03,2021-12-31,14.988095238095237,0.05673890092118894,0.05382897423341371,0.06437644062192406,0.6468340511287718,-0.12135755890887967,0.03519263231325777,0.4675349556412129,-0.009326356956716533,-0.06726665997495263,0.17278200202120564,654,0.182630192993278,5.512969592636737,0.06642577856295384,0.050335552717648335,5.615782669110558e-06,0.07048312375909993,0.019106595652082836,0.0,"{""SHY"": 0.2974631588827703, ""SPY"": 0.31542210178782837, ""TLT"": 0.38711473932940127}",0.046693173051416625,-0.07514477544644149,0.11187567324429715,-0.031226577923779253,-0.014298958425411179,-0.03386148618079288,0.041423318106478035,-0.08334167860890951,0.8417035967943283,False,0.24080291960672678
SPY_fast_exit_slow_reentry,Equity P&L control,pnl_hysteresis,long_rule,Weekly SPY exit on 200d/VIX failure; re-enter after four consecutive good weeks.,ETF-only,2007-01-03,2021-12-31,14.988095238095237,0.08656172494417502,0.08446140176238037,0.11061706170046907,0.6284382577624535,-0.17716727065973514,0.06386272791572856,0.4885875626002288,-0.01876721327485943,-0.09820169904103171,0.3230772717957029,591,0.1830366266480343,3.867803985219464,0.07042371714692064,0.0974456802337118,0.010663113024015125,0.2948378557246856,0.030675187739982235,0.27362986497220015,"{""SHY"": 1.0}",-0.008699678393069288,-0.08538897255102529,-0.16550390000396054,-0.1668412862817653,-0.0855634216030089,-0.0982215730955629,-0.07207027838240321,-0.12437189310971442,0.819691814329494,False,0.23717779371732303
all_weather_inverse_vol_252,All weather / risk balance,all_weather_dynamic,long_rule,"Monthly inverse-vol across stock, Treasury, gold, commodity sleeves; 252d risk.",ETF-only,2007-01-03,2021-12-31,14.988095238095237,0.05908120361534408,0.0587818506387221,0.06561793545027639,0.6683986479717154,-0.13000947356623227,0.034527055169422054,0.4544376805375313,-0.009437435026594037,-0.05300430452341354,0.14364063347730305,478,0.12380897080858702,0.5653280291473313,0.0867382266316945,0.041051120692591425,-0.028033123487370415,0.13964262078093978,0.0043285926106173545,0.003971405877680699,"{""DBC"": 0.11687846043334506, ""GLD"": 0.1532981704342231, ""IEF"": 0.39969817463422613, ""SPY"": 0.18038923055117068, ""TLT"": 0.14973596394703503}",0.04425684837992172,-0.13000947356623238,0.03218948154560075,-0.03960328874335184,-0.015000477445758942,-0.03074025107835776,-0.05372677821110783,-0.10945687118124048,0.8603716282702398,False,0.23119170571465475
ETF_QUAL,Live smart-beta ETF,smart_beta_live,live_product_medium,"Buy-and-hold live ETF QUAL, evaluated only from its actual inception through 2021.",ETF-only,2013-07-18,2021-12-31,8.456349206349206,0.15232759079446456,0.1522588730318466,0.16778731780726053,0.8497735963002596,-0.34056742765293857,0.04668893356328443,0.4472758650005037,-0.02579466955926217,-0.057050529203874656,0.3389380389888914,141,0.20626180699114527,0.0,,0.15232759079446456,0.0003492483877043373,0.8670058139534884,0.029950007404914825,0.8761467889908257,"{""QUAL"": 1.0}",,,,,-0.2001365510413735,-0.20374876457280822,-0.33836304658953986,-0.3405674276529388,,False,0.20860511954165467
sector_defensive_upside_barbell,Sector allocation,sector_barbell,long_rule,50% defensive inverse-downside sleeve plus trend-eligible top cyclical sectors; residual SHY.,ETF-only,2007-01-03,2021-12-31,14.988095238095237,0.11031203439719928,0.10854183198871659,0.13658837809643196,0.6803401479799771,-0.2535281625053878,0.06396170421110488,0.43510761608132986,-0.021077428421878083,-0.15482825567989333,0.3379470317989066,510,0.15902291494983262,3.1903747612285205,0.06330822577066297,0.14276758716901128,-0.0020631605247958262,0.5777630708140304,0.03403437224063399,0.6572676727561557,"{""XLE"": 0.16249945301603372, ""XLK"": 0.16342242769259846, ""XLP"": 0.1873824776929284, ""XLU"": 0.14119887085356528, ""XLV"": 0.18627369379855654, ""XLY"": 0.1592230769463177}",-0.23057817905290234,-0.25352816250538623,-0.10190353210970793,-0.16021602498557452,-0.08148964309009832,-0.08450739506656024,-0.22406220188836967,-0.2252750207127392,0.8689395720304536,False,0.19768720705406295
ETF_MTUM,Live smart-beta ETF,smart_beta_live,live_product_medium,"Buy-and-hold live ETF MTUM, evaluated only from its actual inception through 2021.",ETF-only,2013-04-18,2021-12-31,8.706349206349206,0.1710969079819602,0.1710296040978032,0.18962012021097124,0.8627802423516282,-0.34082296791322864,0.05081856305300624,0.5020110851963486,-0.029428612774148044,-0.016734618104392585,0.37496056115001064,177,0.23443252193542077,0.0,,0.1710969079819602,0.046541652123236465,0.980542043085476,0.059025442616533974,0.9871657754010695,"{""MTUM"": 1.0}",,,,,-0.2171727522930894,-0.22123025730912793,-0.3392805451465718,-0.3408229679132284,,False,0.19248651424887275
GTAA_trend_100,Cross-asset tactical,tactical_trend,long_rule,Monthly equal sleeve GTAA; each asset below 100d MA moves to SHY.,ETF-only,2007-01-03,2021-12-31,14.988095238095237,0.04766750191940594,0.04497834905287723,0.07253341681403414,0.4261862473726076,-0.10669960520135047,0.038028638620507794,0.4467448762294261,-0.01114812507269363,-0.05547325935590308,0.17891254530004064,588,0.20052126677565968,5.138695454981237,0.06742392567204014,0.034711487725088475,-0.02150093629984251,0.03441429516876241,-0.002244357336460334,0.0,"{""SHY"": 0.6131684900071807, ""SPY"": 0.13003754454470468, ""TLT"": 0.11969544114251715, ""VNQ"": 0.1370985243055975}",-0.0041232054712365684,-0.10669960520135102,0.011022616804932328,-0.029690623514727732,-0.03265606680672384,-0.03533937660668973,-0.0019429474757701737,-0.044838696598461625,0.5600604509437929,False,0.17491044151181906
ETF_OMFL,Live smart-beta ETF,smart_beta_live,short_live_product,"Buy-and-hold live ETF OMFL, evaluated only from its actual inception through 2021.",ETF-only,2017-11-10,2021-12-31,4.134920634920635,0.20389552423383295,0.2037497302139648,0.23128758271956482,0.8347636270240263,-0.33241950855056,0.06243182103631489,0.6133681056291588,-0.03379734978548126,-0.025480262523616903,0.3557872706779921,121,0.3479543527028901,0.0,,0.20389552423383295,0.1336267110960172,1.0,,,"{""OMFL"": 1.0}",,,,,-0.1739431721071556,-0.18188027457548428,-0.3239348008222289,-0.3279847564542432,,False,0.17402168457175315
GTAA_trend_200,Cross-asset tactical,tactical_trend,long_rule,Monthly equal sleeve GTAA; each asset below 200d MA moves to SHY.,ETF-only,2007-01-03,2021-12-31,14.988095238095237,0.05237159492806609,0.05059843776933337,0.074039446102337,0.4773919125829459,-0.12376759751512956,0.04007280210931304,0.4231446354257955,-0.011369761018087997,-0.0387327835437542,0.15742893903359945,926,0.14640733354307905,3.371789958394585,0.060404968034645234,0.04705453497562928,-0.011684644965372026,0.003970880211780278,-0.006082577894327756,0.0,"{""DBC"": 0.1310814801851129, ""IEF"": 0.12094243579970637, ""SHY"": 0.36460756848301035, ""SPY"": 0.12887342196212845, ""TLT"": 0.11862390317589919, ""VNQ"": 0.13587119039414278}",0.017735506233467202,-0.12376759751513045,-0.03835572893791617,-0.08046974876081048,-0.038405585264351894,-0.038853949178331404,-0.01047262536933169,-0.04483869659846207,0.6359994457612024,False,0.16376243043852023
QQQ_70_IEF_30,Fixed allocation,balanced_growth,long_rule,"Quarterly rebalanced fixed ETF weights: {'QQQ': 0.7, 'IEF': 0.3}",ETF-only,2007-01-03,2021-12-31,14.988095238095237,0.13827543548828292,0.13814841130535482,0.14346410147230573,0.8259011420155514,-0.3682079430676528,0.07673183641410457,0.37553626447128774,-0.021705695524916552,-0.2642490054973027,0.38539981948380975,614,0.15315297029378727,0.2231928170939117,0.08772813034213778,0.17324063666721234,0.012007065939287687,0.8534083388484447,0.063027637026289,0.8665607625099285,"{""IEF"": 0.27869361543364923, ""QQQ"": 0.7213063845663508}",-0.34916245347748454,-0.36820794306765114,-0.06260613325660092,-0.09319110799627095,-0.14807284453053726,-0.14869403031607864,-0.17544981620106648,-0.18583631488993357,0.9539293489889927,False,0.14475895037194925
cross_asset_multi_horizon_top3_invvol,Cross-asset tactical,tactical_momentum,long_rule,"Monthly top-3 3/6/12m ranks, 12m SHY hurdle, 63d inverse-vol sizing.",ETF-only,2007-01-03,2021-12-31,14.988095238095237,0.10378787454261174,0.10023989847490467,0.12360142167420142,0.7182333578801023,-0.2546373277344075,0.07648659334303304,0.4075909665956942,-0.018770416334448956,-0.1544310751514567,0.28577312839274227,635,0.14723621001737588,6.437218873241538,0.12109757840217061,0.09240680391471567,-0.011298633362256338,0.3914626075446724,-0.0016552951192775334,0.35186656076250994,"{""DBC"": 0.24708316680018452, ""SPY"": 0.39591788690570906, ""VNQ"": 0.3569989462941064}",0.19169743623103797,-0.1216590820869431,0.08089945267139531,-0.0391152438843444,-0.21573152705227305,-0.21845678249997336,0.0065190982393341645,-0.08836589670060568,0.8980258711927147,False,0.14397900323914933
ETF_AOR,Live allocation ETF,allocation_live,live_product_medium,"Buy-and-hold live ETF AOR, evaluated only from its actual inception through 2021.",ETF-only,2008-11-19,2021-12-31,13.103174603174603,0.09680417951952647,0.09676209581766115,0.13027762182862596,0.6790316332248645,-0.24443269562822234,0.04551093199261978,0.39603613285337186,-0.01819886920987317,-0.05826134726312726,0.18999584674609094,314,0.13615587223234088,0.0,0.12364022223523219,0.08476620639301813,-0.005681023053810352,0.2222222222222222,0.00866970651577259,0.14243759177679882,"{""AOR"": 1.0}",,,-0.11959652851561597,-0.12093242708086471,-0.10244451044313652,-0.10383451682240752,-0.22569395303004214,-0.2274406916978735,,False,0.12731947604989408
SPY_vol_10_trend_200,Equity P&L control,pnl_vol_trend,long_rule,"Weekly SPY 10% vol target, disabled below 200d MA; residual SHY.",ETF-only,2007-01-03,2021-12-31,14.988095238095237,0.06247016720576215,0.059620705537744234,0.09261019334660553,0.4924901279986523,-0.1636538917243997,0.06614173889873218,0.3817212444355716,-0.015498461122017266,-0.09863862994344386,0.2649278808498514,555,0.17805345664257183,5.369875771461283,0.026552046951327624,0.08708909895147676,-0.011165894101054175,0.10059563203176704,0.005390616984091601,0.023431294678316124,"{""SHY"": 0.3157022491908948, ""SPY"": 0.6842977508091053}",-0.005845361873207833,-0.05650856942699378,-0.1168847373732993,-0.11817461545999386,-0.12086303765214912,-0.1280916380094168,-0.07207027838240343,-0.12437189310971464,0.6558066330948567,False,0.0906109370116851
SPY_60_TLT_40,Fixed allocation,balanced_static,long_rule,"Quarterly rebalanced fixed ETF weights: {'SPY': 0.6, 'TLT': 0.4}",ETF-only,2007-01-03,2021-12-31,14.988095238095237,0.10177399214629146,0.10162186209425794,0.10475847634779764,0.7886907881823341,-0.3049769144692205,0.05891238998329318,0.3337104787862981,-0.015684371991498147,-0.11911837777450274,0.2475474591555138,727,0.11561986738273372,0.2761718907455639,0.06733722477181336,0.12532589388287074,-0.013418760489927739,0.5678358702845797,0.05699999994491378,0.585385226370135,"{""SPY"": 0.6167178549864057, ""TLT"": 0.3832821450135944}",-0.29912303001524077,-0.3049769144692187,0.018592788966694362,-0.05715297897278371,-0.09499291230251528,-0.09632642551871162,-0.14049371451984183,-0.17619188312623935,0.9385002246305107,False,0.08293595135889631
cross_asset_mom_126_top4,Cross-asset tactical,tactical_momentum,long_rule,Monthly top-4 126d cross-asset momentum with 12m SHY hurdle.,ETF-only,2007-01-03,2021-12-31,14.988095238095237,0.08930921894660426,0.08662686570217693,0.1178886578655776,0.6331139355500319,-0.23633777265429534,0.0736224358852099,0.3778880453326516,-0.01803067764005955,-0.13826342471318842,0.25355091212416836,736,0.1550770273439642,4.929467917472897,0.10113253624831975,0.08150448749982253,-0.0007328246767008828,0.30377233620119126,0.0014151289145172274,0.23431294678316125,"{""DBC"": 0.25029135459087015, ""EFA"": 0.24419644373343086, ""SPY"": 0.24607521450101288, ""VNQ"": 0.2594369871746862}",0.006763163574413422,-0.18975973979913174,0.0047953265221147845,-0.05806448966525479,-0.20517368966976168,-0.20813948222285006,-0.0759822740031385,-0.12387818774922243,0.8275105230415637,False,0.08126904762309886
ETF_AOA,Live allocation ETF,allocation_live,live_product_medium,"Buy-and-hold live ETF AOA, evaluated only from its actual inception through 2021.",ETF-only,2008-11-11,2021-12-31,13.126984126984127,0.11004354019261875,0.10999881264258415,0.15974790337337694,0.6513820002931132,-0.2837907990522903,0.054428294284542864,0.387762889283604,-0.024584235576988377,-0.0786505459109198,0.25815841168778997,358,0.14256218418114994,0.0,0.12341582289334996,0.10395646849583828,-0.01902516140052979,0.47238542890716806,0.0035824716740040508,0.4587603709126403,"{""AOA"": 1.0}",,,-0.18920084761301303,-0.1903164088456737,-0.13628385837984347,-0.1380195520355575,-0.27820201438695225,-0.28197779340601714,,False,0.08052150331174182
SPY_50_IEF_30_GLD_20,Fixed allocation,balanced_static,long_rule,"Quarterly rebalanced fixed ETF weights: {'SPY': 0.5, 'IEF': 0.3, 'GLD': 0.2}",ETF-only,2007-01-03,2021-12-31,14.988095238095237,0.08848752353805756,0.08835224934677699,0.09925383921706651,0.7008694005045351,-0.26345692413858646,0.05017140464400415,0.335870935362133,-0.015054338877157057,-0.1418141826562873,0.21602825365080647,387,0.1424630055297049,0.24857850846022872,0.0780571477407388,0.09549090765288315,0.021602986291205273,0.3259430840502978,0.047695186498036835,0.2851469420174742,"{""GLD"": 0.19678392154150964, ""IEF"": 0.28335310985800555, ""SPY"": 0.5198629686004848}",-0.23573665288571988,-0.26345692413858657,-0.05009048079307221,-0.05632657381720085,-0.07189035304109082,-0.0751611239316039,-0.1544063302024805,-0.1606180495885402,0.8860109032244009,False,0.07886886653661576
SPY_vol_12_trend_200,Equity P&L control,pnl_vol_trend,long_rule,"Weekly SPY 12% vol target, disabled below 200d MA; residual SHY.",ETF-only,2007-01-03,2021-12-31,14.988095238095237,0.07193038947400976,0.06903653088232509,0.10362573617167854,0.5344952003076994,-0.19083944999013325,0.07480134749050338,0.3769157240692566,-0.017301108395944138,-0.10649694905215212,0.3067279754655059,542,0.173808853789056,5.405106960715003,0.028969014239543345,0.10153675569597831,-0.012336797953084067,0.11978821972203839,0.0015024171691138122,0.1096108022239873,"{""SHY"": 0.17825843904617494, ""SPY"": 0.821741560953825}",-0.02362911164517001,-0.07453392563973804,-0.1403212785304747,-0.14164530559034105,-0.13475264549801136,-0.1418670401870641,-0.07207027838240299,-0.12437189310971453,0.7125476926886914,False,0.0771123929836211
ETF_SPLV,Live smart-beta ETF,smart_beta_live,live_product_medium,"Buy-and-hold live ETF SPLV, evaluated only from its actual inception through 2021.",ETF-only,2011-05-05,2021-12-31,10.65079365079365,0.12667717673980383,0.12662452289183168,0.15178299608624563,0.7884514910464473,-0.3626141468634768,0.05271755184114458,0.34934427637622595,-0.022337472156028465,-0.013865748612220674,0.27869986188603213,296,0.17244712391800676,0.0,0.10342518894004482,0.13100728018417862,-0.012103427760637109,0.7952306894764126,0.026913356068423155,0.8568421052631578,"{""SPLV"": 1.0}",,,-0.07557878721827316,-0.1216317218361922,-0.0953866997117625,-0.11520523964249119,-0.36210007539908073,-0.36210007539908073,,False,0.06728225436412952
SPY_vol_15_trend_200,Equity P&L control,pnl_vol_trend,long_rule,"Weekly SPY 15% vol target, disabled below 200d MA; residual SHY.",ETF-only,2007-01-03,2021-12-31,14.988095238095237,0.0792203842161503,0.07627760286360363,0.11317888111444127,0.5573360998112714,-0.2115844318500435,0.08247649935845502,0.37441499605366174,-0.01883381351054996,-0.13569044666488572,0.3230772717957062,506,0.15804096274291574,5.4589912236838325,0.031037744944601542,0.11255679393868423,-0.011399972545256598,0.1386499007279947,-0.0017285561485249623,0.1767275615567911,"{""SPY"": 1.0}",-0.049923982097365815,-0.10112814520754754,-0.16550390000396065,-0.16684128628176564,-0.14687990889166158,-0.15389458858264915,-0.07207027838240321,-0.12437189310971453,0.7413504710399224,False,0.0644580924460009
SPY_vol_target_10,Equity P&L control,pnl_vol,long_rule,Weekly unlevered SPY 63d volatility target 10%; residual SHY.,ETF-only,2007-01-03,2021-12-31,14.988095238095237,0.07411496390776051,0.07270518176533058,0.10781926974313492,0.526120522436812,-0.20774390273851606,0.06127660404185091,0.3567611993938895,-0.017164439829323797,-0.12187210766848533,0.2649278808498525,665,0.1545543710138429,2.6265915420017367,0.03394682342752353,0.10173227968681453,-0.012586510968572329,0.2630708140304434,0.011245150083291744,0.29586973788721205,"{""SHY"": 0.3157022491908948, ""SPY"": 0.6842977508091053}",-0.1864683747244883,-0.18971348275504796,-0.10469066917084002,-0.11750630375413973,-0.12914709987050987,-0.1321622034805655,-0.20395602816777603,-0.20774390273851573,0.7021434240124867,False,0.05997245542931662
five_weather_equal,Fixed allocation,all_weather_static,long_rule,"Quarterly rebalanced fixed ETF weights: {'SPY': 0.2, 'TLT': 0.2, 'IEF': 0.2, 'GLD': 0.2, 'DBC': 0.2}",ETF-only,2007-01-03,2021-12-31,14.988095238095237,0.06848016763708431,0.06832954080523934,0.08097025679139784,0.6410379998566064,-0.20929835394565388,0.053638382251887086,0.3271892317646501,-0.011720275978763137,-0.07455604083722545,0.1834505220888798,939,0.09910382338914828,0.28197013422724604,0.09602111533675317,0.05052081582491219,-0.04388608217923018,0.21045665122435472,-0.0005371486807126402,0.06433677521842732,"{""DBC"": 0.1964390642092128, ""GLD"": 0.20080136852615746, ""IEF"": 0.19275860815565712, ""SPY"": 0.21219049752299665, ""TLT"": 0.19781046158597596}",-0.046338669679786615,-0.20929835394565388,0.02144135585177831,-0.05017041934636157,-0.046487036769106815,-0.053096396455523553,-0.07700423133193468,-0.12760229308430315,0.835281112113589,False,0.057579398907895374
ETF_PHDG,Live protection ETF,protection_live,live_product_medium,"Buy-and-hold live ETF PHDG, evaluated only from its actual inception through 2021.",ETF-only,2012-12-06,2021-12-31,9.063492063492063,0.06658912936731243,0.06653038748216566,0.11080764010136569,0.5358174257428223,-0.17907898110137865,0.076372494948343,0.3718422394285098,-0.015506145033009917,-0.09884103908105801,0.18806857657999188,759,0.18443674318526904,0.0,-0.011736999700465267,0.0671993477877324,-0.026362475351911385,0.053629823413996074,0.0056764538830786915,0.11902439024390243,"{""PHDG"": 1.0}",,,,,-0.10726698773585763,-0.11975845508329064,0.005805727254468485,-0.13915914539085616,,False,0.0356494860619202
SPY_vol_target_12,Equity P&L control,pnl_vol,long_rule,Weekly unlevered SPY 63d volatility target 12%; residual SHY.,ETF-only,2007-01-03,2021-12-31,14.988095238095237,0.08549671927292724,0.0843565606354979,0.12358583783398303,0.5570413349222242,-0.2428039424989632,0.07322352712682423,0.3521224507023494,-0.019522385525047883,-0.1566512418021765,0.3067279754655041,681,0.1519989153445523,2.1017114128717505,0.03724229874148399,0.11887721808524376,-0.024958007842507013,0.38385175380542685,0.007909561171565826,0.5258141382049245,"{""SHY"": 0.17825843904617494, ""SPY"": 0.821741560953825}",-0.23382486626994203,-0.23782642207293359,-0.12642825629508814,-0.1408972468934444,-0.1448780721844275,-0.1478387113592079,-0.22895415861811874,-0.23262308274642118,0.7417405095512608,False,0.03415972896681396
cross_asset_multi_horizon_top3,Cross-asset tactical,tactical_momentum,long_rule,Monthly top-3 average 3/6/12m ranks with 12m SHY hurdle.,ETF-only,2007-01-03,2021-12-31,14.988095238095237,0.09585840799571543,0.0927766060055717,0.13166568258036332,0.624325615958215,-0.2609712754219712,0.09212970191906729,0.367314018911543,-0.019996674997889693,-0.15735224740214282,0.2825946170992826,634,0.14572005287339213,5.630193337935447,0.10636007623272015,0.08891884193877253,-0.007180849603852457,0.33487756452680345,-0.006289434059351007,0.2926926131850675,"{""DBC"": 0.33115927083914554, ""SPY"": 0.3255809164441441, ""VNQ"": 0.3432598127167103}",0.050150009454818845,-0.2099776131290778,0.07221936302906218,-0.047409512606438886,-0.21633800672614556,-0.2211426512366753,0.01665009265637374,-0.1054160259918957,0.8191594354999586,False,0.03411918770200656
QQQ_trend_150d,Equity P&L control,pnl_trend,long_rule,Weekly QQQ above 150d moving average; otherwise SHY.,ETF-only,2007-01-03,2021-12-31,14.988095238095237,0.11846467337186928,0.11488847105463451,0.16408797157067756,0.6432280030554911,-0.3133578636196729,0.11886516137319321,0.37804914803622613,-0.02668780653227199,-0.2490613355956789,0.4157083917849109,651,0.1346306865313615,6.401882458294285,0.03652838256899149,0.17660372871266383,-0.06298130344478448,0.5423560555923229,-0.0037029530145482603,0.5138999205718825,"{""QQQ"": 1.0}",-0.20154890171777218,-0.25011501688089455,-0.17061975150230124,-0.19687219691780022,-0.0542854291766689,-0.08900418542019262,-0.27804917711702226,-0.28886778860812556,0.833876925023599,False,0.026885646483437053
QQQ_trend_200d,Equity P&L control,pnl_trend,long_rule,Weekly QQQ above 200d moving average; otherwise SHY.,ETF-only,2007-01-03,2021-12-31,14.988095238095237,0.1189082110712616,0.1156282882008659,0.16570753558653953,0.6409334579722107,-0.3196419913501134,0.11410492327331898,0.372004349519328,-0.02682586834629336,-0.2559339031746509,0.33368939563245514,668,0.13155646845437555,5.868392253436428,0.03754962336424228,0.17660918416462978,-0.059953748031708276,0.5757776307081403,0.0013699304768293175,0.4872915011914218,"{""QQQ"": 1.0}",-0.12067817534754988,-0.1742629362711312,-0.17061975150230124,-0.19687219691780045,-0.11481795200917966,-0.12582609147557167,-0.27804917711702215,-0.28886778860812545,0.8318986072768018,False,0.01862075575682287
SPY_95_105_collar,Synthetic SPY option overlay,option_overlay,synthetic_proxy,"Synthetic SPY overlay: put ratio SPY_95_105_collar, frozen VIX/Black-Scholes/skew model; quarterly puts and monthly calls where applicable.","SPY options; model-risk screen, not historical executable chains",2007-01-03,2021-12-31,14.98015873015873,0.07364100976819477,0.051956565086514805,0.09024206568101444,0.6005242894158679,-0.24036707652455302,0.06812826240249456,0.30636895382247775,-0.013628916098478315,-0.15659440821892967,0.21820414678328137,622,0.14224890370236096,,0.019112985516456682,0.11156179967950552,-0.023071540765497,0.297682119205298,0.0033701850347933604,0.15937996820349762,{},-0.2353277081727354,-0.24036707652455191,-0.11154638382208992,-0.11204357183084124,-0.05361686797708354,-0.055647339852558875,-0.10900759714400521,-0.11309081766456286,0.7946172878455022,False,0.01375797688893085
SPY_trend_200d,Equity P&L control,pnl_trend,long_rule,Weekly SPY above 200d moving average; otherwise SHY.,ETF-only,2007-01-03,2021-12-31,14.988095238095237,0.08363107861526564,0.08031040022430913,0.1224564783183956,0.557052823823011,-0.24206193751920746,0.08933621990676312,0.3454945435551162,-0.02049808442373358,-0.1696852023493597,0.32307727179570667,507,0.1403100208606212,6.135137355865356,0.027495281941468885,0.12271349304496315,-0.023872271811240076,0.18762409000661814,-0.006517700942235138,0.20095313741064336,"{""SPY"": 1.0}",-0.07974875905856504,-0.1313290712102856,-0.16550390000395998,-0.16684128628176487,-0.15463455778644108,-0.1615854757882127,-0.07207027838240332,-0.1243718931097143,0.7410660627865148,False,0.007870033908027263
SPY_60_IEF_30_GLD_10,Fixed allocation,balanced_static,long_rule,"Quarterly rebalanced fixed ETF weights: {'SPY': 0.6, 'IEF': 0.3, 'GLD': 0.1}",ETF-only,2007-01-03,2021-12-31,14.988095238095237,0.09159612339825762,0.0914666540869673,0.11194585133316087,0.6549610845417948,-0.3177031676528943,0.06066186153201033,0.2883072399779492,-0.0171310686267311,-0.1841081138396019,0.22887448706041935,695,0.16215679628799934,0.2372289315357817,0.06305143027095306,0.11103316258560225,-0.007997814644113643,0.46657842488418266,0.04534487440729151,0.34471803018268465,"{""GLD"": 0.09784591861338233, ""IEF"": 0.28178059578070647, ""SPY"": 0.6203734856059112}",-0.3106428340363503,-0.31770316765289486,-0.07223436366235225,-0.07725389600882293,-0.097271848167375,-0.09982151767742065,-0.18494950904868934,-0.18772133965226168,0.8486042900921917,False,-0.03961966465275263
SPY_drawdown_medium,Equity P&L control,pnl_drawdown,long_rule,Weekly SPY high-water drawdown exposure ladder (medium); residual SHY.,ETF-only,2007-01-03,2021-12-31,14.988095238095237,0.08522124589171587,0.08360529469167366,0.11908025246266937,0.5741933103477388,-0.2724136727914316,0.09601227515607222,0.3128376230842272,-0.019052319923523246,-0.15645948792508324,0.32307727179570556,1331,0.15779816366454621,2.979960865050146,0.009306361788494977,0.13892890450803597,-0.05074395520867114,0.40767703507610853,-0.024891043130415236,0.5270055599682287,"{""SPY"": 1.0}",-0.26556139291862124,-0.27241367279143247,-0.09438571896652392,-0.09486965187058505,-0.14094570184687505,-0.14391995583995487,-0.19653866350368043,-0.20036183266616037,0.7623707645679578,False,-0.04031477624914054
SPY_drawdown_hard,Equity P&L control,pnl_drawdown,long_rule,Weekly SPY high-water drawdown exposure ladder (hard); residual SHY.,ETF-only,2007-01-03,2021-12-31,14.988095238095237,0.06458078461319317,0.061641359666240625,0.10136870387594048,0.4780386876684304,-0.2135794059117001,0.08775911587051027,0.302373650387869,-0.01681553355765922,-0.13343429405586738,0.29321941142954167,1407,0.15937965678154434,5.528898535234057,-0.0074626429240328696,0.11544603863538216,-0.039115325555813873,0.18663136995367308,-0.04244305577523122,0.24702144559173947,"{""SPY"": 1.0}",-0.11012632872070605,-0.16000397049734394,-0.09183935195103032,-0.09304857745000439,-0.14759358659316102,-0.15054482399951907,-0.07207027838240299,-0.12437189310971453,0.6357518730823807,False,-0.04333258995800235
defensive_momentum_top1,Cross-asset tactical,defensive_momentum,long_rule,Monthly top-1 6m momentum among IEF/TLT/GLD/DBC/SHY.,ETF-only,2007-01-03,2021-12-31,14.988095238095237,0.1121693437202278,0.10872425296057853,0.1693544113819092,0.6123580971968442,-0.3098952318573961,0.12252394123572202,0.36195892091635845,-0.024891680761307673,-0.07618542570758557,0.28067541098419335,862,0.13901417557906984,6.201823631472589,0.12252567974816797,0.1053242813694486,-0.054776219392121406,0.4109861019192588,-0.0038396368529585168,0.25138999205718826,"{""TLT"": 1.0}",0.22689619506916725,-0.30989523185739587,0.011157109271086041,-0.15369194257556873,-0.04493691228712371,-0.09402357116184012,0.06505800509935367,-0.15727649308109004,0.8070912303028928,False,-0.04574901866372641
SPY_60_IEF_40,Fixed allocation,balanced_static,long_rule,"Quarterly rebalanced fixed ETF weights: {'SPY': 0.6, 'IEF': 0.4}",ETF-only,2007-01-03,2021-12-31,14.988095238095237,0.08897921227037275,0.08885158651357994,0.10726431432882172,0.6567333814171491,-0.31738680157048693,0.06082821463767457,0.2803494405882274,-0.01648371106515178,-0.17356813127238502,0.218128175399386,752,0.16097196785522627,0.2344118653914119,0.054471615103925064,0.1125883164579422,-0.018431892202030786,0.48974189278623426,0.039491086825932165,0.3856235107227959,"{""IEF"": 0.377185671812819, ""SPY"": 0.622814328187181}",-0.3143662405239498,-0.3173868015704854,-0.06686878508314087,-0.08062549473972813,-0.10057309601511089,-0.10223031174160313,-0.17592495847353795,-0.17823419071461932,0.8502597727331489,False,-0.049239972620212624
ETF_QAI,Live alternative/trend ETF,managed_futures_live,live_product_medium,"Buy-and-hold live ETF QAI, evaluated only from its actual inception through 2021.",ETF-only,2009-03-25,2021-12-31,12.765873015873016,0.02951651681099654,0.029476180369428118,0.06125113631666179,0.31644625986076924,-0.1410627332002241,0.026209001799312622,0.20924390263373718,-0.009038277564108663,-0.03319485559160118,0.08680788273848683,629,0.17660221342432017,0.0,0.03969109305424601,0.025282461029822123,-0.015441620133385014,0.0,-0.015891620728846756,0.0,"{""QAI"": 1.0}",,,-0.0338495722512564,-0.03662474031530061,-0.049804784674816305,-0.049804784674816305,-0.138565850787014,-0.13967742579412534,,False,-0.07226370679266901
defensive_momentum_top2,Cross-asset tactical,defensive_momentum,long_rule,Monthly top-2 6m momentum among IEF/TLT/GLD/DBC/SHY.,ETF-only,2007-01-03,2021-12-31,14.988095238095237,0.0773124432753376,0.07458445832245642,0.12387729434449422,0.5284010354565023,-0.2387152056753935,0.1097314514023215,0.3238689511068162,-0.017901221169682402,-0.1252924428936797,0.27523161304586385,1977,0.12335328884706456,5.068502510375751,0.1194952124727886,0.05010109269259444,-0.07909311607727076,0.24586366644606222,-0.019223381210668467,0.09531374106433678,"{""DBC"": 0.5249445503367526, ""TLT"": 0.4750554496632475}",0.34053053499071306,-0.1775564288349173,0.148352127823846,-0.06153902461136729,-0.013442668485012632,-0.04968746353189246,0.07858145831070451,-0.10393789057666081,0.7075724005504338,False,-0.07722444022581795
SPY_70_TLT_30,Fixed allocation,balanced_static,long_rule,"Quarterly rebalanced fixed ETF weights: {'SPY': 0.7, 'TLT': 0.3}",ETF-only,2007-01-03,2021-12-31,14.988095238095237,0.10446139451617631,0.10432264403395619,0.12333564714342987,0.7007802080301786,-0.3728247381395907,0.0762113614995273,0.28018901062585744,-0.018921042236808266,-0.18538122126987933,0.2642239772404784,806,0.14465766203625605,0.2512715239362808,0.05828588977779603,0.13633047561619915,-0.03312786354656705,0.6399735274652548,0.04319381021104585,0.6810961080222399,"{""SPY"": 0.7145269318050573, ""TLT"": 0.28547306819494267}",-0.3689076358700628,-0.3728247381395905,-0.03046363483688841,-0.08415837893865596,-0.1184520783271974,-0.12008724717039465,-0.1884889129855829,-0.20417140769369424,0.8863295362372359,False,-0.08117427168173669
SPY_vol_target_15,Equity P&L control,pnl_vol,long_rule,Weekly unlevered SPY 63d volatility target 15%; residual SHY.,ETF-only,2007-01-03,2021-12-31,14.988095238095237,0.09308143212788322,0.09228626799311779,0.14147783996463092,0.5518205495141364,-0.3056526192970702,0.08801159451421235,0.30453340246829497,-0.022210389930064203,-0.20706031243158873,0.32307727179570667,638,0.14829563188001604,1.4553735669423895,0.03978853299126173,0.13008578530141146,-0.03912025145267928,0.4884182660489742,0.0051760035452779185,0.5893566322478158,"{""SPY"": 1.0}",-0.3007101576660546,-0.3056526192970703,-0.14928792781921252,-0.16597313797511892,-0.1621991335220364,-0.16509980298831461,-0.2656027333168882,-0.26909726983713456,0.7353027731090048,False,-0.08616946306227985
cross_asset_multi_horizon_top2,Cross-asset tactical,tactical_momentum,long_rule,Monthly top-2 average 3/6/12m ranks with 12m SHY hurdle.,ETF-only,2007-01-03,2021-12-31,14.988095238095237,0.09045847958093223,0.08637156383415956,0.15029371314213605,0.5315452578263538,-0.27660637674462285,0.10269511246788114,0.32702962471630986,-0.022813764341085608,-0.1702666002870057,0.30349386300061343,744,0.13167221955090408,7.506487602494854,0.11657315575840732,0.07340384510886677,-0.03620484659414658,0.35340833884844475,-0.030822385297031407,0.27918983320095314,"{""DBC"": 0.5042470024699395, ""SPY"": 0.49575299753006047}",0.15682111458812087,-0.14772342896938517,-0.01382841439501492,-0.08275971190393538,-0.2222285790868851,-0.2244820452355697,0.04020369860849882,-0.10393789057666103,0.7109920592918022,False,-0.09357545274812254
cross_asset_mom_126_top2,Cross-asset tactical,tactical_momentum,long_rule,Monthly top-2 126d cross-asset momentum with 12m SHY hurdle.,ETF-only,2007-01-03,2021-12-31,14.988095238095237,0.08105154375277146,0.07728048275446553,0.14843372354117002,0.4777569387828269,-0.24443000958082106,0.10010565690099317,0.33159407836938154,-0.022238015917253308,-0.14752510419583598,0.32396478190420464,719,0.13754796544456838,6.986127394112299,0.0952603258934892,0.0716898067193319,-0.010406438881954694,0.07445400397088021,-0.01342686904044521,0.03534551231135822,"{""SPY"": 0.48678392664966247, ""VNQ"": 0.5132160733503376}",0.18847324512100205,-0.18131399386578506,0.03057164195696105,-0.09377818489899992,-0.19511735226826776,-0.19511735226826776,0.003530956806012453,-0.10393789057666092,0.6368832474517027,False,-0.09358936497341228
SPY_90_110_collar,Synthetic SPY option overlay,option_overlay,synthetic_proxy,"Synthetic SPY overlay: put ratio SPY_90_110_collar, frozen VIX/Black-Scholes/skew model; quarterly puts and monthly calls where applicable.","SPY options; model-risk screen, not historical executable chains",2007-01-03,2021-12-31,14.98015873015873,0.09810315104857792,0.08752202480267957,0.12443517818415538,0.6416178511494149,-0.34776235120813426,0.09216891734992814,0.2820982510262119,-0.018434617581717567,-0.21481935780116845,0.2840089377334625,823,0.1530885348063999,,0.0271122339304668,0.14807945825467672,-0.05070751238747495,0.5357615894039736,-0.001401965232369795,0.6323529411764706,{},-0.34249494673001835,-0.3477623512081356,-0.11688262672929128,-0.1174590252654566,-0.10565878955744468,-0.10829462810637258,-0.15797652671678342,-0.16197261463791057,0.8363704278298922,False,-0.09599490416219769
SPY_drawdown_soft,Equity P&L control,pnl_drawdown,long_rule,Weekly SPY high-water drawdown exposure ladder (soft); residual SHY.,ETF-only,2007-01-03,2021-12-31,14.988095238095237,0.09245229183202053,0.09123128807110858,0.13412854173353403,0.5707020794530467,-0.3366050589663956,0.10026548241745505,0.27466102890999733,-0.021071378776267774,-0.20140686534973673,0.32307727179570533,1242,0.15289422343048245,2.236383742816846,0.015204603569346498,0.14713980383731595,-0.06089738006323997,0.4933818663136995,-0.01923463480707943,0.6223193010325655,"{""SPY"": 1.0}",-0.3303573222619286,-0.3366050589663957,-0.11704590501406187,-0.11754165198178601,-0.15052712250932754,-0.15346820330401245,-0.22540430534219158,-0.22909012099838633,0.7587598087749019,False,-0.14460093792766565
cross_asset_mom_252_top4,Cross-asset tactical,tactical_momentum,long_rule,Monthly top-4 252d cross-asset momentum with 12m SHY hurdle.,ETF-only,2007-01-03,2021-12-31,14.988095238095237,0.06464304650327679,0.062406695244912935,0.12745278779453845,0.4118712274376655,-0.24671066955764764,0.08566676908556621,0.26201966302949853,-0.019886031374012833,-0.15395524055945575,0.19637612812644312,818,0.13333183295540738,4.204301953533851,0.0715431235898012,0.06007172519176307,-0.026306925712267226,0.08934480476505625,-0.01584053394081597,0.048451151707704525,"{""DBC"": 0.25029135459087015, ""EFA"": 0.24419644373343083, ""SPY"": 0.24607521450101288, ""VNQ"": 0.2594369871746862}",0.04035043244054837,-0.1897597397991314,-0.14493833264907174,-0.14814869153485943,-0.2051736896697619,-0.20813948222285006,-0.0759822740031385,-0.12387818774922243,0.5382128454916416,False,-0.17675230717876378
defensive_sectors_equal,Fixed allocation,sector_defensive,long_rule,"Quarterly rebalanced fixed ETF weights: {'XLP': 0.3333333333333333, 'XLV': 0.3333333333333333, 'XLU': 0.3333333333333333}",ETF-only,2007-01-03,2021-12-31,14.988095238095237,0.10468955239371214,0.10459721826925894,0.1542993440981947,0.5904374525963079,-0.39081192567845635,0.08853667567783116,0.2678770669855308,-0.02301080021022303,-0.22038691500611374,0.26570794784627116,849,0.16820033957759456,0.1671836403669234,0.05459892084350093,0.1393671045819349,-0.04700437048601924,0.6455989410986102,0.028360174218720502,0.7033359809372518,"{""XLP"": 0.33428913826334455, ""XLU"": 0.3356190621964127, ""XLV"": 0.33009179954024276}",-0.3563428125709529,-0.39081192567845846,-0.07764028937644596,-0.1227754788388441,-0.08252023791060181,-0.11613887016558799,-0.29481544742695276,-0.29481544742695276,0.7835745979331048,False,-0.1864356283913831
SPY_70_IEF_30,Fixed allocation,balanced_static,long_rule,"Quarterly rebalanced fixed ETF weights: {'SPY': 0.7, 'IEF': 0.3}",ETF-only,2007-01-03,2021-12-31,14.988095238095237,0.09412026778309213,0.0940032007119429,0.12925501268432912,0.600340266512292,-0.3832719329254307,0.07939688683935966,0.24557046759122886,-0.02002799997812043,-0.2250703759817939,0.24150149543553345,814,0.17691307366969813,0.21400726401128642,0.04762546758894559,0.12622885004454543,-0.0395771655518401,0.5622104566512244,0.026884443402332092,0.573868149324861,"{""IEF"": 0.2802254392193033, ""SPY"": 0.7197745607806967}",-0.37977156649673927,-0.3832719329254295,-0.09465401581318333,-0.10183252879460902,-0.12268733646778851,-0.12454172211591608,-0.21556269480415136,-0.21814618828844579,0.7942583606488492,False,-0.1937507585908604
QQQ_buy_hold,Fixed allocation,static_equity,long_rule,Quarterly rebalanced fixed ETF weights: {'QQQ': 1.0},ETF-only,2007-01-03,2021-12-31,14.988095238095237,0.16944198599979132,0.1694030035243388,0.21870846212629655,0.7264086615506704,-0.5340399680377191,0.12608892035143068,0.31728334233557526,-0.03333546209093622,-0.41727150805037805,0.5468412473782682,781,0.1822057874722217,0.06668627560723213,0.07838214147802414,0.23432248113407406,-0.038376834392418124,0.8676373262739907,0.039896354868384165,0.8621922160444797,"{""QQQ"": 1.0}",-0.5134557748001587,-0.5340399680377179,-0.13146537997750873,-0.1609927606227174,-0.22541290444518913,-0.22699374778216153,-0.27225614857685987,-0.2855936712522551,0.9040882170269939,False,-0.3073435052092962
SPY_95_110_collar,Synthetic SPY option overlay,option_overlay,synthetic_proxy,"Synthetic SPY overlay: put ratio SPY_95_110_collar, frozen VIX/Black-Scholes/skew model; quarterly puts and monthly calls where applicable.","SPY options; model-risk screen, not historical executable chains",2007-01-03,2021-12-31,14.98015873015873,0.0576938719997,0.04181991075701119,0.10225805254699016,0.40370296485942503,-0.3149121248921223,0.1012279611543934,0.18320625799804904,-0.014891893053543994,-0.1933610424815545,0.22737512301878238,1466,0.1650952349095631,,-0.011229906689258495,0.10623715530691036,-0.06369155652264147,0.29072847682119207,-0.03245172641019589,0.1307631160572337,{},-0.30777768338006484,-0.3124225009527638,-0.10974048800658354,-0.11018999796206053,-0.06387105383210478,-0.06585259242531838,-0.11163633417569174,-0.11570756744617117,0.5257885693572564,False,-0.3137866037626051
SPY_80_IEF_20,Fixed allocation,balanced_static,long_rule,"Quarterly rebalanced fixed ETF weights: {'SPY': 0.8, 'IEF': 0.2}",ETF-only,2007-01-03,2021-12-31,14.988095238095237,0.09866329810216956,0.09856473204407967,0.15247057193858385,0.5572823414088002,-0.444126113423738,0.09851371955826392,0.2221515356113175,-0.023732568657288417,-0.2746063500272301,0.26498001443144736,845,0.1905544196542402,0.17944305190827955,0.040036782063389564,0.1395355752531724,-0.061107846001853594,0.6297154202514891,0.013492867605069625,0.6620333598093725,"{""IEF"": 0.18507421598763685, ""SPY"": 0.8149257840123633}",-0.440276829528511,-0.44412611342373765,-0.12250197041244548,-0.12364542764730024,-0.14483447217966805,-0.1468672547851968,-0.2551215351434759,-0.25793955889916687,0.7440973573133538,False,-0.3317045833390694
ETF_QMOM,Live smart-beta ETF,smart_beta_live,short_live_product,"Buy-and-hold live ETF QMOM, evaluated only from its actual inception through 2021.",ETF-only,2015-12-02,2021-12-31,6.079365079365079,0.12343093999164978,0.1233363891161603,0.2770287050801834,0.5090193625683803,-0.391260859702417,0.1277765065360512,0.31546968456167124,-0.043234276689770874,-0.11746303366253219,0.6193407963076967,333,0.41935599067380397,0.0,,0.12343093999164978,-0.04480474077224539,0.6821106821106822,0.13457751930088335,1.0,"{""QMOM"": 1.0}",,,,,-0.31435298792474,-0.31435298792474,-0.3844069128775124,-0.39126085970241686,,False,-0.33954698902139674
cross_asset_mom_252_top3,Cross-asset tactical,tactical_momentum,long_rule,Monthly top-3 252d cross-asset momentum with 12m SHY hurdle.,ETF-only,2007-01-03,2021-12-31,14.988095238095237,0.05826749763715311,0.055817898544402444,0.13801570365960494,0.3469432174128515,-0.28426935176003554,0.11038497263844928,0.20497284450959494,-0.021310728092999952,-0.17520495083164866,0.21714264773514658,814,0.13076792306117366,4.633150544412214,0.04709085027099902,0.0657781396586039,-0.04035114205596779,0.085704831237591,-0.01572581400121953,0.030976965845909452,"{""DBC"": 0.33115927083914554, ""SPY"": 0.32558091644414416, ""VNQ"": 0.34325981271671036}",-0.01646235448701794,-0.25777657358809225,-0.1176955322090334,-0.12189535341262481,-0.21633800672614611,-0.22114265123667565,0.016650092656373072,-0.10541602599189581,0.4386998182803708,False,-0.34428446460534534
sector_momentum_189_invvol,Sector allocation,sector_rotation,long_rule,"Monthly top-3 legacy-sector 189d momentum, invvol sizing.",ETF-only,2007-01-03,2021-12-31,14.988095238095237,0.10579631255154465,0.10225765981358803,0.18878598439816954,0.5186374808937945,-0.4541144537167803,0.11210853534777943,0.23297279284029823,-0.02914814513609386,-0.29601722625869353,0.384310058844056,876,0.20079490051036658,6.408841715799065,0.03416777984903052,0.1562385753401141,-0.07112358546054842,0.701191264063534,0.0029670871354749995,0.7478157267672756,"{""XLK"": 0.29268502889811215, ""XLV"": 0.41735546052555816, ""XLY"": 0.2899595105763296}",-0.445671251781371,-0.4541144537167816,-0.1564026451854965,-0.19512111501331586,-0.1445274221433155,-0.14642683719838323,-0.31126933571652093,-0.31126933571652093,0.6934174720538199,False,-0.38052826915484345
ETF_VIG,Live smart-beta ETF,smart_beta_live,live_product_medium,"Buy-and-hold live ETF VIG, evaluated only from its actual inception through 2021.",ETF-only,2006-05-02,2021-12-31,15.658730158730158,0.10401905075576368,0.10398375118680181,0.17653313194057155,0.524403692607381,-0.46805080091680606,0.10138773075504652,0.22223880517245947,-0.02710691511742656,-0.26691625307640665,0.2961875540203278,845,0.17446114203300128,0.0,0.03923450014685703,0.1476388707294558,-0.07226097120699637,0.6251958633657161,0.0055885111658458,0.6948269445478229,"{""VIG"": 1.0}",-0.4646013868907275,-0.4680508009168052,-0.16011894128687199,-0.16011894128687199,-0.16346009255721583,-0.16602194591420893,-0.315118963618908,-0.31632559892172374,,False,-0.38438677120822295
sector_momentum_189_equal,Sector allocation,sector_rotation,long_rule,"Monthly top-3 legacy-sector 189d momentum, equal sizing.",ETF-only,2007-01-03,2021-12-31,14.988095238095237,0.10749731707482502,0.10431223631829356,0.19526497602673487,0.5155955558910731,-0.47852084719837995,0.12317009330025275,0.2246450028336173,-0.03021889551276514,-0.31461128765075963,0.3760573756053385,1083,0.20392276571633125,5.757712608505658,0.03413059299712651,0.1592311419237069,-0.07581049934764283,0.7193911317008603,0.0024198970069047032,0.7374900714853058,"{""XLK"": 0.33138848824502604, ""XLV"": 0.34573847952825076, ""XLY"": 0.32287303222672314}",-0.4522775558416927,-0.47852084719837906,-0.16034582278011367,-0.19790704595504904,-0.15050808701192142,-0.1524054356392759,-0.3112006606416313,-0.3112656112953226,0.6892249147521039,False,-0.43436712680460693
sector_defensive_cyclical_barbell_fixed,Fixed allocation,sector_static,long_rule,"Quarterly rebalanced fixed ETF weights: {'XLP': 0.16666666666666666, 'XLV': 0.16666666666666666, 'XLU': 0.16666666666666666, 'XLK': 0.08333333333333333, 'XLF': 0.08333333333333333, 'XLI': 0.08333333333333333, 'XLY': 0.08333333333333333, 'XLE': 0.08333333333333333, 'XLB': 0.08333333333333333}",ETF-only,2007-01-03,2021-12-31,14.988095238095237,0.10363090650475892,0.1035040663081952,0.18241707487553968,0.5186432421610293,-0.49273370207228073,0.11074629242907734,0.21031828362647084,-0.0283268028335028,-0.31847661474576205,0.297886252829626,847,0.20010189318074376,0.22988752141117166,0.0435225172488809,0.14557686751577914,-0.07453345464879135,0.657180675049636,0.00823165056840125,0.6699761715647339,"{""XLB"": 0.0852720318759326, ""XLE"": 0.07857861939440308, ""XLF"": 0.07739827253273202, ""XLI"": 0.08058738977610802, ""XLK"": 0.0864890745447367, ""XLP"": 0.16930195087788805, ""XLU"": 0.16997549569468148, ""XLV"": 0.1671761934033612, ""XLY"": 0.08522097190015686}",-0.4853234939209643,-0.49273370207228184,-0.15253049640649707,-0.15499820740752634,-0.15069990802181177,-0.15565949059581308,-0.34314304359720826,-0.34432206983813785,0.6936117027053065,False,-0.4513421975678441
Cboe_SPX_PUT_proxy,External SPX option-index proxy,external_option_proxy,external_proxy,Cboe ^PUT total-return index proxy; SPX options make it ineligible for implementation.,External SPX option index; reference only,2007-01-03,2021-12-31,14.98015873015873,0.06746771017637387,0.06746771017637387,0.18441974332346028,0.3394433267841281,-0.37094053814643657,0.07888482410642687,0.18188281742811183,-0.025086621326483906,-0.26767003461926286,0.31506561465068206,620,0.23133441372295127,,0.04735678441971203,0.08105884046759737,-0.05822363948351916,0.15165562913907285,-0.005269882721315233,0.1287758346581876,{},-0.34680935530986123,-0.3709405381464369,-0.14588447719993203,-0.14654436422620654,-0.15288300019516243,-0.15543630535526975,-0.2887066041809284,-0.3003980020354975,,False,-0.4881227380838038
GEM_SPY_VEU_AGG,Cross-asset tactical,dual_momentum,long_rule,"Monthly GEM: SPY absolute momentum versus SHY, SPY versus VEU, else AGG.",ETF-only,2008-04-01,2021-12-31,13.75,0.06807001376167632,0.06616862964924652,0.15948700064009588,0.40948898764446134,-0.3887414290029164,0.10321916234026005,0.17510357446662997,-0.025582934047104686,-0.10265560459547696,0.2966039593778198,906,0.17480635266142808,3.5618554359184045,0.048834577504268895,0.07837707498924895,-0.0883034207519996,0.2088560885608856,-0.05488615416629883,0.2633726201269266,"{""SPY"": 1.0}",,,-0.17147224361651858,-0.17312952366465018,-0.189224897430755,-0.19203199715831665,-0.3340034681964832,-0.337172528469891,0.5329028444115324,False,-0.4897391685741413
sector_momentum_multi_horizon_invvol,Sector allocation,sector_rotation,long_rule,"Monthly top-3 average 3/6/12m sector ranks, invvol sizing.",ETF-only,2007-01-03,2021-12-31,14.988095238095237,0.08495773294220355,0.0809222286796103,0.1858911065575602,0.424103070993476,-0.44378714106692296,0.11632728099859972,0.19143802305302024,-0.028560528496191347,-0.2794718102177508,0.3655790110530259,1312,0.2171038615502812,7.4509653562943186,0.007261225661950865,0.14000732493272006,-0.08480592030983691,0.5215089344804765,-0.02077394126166554,0.5416997617156474,"{""XLE"": 0.22908250470774297, ""XLK"": 0.387261862251731, ""XLY"": 0.383655633040526}",-0.43439827760974803,-0.4437871410669242,-0.13436725142831096,-0.17387127911740352,-0.15521181211554236,-0.15708750450352205,-0.32281932443446104,-0.32383920924097187,0.5568490155468528,False,-0.5133229653011931
sector_momentum_multi_horizon_equal,Sector allocation,sector_rotation,long_rule,"Monthly top-3 average 3/6/12m sector ranks, equal sizing.",ETF-only,2007-01-03,2021-12-31,14.988095238095237,0.08688792976517123,0.08320133054921053,0.19078240846398586,0.4272003125960108,-0.4510044442118072,0.11557992919637072,0.19265426511931594,-0.02931940086839375,-0.3022381220470617,0.36562399908272725,857,0.22651251486123028,6.792224147194972,0.011051955026494475,0.14053115474007383,-0.08131264283108008,0.5102581072137657,-0.018632776002318607,0.5051628276409849,"{""XLE"": 0.3349503080512451, ""XLK"": 0.3368527800073098, ""XLY"": 0.3281969119414451}",-0.4410147070732814,-0.4510044442118062,-0.144820140703818,-0.18037309569554194,-0.15984147413194416,-0.16171797654643916,-0.32137993672476717,-0.3233485230930202,0.561537710399587,False,-0.5208639126063495
global_50_20_10_bond_gold,Fixed allocation,global_balanced,long_rule,"Quarterly rebalanced fixed ETF weights: {'SPY': 0.5, 'EFA': 0.2, 'EEM': 0.1, 'IEF': 0.15, 'GLD': 0.05}",ETF-only,2007-01-03,2021-12-31,14.988095238095237,0.07976827784930762,0.07965739061531685,0.16323399139585676,0.42851974624735983,-0.4648831219717988,0.10567050485612971,0.1715878122461641,-0.025275160293770315,-0.3026807368204628,0.2503272246692929,860,0.21797747440028606,0.2054203581370718,0.04063577648246075,0.10664674182369827,-0.05520311671917488,0.4119788219722038,0.005676377374254082,0.31850675138999207,"{""EEM"": 0.0934588831431955, ""EFA"": 0.19464753703977627, ""GLD"": 0.0492761405561495, ""IEF"": 0.14190740339972224, ""SPY"": 0.5207100358611564}",-0.4548812706870138,-0.4648831219717976,-0.1441832930070558,-0.14545731144024587,-0.1270467665266246,-0.12843342563259286,-0.2532395911812343,-0.2562474427958493,0.5637370591168824,False,-0.5383979119306892
legacy_sectors_equal,Fixed allocation,sector_static,long_rule,"Quarterly rebalanced fixed ETF weights: {'XLK': 0.1111111111111111, 'XLF': 0.1111111111111111, 'XLV': 0.1111111111111111, 'XLI': 0.1111111111111111, 'XLY': 0.1111111111111111, 'XLP': 0.1111111111111111, 'XLE': 0.1111111111111111, 'XLU': 0.1111111111111111, 'XLB': 0.1111111111111111}",ETF-only,2007-01-03,2021-12-31,14.988095238095237,0.10217039797364458,0.10204182799633732,0.19695682880435766,0.4880582848524863,-0.5284775698681823,0.1220479892181711,0.1933296771689456,-0.03082750842946885,-0.34968793317263613,0.30830322326391446,890,0.2084573575487775,0.2333270411397122,0.03867396231429776,0.14660346931970136,-0.08607248973846415,0.6396426207809398,-0.0003795067002346775,0.6505162827640985,"{""XLB"": 0.11418732509188184, ""XLE"": 0.10522421197978314, ""XLF"": 0.10364361576494312, ""XLI"": 0.10791414573138434, ""XLK"": 0.11581706046719954, ""XLP"": 0.11335567171491058, ""XLU"": 0.11380664185873832, ""XLV"": 0.11193237644171089, ""XLY"": 0.11411895094944823}",-0.5236744903643886,-0.528477569868181,-0.17744014846783507,-0.17744014846783507,-0.17350834673889037,-0.17818314894049359,-0.3597751939390659,-0.3619073482974975,0.6512182990959551,False,-0.5623399078728941
sector_momentum_252_equal,Sector allocation,sector_rotation,long_rule,"Monthly top-3 legacy-sector 252d momentum, equal sizing.",ETF-only,2007-01-03,2021-12-31,14.988095238095237,0.0851161484707621,0.08216142645805613,0.1937473799243907,0.4152830205671678,-0.46032772624228413,0.12067962108928264,0.1849033712689358,-0.02971757367292358,-0.29019111994424507,0.37715165589301924,683,0.19110722735205438,5.45125544144415,0.025202343106236258,0.12695388042358768,-0.06744686101641895,0.4447385837193911,-0.010022475637316286,0.4618745035742653,"{""XLE"": 0.33224528572369927, ""XLF"": 0.33362232075353254, ""XLK"": 0.33413239352276813}",-0.4397935068024097,-0.46032772624228535,-0.21681723940915554,-0.21793916784410494,-0.19559626747912862,-0.19952968634080803,-0.3025317831001705,-0.3025975511896969,0.5434536902583993,False,-0.5637789237365529
sector_momentum_252_invvol,Sector allocation,sector_rotation,long_rule,"Monthly top-3 legacy-sector 252d momentum, invvol sizing.",ETF-only,2007-01-03,2021-12-31,14.988095238095237,0.08201255040112265,0.07872392753013169,0.18836782719559872,0.4068604751053823,-0.45738180905863957,0.11926049427796465,0.17930872801853837,-0.028929173005239384,-0.28687330285890844,0.375792912809791,838,0.19312938047395517,6.0865926289079,0.019956542319880644,0.12542778246635877,-0.07202974169138976,0.4377895433487756,-0.009951196369146098,0.46068308181096107,"{""XLE"": 0.2332776585703668, ""XLF"": 0.37236861024908585, ""XLK"": 0.39435373118054723}",-0.44898914324959416,-0.4573818090586429,-0.2090239590034052,-0.2102615772438573,-0.19102454334840924,-0.19383364054558028,-0.29803740222655695,-0.29803740222655695,0.5305669557084254,False,-0.5689822502245268
Cboe_SPX_BXM_proxy,External SPX option-index proxy,external_option_proxy,external_proxy,Cboe ^BXM total-return index proxy; SPX options make it ineligible for implementation.,External SPX option index; reference only,2007-01-03,2021-12-31,14.988095238095237,0.05454246197111323,0.05454246197111323,0.15453905664638173,0.29425564444606744,-0.4014429397446938,0.09225528624794707,0.13586603865994173,-0.02525955440336239,-0.2865467747505902,0.25914970660514736,1012,0.25330028825124606,,0.020203271036519643,0.07805401722066829,-0.06364851388790294,0.09463931171409662,-0.0051931476838913415,0.0726767275615568,{},-0.3888552483851233,-0.40144293974469447,-0.1461790358775651,-0.14713258622088732,-0.14869058981086647,-0.151443153023747,-0.30155054093152767,-0.3025742261180223,,False,-0.5887965136959339
SPY_buy_hold,Fixed allocation,static_equity,long_rule,Quarterly rebalanced fixed ETF weights: {'SPY': 1.0},ETF-only,2007-01-03,2021-12-31,14.988095238095237,0.1058511454569182,0.10581428273465576,0.2020024136476537,0.49663401055309353,-0.5518940436853627,0.13954977318117556,0.1917961367187076,-0.03152379660768668,-0.36794969794179055,0.3230772717957018,1223,0.2138423221662272,0.06668627560723213,0.022601386357133935,0.1650293793648172,-0.10524940596088395,0.7746525479814692,-0.015626400227561343,0.7764098490865766,"{""SPY"": 1.0}",-0.5476738607180403,-0.5518940436853619,-0.17838698850908852,-0.1789366665997445,-0.18922489743075532,-0.19203199715831698,-0.33400346819648297,-0.337172528469891,0.663852965094692,False,-0.5991333800624596
sector_momentum_126_equal,Sector allocation,sector_rotation,long_rule,"Monthly top-3 legacy-sector 126d momentum, equal sizing.",ETF-only,2007-01-03,2021-12-31,14.988095238095237,0.08778269830038865,0.08404138686683726,0.19015253384418387,0.43224988254653346,-0.5069339831549067,0.15113209936695354,0.17316396457399147,-0.029315680735630182,-0.3339501741631471,0.3910421125466066,1364,0.23486508591149458,6.887721490127871,0.002823852180365627,0.14832909722429788,-0.11683339250497504,0.6472534745201853,-0.037662242800902024,0.6540905480540111,"{""XLK"": 0.3313884882450261, ""XLV"": 0.34573847952825076, ""XLY"": 0.32287303222672326}",-0.4979619617090292,-0.5069339831549048,-0.11690741354244483,-0.1539308508789241,-0.14111542868784377,-0.14531525103602883,-0.31340384223997664,-0.3147684421316398,0.5691729764669547,False,-0.6414776953922793
SPY_put_50,Synthetic SPY option overlay,option_overlay,synthetic_proxy,"Synthetic SPY overlay: put ratio SPY_put_50, frozen VIX/Black-Scholes/skew model; quarterly puts and monthly calls where applicable.","SPY options; model-risk screen, not historical executable chains",2007-01-03,2021-12-31,14.98015873015873,0.07378213608171769,0.06775827668247247,0.150720641517047,0.41307955120719725,-0.4941714843875151,0.1527707370094483,0.1493047219694689,-0.022903890191145564,-0.33152448209425733,0.27078057119194066,1516,0.21817497431227323,,-0.017170991723074125,0.13897285860943853,-0.11717402827857426,0.4337748344370861,-0.04912865195383098,0.3700317965023847,{},-0.49020175328346005,-0.49417148438751546,-0.15781232186918337,-0.15829015877114228,-0.1266123446326538,-0.1290490816265908,-0.2287721888563513,-0.23239259506945342,0.5402759577506031,False,-0.6433808544974148
sector_momentum_126_invvol,Sector allocation,sector_rotation,long_rule,"Monthly top-3 legacy-sector 126d momentum, invvol sizing.",ETF-only,2007-01-03,2021-12-31,14.988095238095237,0.08453336955357238,0.08042553210915537,0.184965367254738,0.42323121852224216,-0.5023416657590828,0.1539925871473964,0.16827863447447658,-0.02846554695086461,-0.323071103305951,0.39212834888272363,1385,0.23672125363381114,7.587713090548613,-0.002861993827825149,0.14695547432434886,-0.11806562938130127,0.6446062210456651,-0.04002224786089781,0.6354249404289118,"{""XLK"": 0.2926850288981122, ""XLV"": 0.41735546052555816, ""XLY"": 0.28995951057632957}",-0.4939412016679119,-0.5023416657590809,-0.10257873273732843,-0.14265454401864952,-0.14152488952050168,-0.14450586997777115,-0.3149114851042064,-0.3154709745208121,0.555525081198972,False,-0.6493574171557367
ETF_RSP,Live smart-beta ETF,smart_beta_live,live_product_medium,"Buy-and-hold live ETF RSP, evaluated only from its actual inception through 2021.",ETF-only,2004-01-02,2021-12-31,17.984126984126984,0.10814664912648153,0.10811619940495087,0.2068313549744761,0.4992001977955537,-0.599227925776561,0.1292948230903051,0.18047665082753012,-0.03212396299523941,-0.4005537523114112,0.44612173817653367,896,0.18656691685682084,0.0,0.03593948993835028,0.15075449861823342,-0.20736224327878683,0.558909187185597,-0.09405676220743853,0.4977085242896425,"{""RSP"": 1.0}",-0.5886976050184094,-0.5915725521996413,-0.2141269347048138,-0.21489759425411759,-0.18820107940034503,-0.18820107940034503,-0.38809348575556213,-0.39025882575729787,,False,-0.6649925768768862
SPY_calm_VIX_95_85_put_spread,Synthetic SPY option overlay,option_overlay,synthetic_proxy,"Synthetic SPY overlay: put ratio SPY_calm_VIX_95_85_put_spread, frozen VIX/Black-Scholes/skew model; quarterly puts and monthly calls where applicable.","SPY options; model-risk screen, not historical executable chains",2007-01-03,2021-12-31,14.98015873015873,0.08904697371185866,0.0841248994238657,0.18469667640069035,0.44361105993386474,-0.5518940436853614,0.1407327978791832,0.16134795207651298,-0.028597226197403854,-0.36794969794179144,0.33114582949575033,1341,0.23413634702221364,,0.004408690104147128,0.14933033685345642,-0.11477813184596464,0.554635761589404,-0.01990069446646925,0.42527821939586646,{},-0.5476738607180407,-0.5518940436853622,-0.17838698850908907,-0.17893666659974505,-0.10095759174329955,-0.10314350118024085,-0.24432483409234518,-0.24782071919120097,0.5868562133845295,False,-0.6856788136858336
cross_asset_mom_252_top2,Cross-asset tactical,tactical_momentum,long_rule,Monthly top-2 252d cross-asset momentum with 12m SHY hurdle.,ETF-only,2007-01-03,2021-12-31,14.988095238095237,0.046017034412005,0.04291117554138446,0.15684304889165296,0.2492184525267002,-0.39494598909343104,0.15058909090982342,0.11651475311252979,-0.024202022078641586,-0.13350158068950524,0.19412163786646808,1328,0.1123893369211649,5.944514331535622,0.02817823309708123,0.05807048003828941,-0.04597779588049522,0.10622104566512243,-0.03008729133736443,0.06354249404289118,"{""DBC"": 0.49102891497838036, ""VNQ"": 0.5089710850216197}",-0.15468691802069334,-0.3669603779265971,-0.09287517342047225,-0.13653149150224364,-0.2108007721301547,-0.22448204523556947,0.015817573198861012,-0.13346799923089236,0.2974405374428623,False,-0.7078169692954087
ETF_VYM,Live smart-beta ETF,smart_beta_live,live_product_medium,"Buy-and-hold live ETF VYM, evaluated only from its actual inception through 2021.",ETF-only,2006-11-16,2021-12-31,15.107142857142858,0.08759607647465883,0.08756011102128025,0.19154466870706283,0.42758661141358567,-0.5698130466407825,0.140864326839572,0.15372774805888315,-0.0297722456359068,-0.3191989049913657,0.30078827456724055,1114,0.20424986802837253,0.0,0.023714536604851233,0.1301596538341352,-0.10823880140832076,0.6418741808650066,-0.009679975928017281,0.6346153846153846,"{""VYM"": 1.0}",-0.5669020581708489,-0.5698130466407824,-0.12901106533641227,-0.1446728414864884,-0.1453947934910652,-0.15403987675579678,-0.3450783416269645,-0.3461937626459789,,False,-0.7436929878789429
ETF_VMOT,Live smart-beta ETF,smart_beta_live,short_live_product,"Buy-and-hold live ETF VMOT, evaluated only from its actual inception through 2021.",ETF-only,2017-05-02,2021-12-31,4.670634920634921,0.024914161347277197,0.02480436550257581,0.14029360138758293,0.13620919063389456,-0.34713777085096387,0.16373174717331346,0.07177024063444123,-0.023012221773439027,-0.15641767405901796,0.17319045000377242,990,0.44559155697508485,0.0,,0.024914161347277197,-0.050899345160335674,0.0,,,"{""VMOT"": 1.0}",,,,,-0.1910321584842607,-0.1910321584842607,-0.20982115389341782,-0.21693453555555486,,False,-0.7734269774872221
SPY_put_100,Synthetic SPY option overlay,option_overlay,synthetic_proxy,"Synthetic SPY overlay: put ratio SPY_put_100, frozen VIX/Black-Scholes/skew model; quarterly puts and monthly calls where applicable.","SPY options; model-risk screen, not historical executable chains",2007-01-03,2021-12-31,14.98015873015873,0.03919235603991633,0.02740181982615586,0.11682471005730205,0.22362890404702276,-0.44435170066272656,0.21510423567155132,0.08820120634502591,-0.016866652269495984,-0.3026704572543989,0.2425385475461712,2644,0.2235245936086232,,-0.05818267617901429,0.10955975250653016,-0.13349395261349473,0.27549668874172184,-0.08703371338923704,0.14268680445151033,{},-0.4333989731941271,-0.4371951773904069,-0.13749241850007088,-0.13789173064612303,-0.06311517547261625,-0.06509822744030147,-0.12304817953754987,-0.12710804673088205,0.26325133861708283,False,-0.8086365292416018
SPY_95_85_put_spread,Synthetic SPY option overlay,option_overlay,synthetic_proxy,"Synthetic SPY overlay: put ratio SPY_95_85_put_spread, frozen VIX/Black-Scholes/skew model; quarterly puts and monthly calls where applicable.","SPY options; model-risk screen, not historical executable chains",2007-01-03,2021-12-31,14.98015873015873,0.05587419053805376,0.03946237591960955,0.15978748047862512,0.2977089108512954,-0.5037454910078742,0.16493789561995537,0.11091750007779298,-0.024261230203426642,-0.34028002212685593,0.24234400905674125,1748,0.23871622002021198,,-0.031885802607792946,0.11868593942576666,-0.12150304175191862,0.32814569536423843,-0.05922201795537185,0.16772655007949125,{},-0.4970826262072412,-0.5006716946176615,-0.17117029156444774,-0.17158795415608785,-0.09908939540567974,-0.10127984712891036,-0.2614779295607982,-0.2648944614487073,0.3648077657240326,False,-0.8197557149653564
ETF_QVAL,Live smart-beta ETF,smart_beta_live,short_live_product,"Buy-and-hold live ETF QVAL, evaluated only from its actual inception through 2021.",ETF-only,2014-10-22,2021-12-31,7.190476190476191,0.07396165194188353,0.07388802231701819,0.2227675510951414,0.3759883017217481,-0.5148940371260192,0.14595539238359392,0.1436444134306057,-0.03372354649489546,-0.17279916630258751,0.34399116522811757,785,0.2294027747537353,0.0,,0.07396165194188353,-0.12828818349084148,0.17786187322611163,-0.09598295384215305,0.2857142857142857,"{""QVAL"": 1.0}",,,,,-0.22966776998395577,-0.22966776998395577,-0.46659251747960917,-0.46766328355518516,,False,-0.8297490189108307
ETF_WTMF,Live alternative/trend ETF,managed_futures_live,live_product_medium,"Buy-and-hold live ETF WTMF, evaluated only from its actual inception through 2021.",ETF-only,2011-01-05,2021-12-31,10.98015873015873,-0.012799208621743219,-0.01284450163181683,0.06739244256382355,-0.30367356795361405,-0.30791804599194383,0.21212564369942497,-0.041566932462536114,-0.00993933023289386,-0.10899833908381695,0.09481773899069079,2687,0.20008822371052343,0.0,-0.0981739434902047,0.007092880102503418,-0.0778442338941916,0.0,-0.040980799533169465,0.0,"{""WTMF"": 1.0}",,,-0.03901557340081574,-0.06277031568100566,-0.012566609473081525,-0.03377055865701628,0.02539790315248669,-0.016920973233141123,,False,-0.9045930957510894
cross_asset_mom_126_top1,Cross-asset tactical,tactical_momentum,long_rule,Monthly top-1 126d cross-asset momentum with 12m SHY hurdle.,ETF-only,2007-01-03,2021-12-31,14.988095238095237,0.02785364807561419,0.02193875752758312,0.1986893370124325,0.14615892231023325,-0.41049509622253033,0.2301583132281276,0.0678537900499417,-0.03058795542237864,-0.20591064911908563,0.30059686882479286,1743,0.1567270970995211,11.536725680051159,0.050856120315609266,0.012812262043721656,-0.09538386566338253,0.01654533421575116,-0.08485723241956822,0.0,"{""SPY"": 1.0}",-0.07514386204893908,-0.30989523185739654,-0.026046923630836605,-0.15369194257556817,-0.16621762974104004,-0.16621762974104004,-0.011160921113323119,-0.15727649308109026,0.175942604876907,False,-1.0390277825972016
cross_asset_mom_252_top1,Cross-asset tactical,tactical_momentum,long_rule,Monthly top-1 252d cross-asset momentum with 12m SHY hurdle.,ETF-only,2007-01-03,2021-12-31,14.988095238095237,0.04470479012455031,0.040843489510187014,0.20390059304580552,0.22636655971285913,-0.5341091422602251,0.22901309671404904,0.08369972836519907,-0.03165752425079189,-0.23162690555999144,0.3161112453788275,1391,0.12133673937987105,7.402176592402767,0.04334324608276274,0.04561267110562328,-0.12074336285775544,0.3017868960953011,-0.053852246520167735,0.1926131850675139,"{""DBC"": 1.0}",-0.29524821334338236,-0.4816967889292102,0.012168772211827328,-0.15369194257556829,-0.18922489743075543,-0.1920319971583171,0.14226450614909858,-0.15727649308109004,0.26753865540006605,False,-1.1164962234896905
ETF_TAIL,Live protection ETF,protection_live,short_live_product,"Buy-and-hold live ETF TAIL, evaluated only from its actual inception through 2021.",ETF-only,2017-04-06,2021-12-31,4.738095238095238,-0.05921072871089583,-0.05931027649310583,0.14275474198784324,-0.4770437713234343,-0.28309229319109164,0.1704817827240253,-0.20915697860742427,-0.019294251925549632,-0.14273468856208205,0.0691541519918506,731,0.40638868368605796,0.0,,-0.05921072871089583,-0.09263494726387411,0.0,,,"{""TAIL"": 1.0}",,,,,0.2340747571911168,-0.07202621194103875,0.2811058156931634,-0.04244916502316254,,False,-1.3552752502331602
