strategy,family,independence_group,evidence,description,implementation_note,start,end,years,cagr,stress_cagr,annual_vol,excess_shy_sharpe,max_drawdown,ulcer_index,calmar,cvar_5pct_daily,worst_calendar_year,best_calendar_year,largest_year_abs_excess_share,annual_turnover,cagr_2007_2012,cagr_2013_2021,rolling_3y_min,rolling_3y_target_share,rolling_5y_min,rolling_5y_target_share,latest_weights,GFC_return,GFC_maxdd,2011_euro_US_downgrade_return,2011_euro_US_downgrade_maxdd,2018_Q4_return,2018_Q4_maxdd,COVID_crash_return,COVID_crash_maxdd,deflated_sharpe_probability,target_gate,selection_score,max_underwater_days,max_trough_to_recovery_days,max_5pct_trough_to_recovery_days,median_5pct_trough_to_recovery_days,share_5pct_recovered_within_20d,n_5pct_drawdowns,n_unrecovered_5pct_drawdowns
sector_low_ulcer_positive_trend,Sector allocation,sector_ulcer,long_rule,Monthly four lowest 252d-Ulcer sectors with positive return and 200d trend; residual SHY.,ETF-only,2007-01-03,2021-12-31,14.988095238095235,0.1019239704455556,0.0994952852148929,0.1249427187792114,0.6761822233013124,-0.163746592025946,0.0648164659176996,0.622449415187863,-0.0197629939397545,-0.1048933252467591,0.4179358218880411,0.1947605534031862,4.411431073098002,0.0445514127654698,0.141876615368421,-0.0341590307987393,0.4913964262078094,0.0161596452658752,0.6600476568705321,"{""XLF"": 0.24340753298020237, ""XLK"": 0.2437796770085743, ""XLP"": 0.2584768131787582, ""XLV"": 0.254335976832465}",-0.1208991395970058,-0.159621184008506,-0.0826328749378271,-0.1338822440890327,-0.1281275260629266,-0.1310771477165035,-0.122754164691173,-0.1238046967973174,0.8651534035871128,True,0.3979158925943292,573,352,352,31.0,0.3684210526315789,19,0
QQQ_vol_target_12,Equity P&L control,pnl_vol,long_rule,Weekly unlevered QQQ 63d volatility target 12%; residual SHY.,ETF-only,2007-01-03,2021-12-31,14.988095238095235,0.1136297147147527,0.1121266309783304,0.1290330020441577,0.7347162942356299,-0.2171869836213343,0.0636400606008503,0.5231884195825758,-0.0201278522828432,-0.1554118894246412,0.3272592183797662,0.1544131838868382,2.70112321239532,0.0705457213801616,0.1432848783280462,0.0176607845421157,0.6965585704831238,0.0436472838060602,0.7525814138204925,"{""QQQ"": 0.6221740163187963, ""SHY"": 0.3778259836812038}",-0.1996699791880894,-0.2171869836213341,-0.0796846325178246,-0.1072950903696694,-0.1415102686849343,-0.142967836091012,-0.1831456468092427,-0.1940856862688902,0.9073852548840148,True,0.3317071775406482,515,230,230,55.0,0.25,20,0
sector_downside_trend,Sector allocation,sector_downside,long_rule,"Monthly sectors above 200d MA, inverse 126d downside deviation, 25% cap; residual SHY.",ETF-only,2007-01-03,2021-12-31,14.988095238095235,0.0999716173753286,0.097636239947511,0.128995385954895,0.6441837285317951,-0.219678194748596,0.0676853253947657,0.4550821144981554,-0.020618826355646,-0.1365162321017569,0.3195751304762784,0.1480404409095351,4.24961350842926,0.0480490584728849,0.135975695114445,-0.0221221604591534,0.3977498345466578,0.0155772571498811,0.5524225575853853,"{""XLB"": 0.1179811881912434, ""XLE"": 0.06355981665380876, ""XLF"": 0.09650049091789772, ""XLK"": 0.131102886459558, ""XLP"": 0.17032767034439794, ""XLU"": 0.12834751159155425, ""XLV"": 0.16931980354719808, ""XLY"": 0.12286063229434172}",-0.1374634727292567,-0.1878665289918175,-0.1030258979239949,-0.1473279884537236,-0.1037340814805326,-0.1074390682385314,-0.1268896544807537,-0.1278700928480087,0.8368766909760633,True,0.2061712958522111,519,256,256,26.0,0.3684210526315789,19,0
cross_asset_mom_126_top3,Cross-asset tactical,tactical_momentum,long_rule,Monthly top-3 126d cross-asset momentum with 12m SHY hurdle.,ETF-only,2007-01-03,2021-12-31,14.988095238095235,0.1020791899631805,0.098922813287203,0.1260317686429465,0.692352002151516,-0.2214995010619955,0.0737717448535888,0.4608551688548029,-0.0191075325557379,-0.1210602921826989,0.2919975646840624,0.1552458360894262,5.73424207429312,0.1308734157381066,0.0833079439115034,0.0030121250086625,0.3759099933818663,0.0039495077561595,0.3220810166799047,"{""DBC"": 0.33115927083914554, ""SPY"": 0.32558091644414416, ""VNQ"": 0.3432598127167104}",0.1474120031835875,-0.1643371016791468,0.0722193630290615,-0.0474095126064391,-0.2005830572251659,-0.2043674587203366,-0.067297774189752,-0.1206223428209083,0.8791151591548012,True,0.2056451764518853,727,499,499,47.0,0.21428571428571427,14,0
SPY_trend_150d,Equity P&L control,pnl_trend,long_rule,Weekly SPY above 150d moving average; otherwise SHY.,ETF-only,2007-01-03,2021-12-31,14.988095238095235,0.0916373046328731,0.0874211149724419,0.1202399225654739,0.6255647432298803,-0.2089469365762324,0.0795725627234342,0.4385673517612931,-0.019938079745735,-0.1142757052669661,0.3230772717957035,0.1472563091893006,7.735607970438928,0.0390791485479968,0.1281120988040693,-0.0012984080418472,0.3636664460622104,0.0125235568510295,0.2180301826846703,"{""SPY"": 1.0}",-0.1041015536133921,-0.1543168855412116,-0.0405455151734246,-0.0440534260511678,-0.1016075087190658,-0.1108349507179995,-0.0720702783824031,-0.1243718931097145,0.8182571816929167,True,0.1676627156601718,540,381,381,49.0,0.23529411764705882,17,0
SPY_trend_100d,Equity P&L control,pnl_trend,long_rule,Weekly SPY above 100d moving average; otherwise SHY.,ETF-only,2007-01-03,2021-12-31,14.988095238095235,0.0904721578032923,0.0856808235415285,0.1182270638848995,0.6253317440405888,-0.2324282128387561,0.0840617435560092,0.3892477453503294,-0.0195264708063993,-0.1571225078365419,0.3470398620477972,0.1436988297246473,8.802588380154642,0.0687624218476534,0.1051766884773042,-0.0233702173645743,0.4473858371939113,0.0083348529317819,0.3530579825258141,"{""SPY"": 1.0}",-0.1401738877316962,-0.1855979151729735,-0.0405455151734244,-0.0440534260511676,-0.0469723486708779,-0.067048243326133,-0.0720702783824029,-0.1243718931097144,0.8182132528424875,True,0.0945928010303021,607,408,408,72.0,0.25,16,0
SPY_trend_250d,Equity P&L control,pnl_trend,long_rule,Weekly SPY above 250d moving average; otherwise SHY.,ETF-only,2007-01-03,2021-12-31,14.988095238095235,0.0905854315864016,0.0881142769680471,0.1243273497947243,0.600697920127994,-0.2444819660483079,0.0901766484064839,0.3705198917146411,-0.0207036922072458,-0.1696852023493589,0.3230772717957051,0.1346913113337394,4.534666741291786,0.031629874542925,0.1317122521101403,-0.0251929745538259,0.2703507610853739,-0.0049497956142779,0.2188244638602065,"{""SPY"": 1.0}",-0.0538625518524583,-0.1118863441576143,-0.1655039000039602,-0.1668412862817649,-0.1622834158056828,-0.1691714419712807,-0.0720702783824028,-0.1243718931097144,0.7915436702288425,True,0.0561463013348709,761,400,400,35.0,0.3333333333333333,15,0
ETF_SWAN,Live protection ETF,protection_live,short_live_product,"Buy-and-hold live ETF SWAN, evaluated only from its actual inception through 2021.",ETF-only,2018-11-06,2021-12-31,3.1507936507936507,0.1448860047912261,0.1447078292272627,0.1337026699571825,0.9143411480213652,-0.1278241123728329,0.0241509025864947,1.1334794515813076,-0.0170819754800782,-0.0227628770134702,0.2203451172389703,0.3875144111360294,0.0,,0.1448860047912261,0.1410408095319086,1.0,,,"{""SWAN"": 1.0}",,,,,,,-0.0777887116106064,-0.1278241123728329,,False,0.9596688159283512,82,57,57,36.0,0.2,5,0
ETF_KMLM,Live alternative/trend ETF,managed_futures_live,short_live_product,"Buy-and-hold live ETF KMLM, evaluated only from its actual inception through 2021.",ETF-only,2020-12-02,2021-12-31,1.0833333333333333,0.1173186719811083,0.1168095201456491,0.1488556219345951,0.8483236746996923,-0.0910615198767507,0.0431951451263516,1.288345199376158,-0.0215197280440157,0.0535253115169378,0.0704018153889107,0.5950203242811095,0.0,,0.1173186719811083,,,,,"{""KMLM"": 1.0}",,,,,,,,,,False,0.8999156307593379,162,116,116,68.5,0.0,2,1
credit_canary_equity_allocation,Macro-conditioned allocation,credit_regime,long_rule,Weekly SPY/QQQ only when HYG/IEF and SPY trends are positive; otherwise IEF/GLD/SHY.,ETF-only,2008-01-28,2021-12-31,13.924603174603174,0.1151336225210772,0.1110433228103491,0.1110578380218038,0.9201217961300427,-0.12900122109732,0.0444644759964748,0.8925002534217806,-0.0173271470292565,-0.0187921231749357,0.3340674206794429,0.2003513944121398,7.345968322098944,0.0874899345819648,0.1305753259131366,0.0243527149610029,0.6535947712418301,0.0763184947272836,0.7044444444444444,"{""QQQ"": 0.24827508929830366, ""SPY"": 0.7517249107016963}",,,0.010416031606893,-0.039344180091995,-0.102838422001976,-0.1277377643547024,-0.0342614696650362,-0.0720333600598459,0.9745328264387896,False,0.7096137096295756,453,295,295,28.0,0.375,16,0
ETF_RPAR,Live risk-parity ETF,risk_parity_live,short_live_product,"Buy-and-hold live ETF RPAR, evaluated only from its actual inception through 2021.",ETF-only,2019-12-13,2021-12-31,2.0515873015873014,0.1300456357922947,0.1297723111542952,0.1227431010264639,0.964293352006854,-0.1982108613356713,0.0331339249286708,0.6560974253174838,-0.0186424971600669,0.0006394070812072,0.1940026185787626,0.6432985892504206,0.0,,0.1300456357922947,,,,,"{""RPAR"": 1.0}",,,,,,,-0.1355487647225567,-0.1982108613356715,,False,0.5648975173754786,90,57,57,51.0,0.3333333333333333,3,0
ETF_DBMF,Live alternative/trend ETF,managed_futures_live,short_live_product,"Buy-and-hold live ETF DBMF, evaluated only from its actual inception through 2021.",ETF-only,2019-05-08,2021-12-31,2.6587301587301586,0.0893375929624464,0.0891327128003833,0.1260715384398599,0.6095263723057153,-0.1042777819420973,0.0421878463381766,0.8567270160392675,-0.0201878602183243,0.018011409994417,0.1149239687506744,0.5598282155123178,0.0,,0.0893375929624464,,,,,"{""DBMF"": 1.0}",,,,,,,-0.0593415276848986,-0.1042777819420975,,False,0.5359758679038817,243,225,225,72.0,0.0,4,1
ETF_UJAN,Live protection ETF,protection_live,short_live_product,"Buy-and-hold live ETF UJAN, evaluated only from its actual inception through 2021.",ETF-only,2019-01-03,2021-12-31,3.0,0.0806326048574841,0.0804547269457731,0.0762408054204212,0.7756680590565969,-0.136923597695928,0.023294112243376,0.5888875709835522,-0.0124996882709466,0.0579035517820243,0.1109622289943073,0.4077865789460873,0.0,,0.0806326048574841,0.0806326048574841,0.0,,,"{""UJAN"": 1.0}",,,,,,,-0.1317069789018295,-0.1369235976959283,,False,0.4172364462229413,116,95,95,95.0,0.0,1,0
all_weather_sleeve_trend_200,All weather / risk balance,all_weather_trend,long_rule,Fixed all-weather sleeve budgets; failed 200d trend moves to SHY.,ETF-only,2007-01-03,2021-12-31,14.988095238095235,0.0695219379955724,0.0677757651322954,0.0661219953708825,0.822815497394087,-0.1148727114084697,0.0296033926559337,0.6052084706903377,-0.0094446462032707,-0.0443815214021174,0.1760050502631633,0.1189217491490104,3.266954077447572,0.0813466716845179,0.061717572370888,0.014453710510603,0.0327597617471872,0.0285633326167258,0.0,"{""DBC"": 0.07979846255709129, ""IEF"": 0.14725223458107342, ""SHY"": 0.07398737375800044, ""SPY"": 0.31381705249364705, ""TLT"": 0.3851448766101878}",0.1574481413657675,-0.0751447754464419,0.0908203317897862,-0.0312265779237792,-0.0624758960564477,-0.0624758960564477,0.0414233181064787,-0.0833416786089095,0.9537677255013418,False,0.4010088059009223,374,245,245,131.0,0.2,5,0
ETF_NTSX,Live capital-efficient ETF,capital_efficiency_live,short_live_product,"Buy-and-hold live ETF NTSX, evaluated only from its actual inception through 2021.",ETF-only,2018-08-02,2021-12-31,3.4166666666666665,0.1954506416212571,0.1952764126943769,0.1895812330178931,0.915339725822093,-0.2832700103948578,0.0502977521882499,0.6899799994669862,-0.0289685284168629,-0.0874272718435786,0.32150363566111,0.3265748108792517,0.0,,0.1954506416212571,0.1787303829275099,1.0,,,"{""NTSX"": 1.0}",,,,,-0.1589865170643596,-0.1628907848290036,-0.2807630690876098,-0.2832700103948578,,False,0.3794874263224844,123,76,76,38.0,0.0,5,0
retail_all_weather_fixed,Fixed allocation,all_weather_static,long_rule,"Quarterly rebalanced fixed ETF weights: {'SPY': 0.3, 'TLT': 0.4, 'IEF': 0.15, 'GLD': 0.075, 'DBC': 0.075}",ETF-only,2007-01-03,2021-12-31,14.988095238095235,0.0815483506763117,0.0813999514249705,0.0754507440272338,0.86039121270126,-0.1516816305591578,0.034584100624237,0.5376283889861455,-0.0108269960856575,-0.0266006087594363,0.1918049699139086,0.1361600437849658,0.2744495483301611,0.0877233260676788,0.0774547955779949,0.023526695462261,0.300794176042356,0.041048309174565,0.1544876886417792,"{""DBC"": 0.0731205743969733, ""GLD"": 0.07474435629918025, ""IEF"": 0.14350119417481652, ""SPY"": 0.3159349414113813, ""TLT"": 0.39269893371764863}",-0.0851580122042126,-0.151681630559157,0.0765869119227722,-0.0293792592458099,-0.0427916862427608,-0.0456475136786426,-0.05128433507342,-0.1359190864597784,0.9649215542285134,False,0.3644599629280003,376,254,254,55.0,0.0,8,0
all_weather_inverse_vol_63,All weather / risk balance,all_weather_dynamic,long_rule,"Monthly inverse-vol across stock, Treasury, gold, commodity sleeves; 63d risk.",ETF-only,2007-01-03,2021-12-31,14.988095238095235,0.0632320106482875,0.0627296979728682,0.0652372691271354,0.7341104293791273,-0.1115630126925528,0.0318635435224532,0.5667829249335828,-0.0093337598700528,-0.0565885220248921,0.1568070162727781,0.1314552497103509,0.9450960625347854,0.1003493134879489,0.0392063361865335,-0.0265012919468194,0.1783587028457975,0.0025992272875052,0.0814138204924543,"{""DBC"": 0.12042725472840785, ""GLD"": 0.17867560046097486, ""IEF"": 0.36853866448860817, ""SPY"": 0.19296864628776966, ""TLT"": 0.13938983403423946}",0.0771638347058685,-0.1115630126925523,0.0345720967910263,-0.0431861706853261,-0.0121733504738689,-0.0310327100955634,-0.0573203013132272,-0.1087612707741104,0.9089399530002245,False,0.3429025095875966,585,397,397,98.0,0.0,7,0
all_weather_vol_target_12,All weather / risk balance,all_weather_vol,long_rule,Monthly unlevered fixed all-weather portfolio scaled to 12% vol; residual SHY.,ETF-only,2007-01-03,2021-12-31,14.988095238095235,0.0772308105510488,0.0769072507079553,0.0724299334728783,0.8366567816171816,-0.1531032554232799,0.0356187963812477,0.5044361097190988,-0.0103679714438325,-0.0369670541796761,0.188204479759678,0.1237750257512369,0.6008036842414468,0.0848075175564448,0.0722135145759381,0.0247733326997268,0.2253474520185307,0.0417302107195955,0.0961080222398729,"{""DBC"": 0.07961469785109083, ""GLD"": 0.07611985140933782, ""IEF"": 0.14691313326597802, ""SPY"": 0.3130943756833242, ""TLT"": 0.3842579417902692}",-0.0829883890036198,-0.1531032554232818,0.0643555632981209,-0.0259677468424497,-0.0455209879181791,-0.0482859214016299,-0.0654190535486942,-0.138217586082168,0.956775680503416,False,0.3235227503479027,376,266,266,70.0,0.0,8,0
all_weather_vol_target_10,All weather / risk balance,all_weather_vol,long_rule,Monthly unlevered fixed all-weather portfolio scaled to 10% vol; residual SHY.,ETF-only,2007-01-03,2021-12-31,14.988095238095235,0.0757835281921466,0.075433354317566,0.0711559840221462,0.8317309797304607,-0.1531032554232799,0.0364039672987379,0.4949831274497082,-0.010236024634089,-0.0469237291229402,0.1882044797596769,0.1237098554690421,0.6510926056635459,0.0828487695346764,0.0711031199461422,0.0247733326997268,0.2107875579086697,0.0417302107195951,0.0873709293089753,"{""DBC"": 0.07961469785109083, ""GLD"": 0.07611985140933784, ""IEF"": 0.14691313326597802, ""SPY"": 0.3130943756833242, ""TLT"": 0.38425794179026923}",-0.0793054629708445,-0.1531032554232818,0.0643555632981209,-0.0259677468424501,-0.0455209879181797,-0.0482859214016302,-0.0654190535486937,-0.1382175860821678,0.9547436499942292,False,0.311597694386319,383,273,273,71.5,0.0,8,0
sector_downside_vol_budget,Sector allocation,sector_downside,long_rule,Downside/trend sectors scaled to 8% downside-vol budget; 50% cap below SPY 200d MA.,ETF-only,2007-01-03,2021-12-31,14.988095238095235,0.0814319600599424,0.0794518304607776,0.1038303987912188,0.612470246622564,-0.14808608657189,0.0539954480157047,0.5498960904771456,-0.016657094346457,-0.0806126513004675,0.309247364553866,0.1820606899348173,3.6649561397224777,0.0489809860216201,0.1036019884141659,0.0052850814688145,0.2273328921244209,0.0170048564609737,0.3292295472597299,"{""XLB"": 0.11798118819124341, ""XLE"": 0.06355981665380876, ""XLF"": 0.09650049091789774, ""XLK"": 0.131102886459558, ""XLP"": 0.170327670344398, ""XLU"": 0.12834751159155425, ""XLV"": 0.16931980354719814, ""XLY"": 0.12286063229434169}",-0.0395033081622618,-0.081752561411317,-0.0864246108650848,-0.1426908718654774,-0.1173576382825265,-0.1210063079403148,-0.0966673038416302,-0.1205278183628182,0.805034753992064,False,0.3056549272457916,481,274,274,33.0,0.2857142857142857,14,0
all_weather_inverse_vol_126,All weather / risk balance,all_weather_dynamic,long_rule,"Monthly inverse-vol across stock, Treasury, gold, commodity sleeves; 126d risk.",ETF-only,2007-01-03,2021-12-31,14.988095238095235,0.0623551793231413,0.0620443831103545,0.0654892648900673,0.7185428015229978,-0.1183378232709909,0.0335787056077583,0.5269251841851901,-0.0093589422474191,-0.0580016197775816,0.1501217291609304,0.1258391648639887,0.5852171207719419,0.097921573677852,0.0393067904570765,-0.0282172332180171,0.1631369953673064,0.0037001527746001,0.0802223987291501,"{""DBC"": 0.11345294881161916, ""GLD"": 0.16390538498940027, ""IEF"": 0.3759534009616626, ""SPY"": 0.2039643974063341, ""TLT"": 0.14272386783098406}",0.0716317616217308,-0.1183378232709907,0.041081481975923,-0.0385675278237563,-0.0133852828519845,-0.0308146592216396,-0.0590536986458825,-0.1109035270942911,0.8985984741161708,False,0.305356395351333,926,178,178,58.0,0.0,7,0
all_weather_inverse_vol_126_cap35,All weather / risk balance,all_weather_dynamic,long_rule,Monthly 126d inverse-vol all-weather with 35% sleeve cap; residual SHY.,ETF-only,2007-01-03,2021-12-31,14.988095238095235,0.0652727944447701,0.064979226820222,0.0674596149383228,0.7372367263542783,-0.1260532652937742,0.0339561147934382,0.5178191480613236,-0.0096620927782175,-0.0589718170440164,0.1528343253762754,0.1215217960036139,0.5512441761281112,0.0982407568763032,0.0438645293601842,-0.0293282244855079,0.1826604897418927,0.004837757042351,0.0802223987291501,"{""DBC"": 0.11980226254123758, ""GLD"": 0.17307823348890972, ""IEF"": 0.3410290761142331, ""SPY"": 0.21537912009420088, ""TLT"": 0.1507113077614189}",0.0588808897974137,-0.1260532652937744,0.0388485233173732,-0.0404708414863239,-0.0183112343247856,-0.03367541745367,-0.0607855230249049,-0.1122229446800698,0.9106697535838878,False,0.3035572304285835,925,178,178,78.0,0.0,8,0
ETF_USMV,Live smart-beta ETF,smart_beta_live,live_product_medium,"Buy-and-hold live ETF USMV, evaluated only from its actual inception through 2021.",ETF-only,2011-10-20,2021-12-31,10.186507936507937,0.1429600787403719,0.1429046148277555,0.1375731201032574,0.9584577853667144,-0.3309887097378013,0.0402159244029347,0.4319182936892934,-0.0203089409285448,0.0133511888531745,0.2768523787403631,0.1749319668074911,0.0,0.1414066817899149,0.1431658034968601,0.0104142900388584,0.9260485651214128,0.0423363097034183,0.9571865443425076,"{""USMV"": 1.0}",,,,,-0.1226621944795155,-0.1228158914225872,-0.3305084103531671,-0.3305084103531671,,False,0.2799053685027103,226,202,202,37.0,0.18181818181818182,11,0
QQQ_vol_target_15,Equity P&L control,pnl_vol,long_rule,Weekly unlevered QQQ 63d volatility target 15%; residual SHY.,ETF-only,2007-01-03,2021-12-31,14.988095238095235,0.133052182953042,0.1319546717553656,0.1517705938367543,0.7579241870637957,-0.2809605906173811,0.0781152269587201,0.4735617285708075,-0.0233903947149973,-0.2053728062153088,0.3651985697530868,0.141020446753551,1.938105791966117,0.0825387669188175,0.167999253892719,0.015085914301494,0.8596955658504302,0.0493480104691603,0.8566322478157268,"{""QQQ"": 0.7794763469239855, ""SHY"": 0.22052365307601446}",-0.2615035025637534,-0.2809605906173819,-0.1015974805687798,-0.1342134641069019,-0.1620003659470372,-0.1637106269951237,-0.2134248466480223,-0.2243779369154108,0.9213246216473056,False,0.273996474918535,541,207,207,37.0,0.20833333333333334,24,1
QQQ_60_IEF_40,Fixed allocation,balanced_growth,long_rule,"Quarterly rebalanced fixed ETF weights: {'QQQ': 0.6, 'IEF': 0.4}",ETF-only,2007-01-03,2021-12-31,14.988095238095235,0.126725426192527,0.1265870519694765,0.1201858000633426,0.8779749611528569,-0.3054915278508915,0.0607140072835276,0.4148246829757613,-0.0180924812749759,-0.208474451446853,0.3487257431285695,0.1405905816724339,0.2456340232543548,0.0891294546233238,0.1524846617534119,0.0270690404230333,0.7845797485109199,0.0688603307366118,0.8423351866560762,"{""IEF"": 0.37540025976912716, ""QQQ"": 0.6245997402308728}",-0.2859756934481098,-0.305491527850891,-0.0396260641895788,-0.0736594316986071,-0.1223479682530004,-0.1225941244940512,-0.1424555079603987,-0.1525119022407893,0.9701287858430956,False,0.2465631648948455,590,324,324,33.0,0.23529411764705882,17,0
all_weather_sleeve_trend_100,All weather / risk balance,all_weather_trend,long_rule,Fixed all-weather sleeve budgets; failed 100d trend moves to SHY.,ETF-only,2007-01-03,2021-12-31,14.988095238095235,0.0567389009211889,0.0538289742334137,0.064376440621924,0.6468340511287718,-0.1213575589088796,0.0351926323132577,0.4675349556412129,-0.0093263569567165,-0.0672666599749526,0.1727820020212056,0.182630192993278,5.512969592636737,0.0664257785629538,0.0503355527176483,5.615782669110558e-06,0.0704831237590999,0.0191065956520828,0.0,"{""SHY"": 0.2974631588827703, ""SPY"": 0.31542210178782837, ""TLT"": 0.38711473932940127}",0.0466931730514166,-0.0751447754464414,0.1118756732442971,-0.0312265779237792,-0.0142989584254111,-0.0338614861807928,0.041423318106478,-0.0833416786089095,0.8417035967943283,False,0.2408029196067267,654,412,412,83.5,0.16666666666666666,6,0
SPY_fast_exit_slow_reentry,Equity P&L control,pnl_hysteresis,long_rule,Weekly SPY exit on 200d/VIX failure; re-enter after four consecutive good weeks.,ETF-only,2007-01-03,2021-12-31,14.988095238095235,0.086561724944175,0.0844614017623803,0.110617061700469,0.6284382577624535,-0.1771672706597351,0.0638627279157285,0.4885875626002288,-0.0187672132748594,-0.0982016990410317,0.3230772717957029,0.1830366266480343,3.867803985219464,0.0704237171469206,0.0974456802337118,0.0106631130240151,0.2948378557246856,0.0306751877399822,0.2736298649722001,"{""SHY"": 1.0}",-0.0086996783930692,-0.0853889725510252,-0.1655039000039605,-0.1668412862817653,-0.0855634216030089,-0.0982215730955629,-0.0720702783824032,-0.1243718931097144,0.819691814329494,False,0.237177793717323,591,406,406,48.0,0.23529411764705882,17,0
all_weather_inverse_vol_252,All weather / risk balance,all_weather_dynamic,long_rule,"Monthly inverse-vol across stock, Treasury, gold, commodity sleeves; 252d risk.",ETF-only,2007-01-03,2021-12-31,14.988095238095235,0.059081203615344,0.0587818506387221,0.0656179354502763,0.6683986479717154,-0.1300094735662322,0.034527055169422,0.4544376805375313,-0.009437435026594,-0.0530043045234135,0.143640633477303,0.123808970808587,0.5653280291473313,0.0867382266316945,0.0410511206925914,-0.0280331234873704,0.1396426207809397,0.0043285926106173,0.0039714058776806,"{""DBC"": 0.11687846043334506, ""GLD"": 0.1532981704342231, ""IEF"": 0.39969817463422613, ""SPY"": 0.18038923055117068, ""TLT"": 0.14973596394703503}",0.0442568483799217,-0.1300094735662323,0.0321894815456007,-0.0396032887433518,-0.0150004774457589,-0.0307402510783577,-0.0537267782111078,-0.1094568711812404,0.8603716282702398,False,0.2311917057146547,478,290,290,139.0,0.0,6,0
ETF_QUAL,Live smart-beta ETF,smart_beta_live,live_product_medium,"Buy-and-hold live ETF QUAL, evaluated only from its actual inception through 2021.",ETF-only,2013-07-18,2021-12-31,8.456349206349206,0.1523275907944645,0.1522588730318466,0.1677873178072605,0.8497735963002596,-0.3405674276529385,0.0466889335632844,0.4472758650005037,-0.0257946695592621,-0.0570505292038746,0.3389380389888914,0.2062618069911452,0.0,,0.1523275907944645,0.0003492483877043,0.8670058139534884,0.0299500074049148,0.8761467889908257,"{""QUAL"": 1.0}",,,,,-0.2001365510413735,-0.2037487645728082,-0.3383630465895398,-0.3405674276529388,,False,0.2086051195416546,141,133,133,37.5,0.4166666666666667,12,0
sector_defensive_upside_barbell,Sector allocation,sector_barbell,long_rule,50% defensive inverse-downside sleeve plus trend-eligible top cyclical sectors; residual SHY.,ETF-only,2007-01-03,2021-12-31,14.988095238095235,0.1103120343971992,0.1085418319887165,0.1365883780964319,0.6803401479799771,-0.2535281625053878,0.0639617042111048,0.4351076160813298,-0.021077428421878,-0.1548282556798933,0.3379470317989066,0.1590229149498326,3.1903747612285205,0.0633082257706629,0.1427675871690112,-0.0020631605247958,0.5777630708140304,0.0340343722406339,0.6572676727561557,"{""XLE"": 0.16249945301603372, ""XLK"": 0.16342242769259846, ""XLP"": 0.1873824776929284, ""XLU"": 0.14119887085356528, ""XLV"": 0.18627369379855654, ""XLY"": 0.1592230769463177}",-0.2305781790529023,-0.2535281625053862,-0.1019035321097079,-0.1602160249855745,-0.0814896430900983,-0.0845073950665602,-0.2240622018883696,-0.2252750207127392,0.8689395720304536,False,0.1976872070540629,510,226,226,23.0,0.4090909090909091,22,0
ETF_MTUM,Live smart-beta ETF,smart_beta_live,live_product_medium,"Buy-and-hold live ETF MTUM, evaluated only from its actual inception through 2021.",ETF-only,2013-04-18,2021-12-31,8.706349206349206,0.1710969079819602,0.1710296040978032,0.1896201202109712,0.8627802423516282,-0.3408229679132286,0.0508185630530062,0.5020110851963486,-0.029428612774148,-0.0167346181043925,0.3749605611500106,0.2344325219354207,0.0,,0.1710969079819602,0.0465416521232364,0.980542043085476,0.0590254426165339,0.9871657754010696,"{""MTUM"": 1.0}",,,,,-0.2171727522930894,-0.2212302573091279,-0.3392805451465718,-0.3408229679132284,,False,0.1924865142488727,177,120,120,53.0,0.3125,16,1
GTAA_trend_100,Cross-asset tactical,tactical_trend,long_rule,Monthly equal sleeve GTAA; each asset below 100d MA moves to SHY.,ETF-only,2007-01-03,2021-12-31,14.988095238095235,0.0476675019194059,0.0449783490528772,0.0725334168140341,0.4261862473726076,-0.1066996052013504,0.0380286386205077,0.4467448762294261,-0.0111481250726936,-0.055473259355903,0.1789125453000406,0.2005212667756596,5.138695454981237,0.0674239256720401,0.0347114877250884,-0.0215009362998425,0.0344142951687624,-0.0022443573364603,0.0,"{""SHY"": 0.6131684900071807, ""SPY"": 0.13003754454470468, ""TLT"": 0.11969544114251715, ""VNQ"": 0.1370985243055975}",-0.0041232054712365,-0.106699605201351,0.0110226168049323,-0.0296906235147277,-0.0326560668067238,-0.0353393766066897,-0.0019429474757701,-0.0448386965984616,0.5600604509437929,False,0.174910441511819,588,344,344,216.0,0.0,7,0
ETF_OMFL,Live smart-beta ETF,smart_beta_live,short_live_product,"Buy-and-hold live ETF OMFL, evaluated only from its actual inception through 2021.",ETF-only,2017-11-10,2021-12-31,4.134920634920635,0.2038955242338329,0.2037497302139648,0.2312875827195648,0.8347636270240263,-0.33241950855056,0.0624318210363148,0.6133681056291588,-0.0337973497854812,-0.0254802625236169,0.3557872706779921,0.3479543527028901,0.0,,0.2038955242338329,0.1336267110960172,1.0,,,"{""OMFL"": 1.0}",,,,,-0.1739431721071556,-0.1818802745754842,-0.3239348008222289,-0.3279847564542432,,False,0.1740216845717531,121,105,105,19.0,0.5454545454545454,11,0
GTAA_trend_200,Cross-asset tactical,tactical_trend,long_rule,Monthly equal sleeve GTAA; each asset below 200d MA moves to SHY.,ETF-only,2007-01-03,2021-12-31,14.988095238095235,0.052371594928066,0.0505984377693333,0.074039446102337,0.4773919125829459,-0.1237675975151295,0.040072802109313,0.4231446354257955,-0.0113697610180879,-0.0387327835437542,0.1574289390335994,0.146407333543079,3.371789958394585,0.0604049680346452,0.0470545349756292,-0.011684644965372,0.0039708802117802,-0.0060825778943277,0.0,"{""DBC"": 0.1310814801851129, ""IEF"": 0.12094243579970637, ""SHY"": 0.36460756848301035, ""SPY"": 0.12887342196212845, ""TLT"": 0.11862390317589919, ""VNQ"": 0.13587119039414278}",0.0177355062334672,-0.1237675975151304,-0.0383557289379161,-0.0804697487608104,-0.0384055852643518,-0.0388539491783314,-0.0104726253693316,-0.044838696598462,0.6359994457612024,False,0.1637624304385202,926,651,651,125.5,0.1,10,0
QQQ_70_IEF_30,Fixed allocation,balanced_growth,long_rule,"Quarterly rebalanced fixed ETF weights: {'QQQ': 0.7, 'IEF': 0.3}",ETF-only,2007-01-03,2021-12-31,14.988095238095235,0.1382754354882829,0.1381484113053548,0.1434641014723057,0.8259011420155514,-0.3682079430676528,0.0767318364141045,0.3755362644712877,-0.0217056955249165,-0.2642490054973027,0.3853998194838097,0.1531529702937872,0.2231928170939117,0.0877281303421377,0.1732406366672123,0.0120070659392876,0.8534083388484447,0.063027637026289,0.8665607625099285,"{""IEF"": 0.27869361543364923, ""QQQ"": 0.7213063845663508}",-0.3491624534774845,-0.3682079430676511,-0.0626061332566009,-0.0931911079962709,-0.1480728445305372,-0.1486940303160786,-0.1754498162010664,-0.1858363148899335,0.9539293489889928,False,0.1447589503719492,614,348,348,39.0,0.3333333333333333,21,0
cross_asset_multi_horizon_top3_invvol,Cross-asset tactical,tactical_momentum,long_rule,"Monthly top-3 3/6/12m ranks, 12m SHY hurdle, 63d inverse-vol sizing.",ETF-only,2007-01-03,2021-12-31,14.988095238095235,0.1037878745426117,0.1002398984749046,0.1236014216742014,0.7182333578801023,-0.2546373277344075,0.076486593343033,0.4075909665956942,-0.0187704163344489,-0.1544310751514567,0.2857731283927422,0.1472362100173758,6.437218873241538,0.1210975784021706,0.0924068039147156,-0.0112986333622563,0.3914626075446724,-0.0016552951192775,0.3518665607625099,"{""DBC"": 0.24708316680018452, ""SPY"": 0.39591788690570906, ""VNQ"": 0.3569989462941064}",0.1916974362310379,-0.1216590820869431,0.0808994526713953,-0.0391152438843444,-0.215731527052273,-0.2184567824999733,0.0065190982393341,-0.0883658967006056,0.8980258711927147,False,0.1439790032391493,635,407,407,31.5,0.1875,16,0
ETF_AOR,Live allocation ETF,allocation_live,live_product_medium,"Buy-and-hold live ETF AOR, evaluated only from its actual inception through 2021.",ETF-only,2008-11-19,2021-12-31,13.103174603174605,0.0968041795195264,0.0967620958176611,0.1302776218286259,0.6790316332248645,-0.2444326956282223,0.0455109319926197,0.3960361328533718,-0.0181988692098731,-0.0582613472631272,0.1899958467460909,0.1361558722323408,0.0,0.1236402222352321,0.0847662063930181,-0.0056810230538103,0.2222222222222222,0.0086697065157725,0.1424375917767988,"{""AOR"": 1.0}",,,-0.1195965285156159,-0.1209324270808647,-0.1024445104431365,-0.1038345168224075,-0.2256939530300421,-0.2274406916978735,,False,0.127319476049894,314,117,117,65.0,0.0,11,0
SPY_vol_10_trend_200,Equity P&L control,pnl_vol_trend,long_rule,"Weekly SPY 10% vol target, disabled below 200d MA; residual SHY.",ETF-only,2007-01-03,2021-12-31,14.988095238095235,0.0624701672057621,0.0596207055377442,0.0926101933466055,0.4924901279986523,-0.1636538917243997,0.0661417388987321,0.3817212444355716,-0.0154984611220172,-0.0986386299434438,0.2649278808498514,0.1780534566425718,5.369875771461283,0.0265520469513276,0.0870890989514767,-0.0111658941010541,0.100595632031767,0.0053906169840916,0.0234312946783161,"{""SHY"": 0.3157022491908948, ""SPY"": 0.6842977508091053}",-0.0058453618732078,-0.0565085694269937,-0.1168847373732993,-0.1181746154599938,-0.1208630376521491,-0.1280916380094168,-0.0720702783824034,-0.1243718931097146,0.6558066330948567,False,0.0906109370116851,555,338,338,86.0,0.15384615384615385,13,0
SPY_60_TLT_40,Fixed allocation,balanced_static,long_rule,"Quarterly rebalanced fixed ETF weights: {'SPY': 0.6, 'TLT': 0.4}",ETF-only,2007-01-03,2021-12-31,14.988095238095235,0.1017739921462914,0.1016218620942579,0.1047584763477976,0.7886907881823341,-0.3049769144692205,0.0589123899832931,0.3337104787862981,-0.0156843719914981,-0.1191183777745027,0.2475474591555138,0.1156198673827337,0.2761718907455639,0.0673372247718133,0.1253258938828707,-0.0134187604899277,0.5678358702845797,0.0569999999449137,0.585385226370135,"{""SPY"": 0.6167178549864057, ""TLT"": 0.3832821450135944}",-0.2991230300152407,-0.3049769144692187,0.0185927889666943,-0.0571529789727837,-0.0949929123025152,-0.0963264255187116,-0.1404937145198418,-0.1761918831262393,0.9385002246305107,False,0.0829359513588963,727,387,387,66.0,0.1111111111111111,9,0
cross_asset_mom_126_top4,Cross-asset tactical,tactical_momentum,long_rule,Monthly top-4 126d cross-asset momentum with 12m SHY hurdle.,ETF-only,2007-01-03,2021-12-31,14.988095238095235,0.0893092189466042,0.0866268657021769,0.1178886578655776,0.6331139355500319,-0.2363377726542953,0.0736224358852099,0.3778880453326516,-0.0180306776400595,-0.1382634247131884,0.2535509121241683,0.1550770273439642,4.929467917472897,0.1011325362483197,0.0815044874998225,-0.0007328246767008,0.3037723362011912,0.0014151289145172,0.2343129467831612,"{""DBC"": 0.25029135459087015, ""EFA"": 0.24419644373343086, ""SPY"": 0.24607521450101288, ""VNQ"": 0.2594369871746862}",0.0067631635744134,-0.1897597397991317,0.0047953265221147,-0.0580644896652547,-0.2051736896697616,-0.20813948222285,-0.0759822740031385,-0.1238781877492224,0.8275105230415637,False,0.0812690476230988,736,508,508,50.0,0.26666666666666666,15,0
ETF_AOA,Live allocation ETF,allocation_live,live_product_medium,"Buy-and-hold live ETF AOA, evaluated only from its actual inception through 2021.",ETF-only,2008-11-11,2021-12-31,13.126984126984128,0.1100435401926187,0.1099988126425841,0.1597479033733769,0.6513820002931132,-0.2837907990522903,0.0544282942845428,0.387762889283604,-0.0245842355769883,-0.0786505459109198,0.2581584116877899,0.1425621841811499,0.0,0.1234158228933499,0.1039564684958382,-0.0190251614005297,0.472385428907168,0.003582471674004,0.4587603709126403,"{""AOA"": 1.0}",,,-0.189200847613013,-0.1903164088456737,-0.1362838583798434,-0.1380195520355575,-0.2782020143869522,-0.2819777934060171,,False,0.0805215033117418,358,143,143,29.5,0.375,16,0
SPY_50_IEF_30_GLD_20,Fixed allocation,balanced_static,long_rule,"Quarterly rebalanced fixed ETF weights: {'SPY': 0.5, 'IEF': 0.3, 'GLD': 0.2}",ETF-only,2007-01-03,2021-12-31,14.988095238095235,0.0884875235380575,0.0883522493467769,0.0992538392170665,0.7008694005045351,-0.2634569241385864,0.0501714046440041,0.335870935362133,-0.015054338877157,-0.1418141826562873,0.2160282536508064,0.1424630055297049,0.2485785084602287,0.0780571477407388,0.0954909076528831,0.0216029862912052,0.3259430840502978,0.0476951864980368,0.2851469420174742,"{""GLD"": 0.19678392154150964, ""IEF"": 0.28335310985800555, ""SPY"": 0.5198629686004848}",-0.2357366528857198,-0.2634569241385865,-0.0500904807930722,-0.0563265738172008,-0.0718903530410908,-0.0751611239316039,-0.1544063302024805,-0.1606180495885402,0.8860109032244009,False,0.0788688665366157,387,259,259,36.0,0.18181818181818182,11,0
SPY_vol_12_trend_200,Equity P&L control,pnl_vol_trend,long_rule,"Weekly SPY 12% vol target, disabled below 200d MA; residual SHY.",ETF-only,2007-01-03,2021-12-31,14.988095238095235,0.0719303894740097,0.069036530882325,0.1036257361716785,0.5344952003076994,-0.1908394499901332,0.0748013474905033,0.3769157240692566,-0.0173011083959441,-0.1064969490521521,0.3067279754655059,0.173808853789056,5.405106960715003,0.0289690142395433,0.1015367556959783,-0.012336797953084,0.1197882197220383,0.0015024171691138,0.1096108022239873,"{""SHY"": 0.17825843904617494, ""SPY"": 0.821741560953825}",-0.02362911164517,-0.074533925639738,-0.1403212785304747,-0.141645305590341,-0.1347526454980113,-0.1418670401870641,-0.0720702783824029,-0.1243718931097145,0.7125476926886914,False,0.0771123929836211,542,325,325,49.0,0.23076923076923078,13,0
ETF_SPLV,Live smart-beta ETF,smart_beta_live,live_product_medium,"Buy-and-hold live ETF SPLV, evaluated only from its actual inception through 2021.",ETF-only,2011-05-05,2021-12-31,10.65079365079365,0.1266771767398038,0.1266245228918316,0.1517829960862456,0.7884514910464473,-0.3626141468634768,0.0527175518411445,0.3493442763762259,-0.0223374721560284,-0.0138657486122206,0.2786998618860321,0.1724471239180067,0.0,0.1034251889400448,0.1310072801841786,-0.0121034277606371,0.7952306894764126,0.0269133560684231,0.8568421052631578,"{""SPLV"": 1.0}",,,-0.0755787872182731,-0.1216317218361922,-0.0953866997117625,-0.1152052396424911,-0.3621000753990807,-0.3621000753990807,,False,0.0672822543641295,296,272,272,35.5,0.14285714285714285,14,0
SPY_vol_15_trend_200,Equity P&L control,pnl_vol_trend,long_rule,"Weekly SPY 15% vol target, disabled below 200d MA; residual SHY.",ETF-only,2007-01-03,2021-12-31,14.988095238095235,0.0792203842161503,0.0762776028636036,0.1131788811144412,0.5573360998112714,-0.2115844318500435,0.082476499358455,0.3744149960536617,-0.0188338135105499,-0.1356904466648857,0.3230772717957062,0.1580409627429157,5.4589912236838325,0.0310377449446015,0.1125567939386842,-0.0113999725452565,0.1386499007279947,-0.0017285561485249,0.1767275615567911,"{""SPY"": 1.0}",-0.0499239820973658,-0.1011281452075475,-0.1655039000039606,-0.1668412862817656,-0.1468799088916615,-0.1538945885826491,-0.0720702783824032,-0.1243718931097145,0.7413504710399224,False,0.0644580924460009,506,301,301,32.0,0.25,16,0
SPY_vol_target_10,Equity P&L control,pnl_vol,long_rule,Weekly unlevered SPY 63d volatility target 10%; residual SHY.,ETF-only,2007-01-03,2021-12-31,14.988095238095235,0.0741149639077605,0.0727051817653305,0.1078192697431349,0.526120522436812,-0.207743902738516,0.0612766040418509,0.3567611993938895,-0.0171644398293237,-0.1218721076684853,0.2649278808498525,0.1545543710138429,2.6265915420017367,0.0339468234275235,0.1017322796868145,-0.0125865109685723,0.2630708140304434,0.0112451500832917,0.295869737887212,"{""SHY"": 0.3157022491908948, ""SPY"": 0.6842977508091053}",-0.1864683747244883,-0.1897134827550479,-0.10469066917084,-0.1175063037541397,-0.1291470998705098,-0.1321622034805655,-0.203956028167776,-0.2077439027385157,0.7021434240124867,False,0.0599724554293166,665,278,278,87.0,0.15384615384615385,13,0
five_weather_equal,Fixed allocation,all_weather_static,long_rule,"Quarterly rebalanced fixed ETF weights: {'SPY': 0.2, 'TLT': 0.2, 'IEF': 0.2, 'GLD': 0.2, 'DBC': 0.2}",ETF-only,2007-01-03,2021-12-31,14.988095238095235,0.0684801676370843,0.0683295408052393,0.0809702567913978,0.6410379998566064,-0.2092983539456538,0.053638382251887,0.3271892317646501,-0.0117202759787631,-0.0745560408372254,0.1834505220888798,0.0991038233891482,0.281970134227246,0.0960211153367531,0.0505208158249121,-0.0438860821792301,0.2104566512243547,-0.0005371486807126,0.0643367752184273,"{""DBC"": 0.1964390642092128, ""GLD"": 0.20080136852615746, ""IEF"": 0.19275860815565712, ""SPY"": 0.21219049752299665, ""TLT"": 0.19781046158597596}",-0.0463386696797866,-0.2092983539456538,0.0214413558517783,-0.0501704193463615,-0.0464870367691068,-0.0530963964555235,-0.0770042313319346,-0.1276022930843031,0.835281112113589,False,0.0575793989078953,939,430,430,44.0,0.0,7,0
ETF_PHDG,Live protection ETF,protection_live,live_product_medium,"Buy-and-hold live ETF PHDG, evaluated only from its actual inception through 2021.",ETF-only,2012-12-06,2021-12-31,9.063492063492063,0.0665891293673124,0.0665303874821656,0.1108076401013656,0.5358174257428223,-0.1790789811013786,0.076372494948343,0.3718422394285098,-0.0155061450330099,-0.098841039081058,0.1880685765799918,0.184436743185269,0.0,-0.0117369997004652,0.0671993477877324,-0.0263624753519113,0.053629823413996,0.0056764538830786,0.1190243902439024,"{""PHDG"": 1.0}",,,,,-0.1072669877358576,-0.1197584550832906,0.0058057272544684,-0.1391591453908561,,False,0.0356494860619202,759,299,299,143.0,0.0,5,0
SPY_vol_target_12,Equity P&L control,pnl_vol,long_rule,Weekly unlevered SPY 63d volatility target 12%; residual SHY.,ETF-only,2007-01-03,2021-12-31,14.988095238095235,0.0854967192729272,0.0843565606354979,0.123585837833983,0.5570413349222242,-0.2428039424989632,0.0732235271268242,0.3521224507023494,-0.0195223855250478,-0.1566512418021765,0.3067279754655041,0.1519989153445523,2.1017114128717505,0.0372422987414839,0.1188772180852437,-0.024958007842507,0.3838517538054268,0.0079095611715658,0.5258141382049245,"{""SHY"": 0.17825843904617494, ""SPY"": 0.821741560953825}",-0.233824866269942,-0.2378264220729335,-0.1264282562950881,-0.1408972468934444,-0.1448780721844275,-0.1478387113592079,-0.2289541586181187,-0.2326230827464211,0.7417405095512608,False,0.0341597289668139,681,278,278,63.0,0.26666666666666666,15,0
cross_asset_multi_horizon_top3,Cross-asset tactical,tactical_momentum,long_rule,Monthly top-3 average 3/6/12m ranks with 12m SHY hurdle.,ETF-only,2007-01-03,2021-12-31,14.988095238095235,0.0958584079957154,0.0927766060055717,0.1316656825803633,0.624325615958215,-0.2609712754219712,0.0921297019190672,0.367314018911543,-0.0199966749978896,-0.1573522474021428,0.2825946170992826,0.1457200528733921,5.630193337935447,0.1063600762327201,0.0889188419387725,-0.0071808496038524,0.3348775645268034,-0.006289434059351,0.2926926131850675,"{""DBC"": 0.33115927083914554, ""SPY"": 0.3255809164441441, ""VNQ"": 0.3432598127167103}",0.0501500094548188,-0.2099776131290778,0.0722193630290621,-0.0474095126064388,-0.2163380067261455,-0.2211426512366753,0.0166500926563737,-0.1054160259918957,0.8191594354999586,False,0.0341191877020065,634,406,406,43.0,0.2,15,0
QQQ_trend_150d,Equity P&L control,pnl_trend,long_rule,Weekly QQQ above 150d moving average; otherwise SHY.,ETF-only,2007-01-03,2021-12-31,14.988095238095235,0.1184646733718692,0.1148884710546345,0.1640879715706775,0.6432280030554911,-0.3133578636196729,0.1188651613731932,0.3780491480362261,-0.0266878065322719,-0.2490613355956789,0.4157083917849109,0.1346306865313615,6.401882458294285,0.0365283825689914,0.1766037287126638,-0.0629813034447844,0.5423560555923229,-0.0037029530145482,0.5138999205718825,"{""QQQ"": 1.0}",-0.2015489017177721,-0.2501150168808945,-0.1706197515023012,-0.1968721969178002,-0.0542854291766689,-0.0890041854201926,-0.2780491771170222,-0.2888677886081255,0.833876925023599,False,0.026885646483437,651,482,482,30.5,0.25,24,0
QQQ_trend_200d,Equity P&L control,pnl_trend,long_rule,Weekly QQQ above 200d moving average; otherwise SHY.,ETF-only,2007-01-03,2021-12-31,14.988095238095235,0.1189082110712616,0.1156282882008659,0.1657075355865395,0.6409334579722107,-0.3196419913501134,0.1141049232733189,0.372004349519328,-0.0268258683462933,-0.2559339031746509,0.3336893956324551,0.1315564684543755,5.868392253436428,0.0375496233642422,0.1766091841646297,-0.0599537480317082,0.5757776307081403,0.0013699304768293,0.4872915011914218,"{""QQQ"": 1.0}",-0.1206781753475498,-0.1742629362711312,-0.1706197515023012,-0.1968721969178004,-0.1148179520091796,-0.1258260914755716,-0.2780491771170221,-0.2888677886081254,0.8318986072768018,False,0.0186207557568228,668,499,499,29.0,0.2727272727272727,22,0
SPY_95_105_collar,Synthetic SPY option overlay,option_overlay,synthetic_proxy,"Synthetic SPY overlay: put ratio SPY_95_105_collar, frozen VIX/Black-Scholes/skew model; quarterly puts and monthly calls where applicable.","SPY options; model-risk screen, not historical executable chains",2007-01-03,2021-12-31,14.98015873015873,0.0736410097681947,0.0519565650865148,0.0902420656810144,0.6005242894158679,-0.240367076524553,0.0681282624024945,0.3063689538224777,-0.0136289160984783,-0.1565944082189296,0.2182041467832813,0.1422489037023609,,0.0191129855164566,0.1115617996795055,-0.023071540765497,0.297682119205298,0.0033701850347933,0.1593799682034976,{},-0.2353277081727354,-0.2403670765245519,-0.1115463838220899,-0.1120435718308412,-0.0536168679770835,-0.0556473398525588,-0.1090075971440052,-0.1130908176645628,0.7946172878455022,False,0.0137579768889308,622,339,339,67.0,0.09090909090909091,11,0
SPY_trend_200d,Equity P&L control,pnl_trend,long_rule,Weekly SPY above 200d moving average; otherwise SHY.,ETF-only,2007-01-03,2021-12-31,14.988095238095235,0.0836310786152656,0.0803104002243091,0.1224564783183956,0.557052823823011,-0.2420619375192074,0.0893362199067631,0.3454945435551162,-0.0204980844237335,-0.1696852023493597,0.3230772717957066,0.1403100208606212,6.135137355865356,0.0274952819414688,0.1227134930449631,-0.02387227181124,0.1876240900066181,-0.0065177009422351,0.2009531374106433,"{""SPY"": 1.0}",-0.079748759058565,-0.1313290712102856,-0.1655039000039599,-0.1668412862817648,-0.154634557786441,-0.1615854757882127,-0.0720702783824033,-0.1243718931097143,0.7410660627865148,False,0.0078700339080272,507,340,340,32.0,0.26666666666666666,15,0
SPY_60_IEF_30_GLD_10,Fixed allocation,balanced_static,long_rule,"Quarterly rebalanced fixed ETF weights: {'SPY': 0.6, 'IEF': 0.3, 'GLD': 0.1}",ETF-only,2007-01-03,2021-12-31,14.988095238095235,0.0915961233982576,0.0914666540869673,0.1119458513331608,0.6549610845417948,-0.3177031676528943,0.0606618615320103,0.2883072399779492,-0.0171310686267311,-0.1841081138396019,0.2288744870604193,0.1621567962879993,0.2372289315357817,0.063051430270953,0.1110331625856022,-0.0079978146441136,0.4665784248841826,0.0453448744072915,0.3447180301826846,"{""GLD"": 0.09784591861338233, ""IEF"": 0.28178059578070647, ""SPY"": 0.6203734856059112}",-0.3106428340363503,-0.3177031676528948,-0.0722343636623522,-0.0772538960088229,-0.097271848167375,-0.0998215176774206,-0.1849495090486893,-0.1877213396522616,0.8486042900921917,False,-0.0396196646527526,695,384,384,57.0,0.0,9,0
SPY_drawdown_medium,Equity P&L control,pnl_drawdown,long_rule,Weekly SPY high-water drawdown exposure ladder (medium); residual SHY.,ETF-only,2007-01-03,2021-12-31,14.988095238095235,0.0852212458917158,0.0836052946916736,0.1190802524626693,0.5741933103477388,-0.2724136727914316,0.0960122751560722,0.3128376230842272,-0.0190523199235232,-0.1564594879250832,0.3230772717957055,0.1577981636645462,2.979960865050146,0.0093063617884949,0.1389289045080359,-0.0507439552086711,0.4076770350761085,-0.0248910431304152,0.5270055599682287,"{""SPY"": 1.0}",-0.2655613929186212,-0.2724136727914324,-0.0943857189665239,-0.094869651870585,-0.140945701846875,-0.1439199558399548,-0.1965386635036804,-0.2003618326661603,0.7623707645679578,False,-0.0403147762491405,1331,977,977,36.0,0.3076923076923077,13,0
SPY_drawdown_hard,Equity P&L control,pnl_drawdown,long_rule,Weekly SPY high-water drawdown exposure ladder (hard); residual SHY.,ETF-only,2007-01-03,2021-12-31,14.988095238095235,0.0645807846131931,0.0616413596662406,0.1013687038759404,0.4780386876684304,-0.2135794059117001,0.0877591158705102,0.302373650387869,-0.0168155335576592,-0.1334342940558673,0.2932194114295416,0.1593796567815443,5.528898535234057,-0.0074626429240328,0.1154460386353821,-0.0391153255558138,0.186631369953673,-0.0424430557752312,0.2470214455917394,"{""SPY"": 1.0}",-0.110126328720706,-0.1600039704973439,-0.0918393519510303,-0.0930485774500043,-0.147593586593161,-0.150544823999519,-0.0720702783824029,-0.1243718931097145,0.6357518730823807,False,-0.0433325899580023,1407,344,344,33.5,0.4166666666666667,12,0
defensive_momentum_top1,Cross-asset tactical,defensive_momentum,long_rule,Monthly top-1 6m momentum among IEF/TLT/GLD/DBC/SHY.,ETF-only,2007-01-03,2021-12-31,14.988095238095235,0.1121693437202278,0.1087242529605785,0.1693544113819092,0.6123580971968442,-0.3098952318573961,0.122523941235722,0.3619589209163584,-0.0248916807613076,-0.0761854257075855,0.2806754109841933,0.1390141755790698,6.201823631472589,0.1225256797481679,0.1053242813694486,-0.0547762193921214,0.4109861019192588,-0.0038396368529585,0.2513899920571882,"{""TLT"": 1.0}",0.2268961950691672,-0.3098952318573958,0.011157109271086,-0.1536919425755687,-0.0449369122871237,-0.0940235711618401,0.0650580050993536,-0.15727649308109,0.8070912303028928,False,-0.0457490186637264,862,449,449,29.0,0.30434782608695654,23,1
SPY_60_IEF_40,Fixed allocation,balanced_static,long_rule,"Quarterly rebalanced fixed ETF weights: {'SPY': 0.6, 'IEF': 0.4}",ETF-only,2007-01-03,2021-12-31,14.988095238095235,0.0889792122703727,0.0888515865135799,0.1072643143288217,0.6567333814171491,-0.3173868015704869,0.0608282146376745,0.2803494405882274,-0.0164837110651517,-0.173568131272385,0.218128175399386,0.1609719678552262,0.2344118653914119,0.054471615103925,0.1125883164579422,-0.0184318922020307,0.4897418927862342,0.0394910868259321,0.3856235107227959,"{""IEF"": 0.377185671812819, ""SPY"": 0.622814328187181}",-0.3143662405239498,-0.3173868015704854,-0.0668687850831408,-0.0806254947397281,-0.1005730960151108,-0.1022303117416031,-0.1759249584735379,-0.1782341907146193,0.8502597727331489,False,-0.0492399726202126,752,398,398,48.5,0.0,10,0
ETF_QAI,Live alternative/trend ETF,managed_futures_live,live_product_medium,"Buy-and-hold live ETF QAI, evaluated only from its actual inception through 2021.",ETF-only,2009-03-25,2021-12-31,12.765873015873016,0.0295165168109965,0.0294761803694281,0.0612511363166617,0.3164462598607692,-0.1410627332002241,0.0262090017993126,0.2092439026337371,-0.0090382775641086,-0.0331948555916011,0.0868078827384868,0.1766022134243201,0.0,0.039691093054246,0.0252824610298221,-0.015441620133385,0.0,-0.0158916207288467,0.0,"{""QAI"": 1.0}",,,-0.0338495722512564,-0.0366247403153006,-0.0498047846748163,-0.0498047846748163,-0.138565850787014,-0.1396774257941253,,False,-0.072263706792669,629,422,422,132.0,0.0,5,0
defensive_momentum_top2,Cross-asset tactical,defensive_momentum,long_rule,Monthly top-2 6m momentum among IEF/TLT/GLD/DBC/SHY.,ETF-only,2007-01-03,2021-12-31,14.988095238095235,0.0773124432753376,0.0745844583224564,0.1238772943444942,0.5284010354565023,-0.2387152056753935,0.1097314514023215,0.3238689511068162,-0.0179012211696824,-0.1252924428936797,0.2752316130458638,0.1233532888470645,5.068502510375751,0.1194952124727886,0.0501010926925944,-0.0790931160772707,0.2458636664460622,-0.0192233812106684,0.0953137410643367,"{""DBC"": 0.5249445503367526, ""TLT"": 0.4750554496632475}",0.340530534990713,-0.1775564288349173,0.148352127823846,-0.0615390246113672,-0.0134426684850126,-0.0496874635318924,0.0785814583107045,-0.1039378905766608,0.7075724005504338,False,-0.0772244402258179,1977,1378,1378,36.0,0.2727272727272727,11,0
SPY_70_TLT_30,Fixed allocation,balanced_static,long_rule,"Quarterly rebalanced fixed ETF weights: {'SPY': 0.7, 'TLT': 0.3}",ETF-only,2007-01-03,2021-12-31,14.988095238095235,0.1044613945161763,0.1043226440339561,0.1233356471434298,0.7007802080301786,-0.3728247381395907,0.0762113614995273,0.2801890106258574,-0.0189210422368082,-0.1853812212698793,0.2642239772404784,0.144657662036256,0.2512715239362808,0.058285889777796,0.1363304756161991,-0.033127863546567,0.6399735274652548,0.0431938102110458,0.6810961080222399,"{""SPY"": 0.7145269318050573, ""TLT"": 0.28547306819494267}",-0.3689076358700628,-0.3728247381395905,-0.0304636348368884,-0.0841583789386559,-0.1184520783271974,-0.1200872471703946,-0.1884889129855829,-0.2041714076936942,0.8863295362372359,False,-0.0811742716817366,806,452,452,54.0,0.2,10,0
SPY_vol_target_15,Equity P&L control,pnl_vol,long_rule,Weekly unlevered SPY 63d volatility target 15%; residual SHY.,ETF-only,2007-01-03,2021-12-31,14.988095238095235,0.0930814321278832,0.0922862679931177,0.1414778399646309,0.5518205495141364,-0.3056526192970702,0.0880115945142123,0.3045334024682949,-0.0222103899300642,-0.2070603124315887,0.3230772717957066,0.148295631880016,1.4553735669423895,0.0397885329912617,0.1300857853014114,-0.0391202514526792,0.4884182660489742,0.0051760035452779,0.5893566322478158,"{""SPY"": 1.0}",-0.3007101576660546,-0.3056526192970703,-0.1492879278192125,-0.1659731379751189,-0.1621991335220364,-0.1650998029883146,-0.2656027333168882,-0.2690972698371345,0.7353027731090048,False,-0.0861694630622798,638,284,284,48.5,0.25,16,0
cross_asset_multi_horizon_top2,Cross-asset tactical,tactical_momentum,long_rule,Monthly top-2 average 3/6/12m ranks with 12m SHY hurdle.,ETF-only,2007-01-03,2021-12-31,14.988095238095235,0.0904584795809322,0.0863715638341595,0.150293713142136,0.5315452578263538,-0.2766063767446228,0.1026951124678811,0.3270296247163098,-0.0228137643410856,-0.1702666002870057,0.3034938630006134,0.131672219550904,7.506487602494854,0.1165731557584073,0.0734038451088667,-0.0362048465941465,0.3534083388484447,-0.0308223852970314,0.2791898332009531,"{""DBC"": 0.5042470024699395, ""SPY"": 0.49575299753006047}",0.1568211145881208,-0.1477234289693851,-0.0138284143950149,-0.0827597119039353,-0.2222285790868851,-0.2244820452355697,0.0402036986084988,-0.103937890576661,0.7109920592918022,False,-0.0935754527481225,744,473,473,36.0,0.25,20,1
cross_asset_mom_126_top2,Cross-asset tactical,tactical_momentum,long_rule,Monthly top-2 126d cross-asset momentum with 12m SHY hurdle.,ETF-only,2007-01-03,2021-12-31,14.988095238095235,0.0810515437527714,0.0772804827544655,0.14843372354117,0.4777569387828269,-0.244430009580821,0.1001056569009931,0.3315940783693815,-0.0222380159172533,-0.1475251041958359,0.3239647819042046,0.1375479654445683,6.986127394112299,0.0952603258934892,0.0716898067193319,-0.0104064388819546,0.0744540039708802,-0.0134268690404452,0.0353455123113582,"{""SPY"": 0.48678392664966247, ""VNQ"": 0.5132160733503376}",0.188473245121002,-0.181313993865785,0.030571641956961,-0.0937781848989999,-0.1951173522682677,-0.1951173522682677,0.0035309568060124,-0.1039378905766609,0.6368832474517027,False,-0.0935893649734122,719,491,491,38.5,0.375,16,0
SPY_90_110_collar,Synthetic SPY option overlay,option_overlay,synthetic_proxy,"Synthetic SPY overlay: put ratio SPY_90_110_collar, frozen VIX/Black-Scholes/skew model; quarterly puts and monthly calls where applicable.","SPY options; model-risk screen, not historical executable chains",2007-01-03,2021-12-31,14.98015873015873,0.0981031510485779,0.0875220248026795,0.1244351781841553,0.6416178511494149,-0.3477623512081342,0.0921689173499281,0.2820982510262119,-0.0184346175817175,-0.2148193578011684,0.2840089377334625,0.1530885348063999,,0.0271122339304668,0.1480794582546767,-0.0507075123874749,0.5357615894039736,-0.0014019652323697,0.6323529411764706,{},-0.3424949467300183,-0.3477623512081356,-0.1168826267292912,-0.1174590252654566,-0.1056587895574446,-0.1082946281063725,-0.1579765267167834,-0.1619726146379105,0.8363704278298922,False,-0.0959949041621976,823,469,469,42.0,0.13333333333333333,15,0
SPY_drawdown_soft,Equity P&L control,pnl_drawdown,long_rule,Weekly SPY high-water drawdown exposure ladder (soft); residual SHY.,ETF-only,2007-01-03,2021-12-31,14.988095238095235,0.0924522918320205,0.0912312880711085,0.134128541733534,0.5707020794530467,-0.3366050589663956,0.100265482417455,0.2746610289099973,-0.0210713787762677,-0.2014068653497367,0.3230772717957053,0.1528942234304824,2.236383742816846,0.0152046035693464,0.1471398038373159,-0.0608973800632399,0.4933818663136995,-0.0192346348070794,0.6223193010325655,"{""SPY"": 1.0}",-0.3303573222619286,-0.3366050589663957,-0.1170459050140618,-0.117541651981786,-0.1505271225093275,-0.1534682033040124,-0.2254043053421915,-0.2290901209983863,0.7587598087749019,False,-0.1446009379276656,1242,888,888,33.0,0.26666666666666666,15,0
cross_asset_mom_252_top4,Cross-asset tactical,tactical_momentum,long_rule,Monthly top-4 252d cross-asset momentum with 12m SHY hurdle.,ETF-only,2007-01-03,2021-12-31,14.988095238095235,0.0646430465032767,0.0624066952449129,0.1274527877945384,0.4118712274376655,-0.2467106695576476,0.0856667690855662,0.2620196630294985,-0.0198860313740128,-0.1539552405594557,0.1963761281264431,0.1333318329554073,4.204301953533851,0.0715431235898012,0.060071725191763,-0.0263069257122672,0.0893448047650562,-0.0158405339408159,0.0484511517077045,"{""DBC"": 0.25029135459087015, ""EFA"": 0.24419644373343083, ""SPY"": 0.24607521450101288, ""VNQ"": 0.2594369871746862}",0.0403504324405483,-0.1897597397991314,-0.1449383326490717,-0.1481486915348594,-0.2051736896697619,-0.20813948222285,-0.0759822740031385,-0.1238781877492224,0.5382128454916416,False,-0.1767523071787637,818,590,590,82.0,0.15384615384615385,13,0
defensive_sectors_equal,Fixed allocation,sector_defensive,long_rule,"Quarterly rebalanced fixed ETF weights: {'XLP': 0.3333333333333333, 'XLV': 0.3333333333333333, 'XLU': 0.3333333333333333}",ETF-only,2007-01-03,2021-12-31,14.988095238095235,0.1046895523937121,0.1045972182692589,0.1542993440981947,0.5904374525963079,-0.3908119256784563,0.0885366756778311,0.2678770669855308,-0.023010800210223,-0.2203869150061137,0.2657079478462711,0.1682003395775945,0.1671836403669234,0.0545989208435009,0.1393671045819349,-0.0470043704860192,0.6455989410986102,0.0283601742187205,0.7033359809372518,"{""XLP"": 0.33428913826334455, ""XLU"": 0.3356190621964127, ""XLV"": 0.33009179954024276}",-0.3563428125709529,-0.3908119256784584,-0.0776402893764459,-0.1227754788388441,-0.0825202379106018,-0.1161388701655879,-0.2948154474269527,-0.2948154474269527,0.7835745979331048,False,-0.1864356283913831,849,538,538,55.0,0.2,15,0
SPY_70_IEF_30,Fixed allocation,balanced_static,long_rule,"Quarterly rebalanced fixed ETF weights: {'SPY': 0.7, 'IEF': 0.3}",ETF-only,2007-01-03,2021-12-31,14.988095238095235,0.0941202677830921,0.0940032007119429,0.1292550126843291,0.600340266512292,-0.3832719329254307,0.0793968868393596,0.2455704675912288,-0.0200279999781204,-0.2250703759817939,0.2415014954355334,0.1769130736696981,0.2140072640112864,0.0476254675889455,0.1262288500445454,-0.0395771655518401,0.5622104566512244,0.026884443402332,0.573868149324861,"{""IEF"": 0.2802254392193033, ""SPY"": 0.7197745607806967}",-0.3797715664967392,-0.3832719329254295,-0.0946540158131833,-0.101832528794609,-0.1226873364677885,-0.124541722115916,-0.2155626948041513,-0.2181461882884457,0.7942583606488492,False,-0.1937507585908604,814,460,460,43.0,0.08333333333333333,12,0
QQQ_buy_hold,Fixed allocation,static_equity,long_rule,Quarterly rebalanced fixed ETF weights: {'QQQ': 1.0},ETF-only,2007-01-03,2021-12-31,14.988095238095235,0.1694419859997913,0.1694030035243388,0.2187084621262965,0.7264086615506704,-0.5340399680377191,0.1260889203514306,0.3172833423355752,-0.0333354620909362,-0.417271508050378,0.5468412473782682,0.1822057874722217,0.0666862756072321,0.0783821414780241,0.234322481134074,-0.0383768343924181,0.8676373262739907,0.0398963548683841,0.8621922160444797,"{""QQQ"": 1.0}",-0.5134557748001587,-0.5340399680377179,-0.1314653799775087,-0.1609927606227174,-0.2254129044451891,-0.2269937477821615,-0.2722561485768598,-0.2855936712522551,0.904088217026994,False,-0.3073435052092962,781,515,515,31.5,0.2692307692307692,26,0
SPY_95_110_collar,Synthetic SPY option overlay,option_overlay,synthetic_proxy,"Synthetic SPY overlay: put ratio SPY_95_110_collar, frozen VIX/Black-Scholes/skew model; quarterly puts and monthly calls where applicable.","SPY options; model-risk screen, not historical executable chains",2007-01-03,2021-12-31,14.98015873015873,0.0576938719997,0.0418199107570111,0.1022580525469901,0.403702964859425,-0.3149121248921223,0.1012279611543934,0.183206257998049,-0.0148918930535439,-0.1933610424815545,0.2273751230187823,0.1650952349095631,,-0.0112299066892584,0.1062371553069103,-0.0636915565226414,0.290728476821192,-0.0324517264101958,0.1307631160572337,{},-0.3077776833800648,-0.3124225009527638,-0.1097404880065835,-0.1101899979620605,-0.0638710538321047,-0.0658525924253183,-0.1116363341756917,-0.1157075674461711,0.5257885693572564,False,-0.3137866037626051,1466,1055,1055,48.0,0.2222222222222222,9,0
SPY_80_IEF_20,Fixed allocation,balanced_static,long_rule,"Quarterly rebalanced fixed ETF weights: {'SPY': 0.8, 'IEF': 0.2}",ETF-only,2007-01-03,2021-12-31,14.988095238095235,0.0986632981021695,0.0985647320440796,0.1524705719385838,0.5572823414088002,-0.444126113423738,0.0985137195582639,0.2221515356113175,-0.0237325686572884,-0.2746063500272301,0.2649800144314473,0.1905544196542402,0.1794430519082795,0.0400367820633895,0.1395355752531724,-0.0611078460018535,0.6297154202514891,0.0134928676050696,0.6620333598093725,"{""IEF"": 0.18507421598763685, ""SPY"": 0.8149257840123633}",-0.440276829528511,-0.4441261134237376,-0.1225019704124454,-0.1236454276473002,-0.144834472179668,-0.1468672547851968,-0.2551215351434759,-0.2579395588991668,0.7440973573133538,False,-0.3317045833390694,845,491,491,43.0,0.15384615384615385,13,0
ETF_QMOM,Live smart-beta ETF,smart_beta_live,short_live_product,"Buy-and-hold live ETF QMOM, evaluated only from its actual inception through 2021.",ETF-only,2015-12-02,2021-12-31,6.079365079365079,0.1234309399916497,0.1233363891161603,0.2770287050801834,0.5090193625683803,-0.391260859702417,0.1277765065360512,0.3154696845616712,-0.0432342766897708,-0.1174630336625321,0.6193407963076967,0.4193559906738039,0.0,,0.1234309399916497,-0.0448047407722453,0.6821106821106822,0.1345775193008833,1.0,"{""QMOM"": 1.0}",,,,,-0.31435298792474,-0.31435298792474,-0.3844069128775124,-0.3912608597024168,,False,-0.3395469890213967,333,264,264,20.0,0.5333333333333333,15,1
cross_asset_mom_252_top3,Cross-asset tactical,tactical_momentum,long_rule,Monthly top-3 252d cross-asset momentum with 12m SHY hurdle.,ETF-only,2007-01-03,2021-12-31,14.988095238095235,0.0582674976371531,0.0558178985444024,0.1380157036596049,0.3469432174128515,-0.2842693517600355,0.1103849726384492,0.2049728445095949,-0.0213107280929999,-0.1752049508316486,0.2171426477351465,0.1307679230611736,4.633150544412214,0.047090850270999,0.0657781396586039,-0.0403511420559677,0.085704831237591,-0.0157258140012195,0.0309769658459094,"{""DBC"": 0.33115927083914554, ""SPY"": 0.32558091644414416, ""VNQ"": 0.34325981271671036}",-0.0164623544870179,-0.2577765735880922,-0.1176955322090334,-0.1218953534126248,-0.2163380067261461,-0.2211426512366756,0.016650092656373,-0.1054160259918958,0.4386998182803708,False,-0.3442844646053453,814,586,586,37.0,0.25,12,0
sector_momentum_189_invvol,Sector allocation,sector_rotation,long_rule,"Monthly top-3 legacy-sector 189d momentum, invvol sizing.",ETF-only,2007-01-03,2021-12-31,14.988095238095235,0.1057963125515446,0.102257659813588,0.1887859843981695,0.5186374808937945,-0.4541144537167803,0.1121085353477794,0.2329727928402982,-0.0291481451360938,-0.2960172262586935,0.384310058844056,0.2007949005103665,6.408841715799065,0.0341677798490305,0.1562385753401141,-0.0711235854605484,0.701191264063534,0.0029670871354749,0.7478157267672756,"{""XLK"": 0.29268502889811215, ""XLV"": 0.41735546052555816, ""XLY"": 0.2899595105763296}",-0.445671251781371,-0.4541144537167816,-0.1564026451854965,-0.1951211150133158,-0.1445274221433155,-0.1464268371983832,-0.3112693357165209,-0.3112693357165209,0.6934174720538199,False,-0.3805282691548434,876,522,522,20.0,0.47619047619047616,21,1
ETF_VIG,Live smart-beta ETF,smart_beta_live,live_product_medium,"Buy-and-hold live ETF VIG, evaluated only from its actual inception through 2021.",ETF-only,2006-05-02,2021-12-31,15.658730158730158,0.1040190507557636,0.1039837511868018,0.1765331319405715,0.524403692607381,-0.468050800916806,0.1013877307550465,0.2222388051724594,-0.0271069151174265,-0.2669162530764066,0.2961875540203278,0.1744611420330012,0.0,0.039234500146857,0.1476388707294558,-0.0722609712069963,0.6251958633657161,0.0055885111658458,0.6948269445478229,"{""VIG"": 1.0}",-0.4646013868907275,-0.4680508009168052,-0.1601189412868719,-0.1601189412868719,-0.1634600925572158,-0.1660219459142089,-0.315118963618908,-0.3163255989217237,,False,-0.3843867712082229,845,491,491,23.0,0.36363636363636365,22,0
sector_momentum_189_equal,Sector allocation,sector_rotation,long_rule,"Monthly top-3 legacy-sector 189d momentum, equal sizing.",ETF-only,2007-01-03,2021-12-31,14.988095238095235,0.107497317074825,0.1043122363182935,0.1952649760267348,0.5155955558910731,-0.4785208471983799,0.1231700933002527,0.2246450028336173,-0.0302188955127651,-0.3146112876507596,0.3760573756053385,0.2039227657163312,5.757712608505658,0.0341305929971265,0.1592311419237069,-0.0758104993476428,0.7193911317008603,0.0024198970069047,0.7374900714853058,"{""XLK"": 0.33138848824502604, ""XLV"": 0.34573847952825076, ""XLY"": 0.32287303222672314}",-0.4522775558416927,-0.478520847198379,-0.1603458227801136,-0.197907045955049,-0.1505080870119214,-0.1524054356392759,-0.3112006606416313,-0.3112656112953226,0.6892249147521039,False,-0.4343671268046069,1083,883,883,31.0,0.42105263157894735,19,1
sector_defensive_cyclical_barbell_fixed,Fixed allocation,sector_static,long_rule,"Quarterly rebalanced fixed ETF weights: {'XLP': 0.16666666666666666, 'XLV': 0.16666666666666666, 'XLU': 0.16666666666666666, 'XLK': 0.08333333333333333, 'XLF': 0.08333333333333333, 'XLI': 0.08333333333333333, 'XLY': 0.08333333333333333, 'XLE': 0.08333333333333333, 'XLB': 0.08333333333333333}",ETF-only,2007-01-03,2021-12-31,14.988095238095235,0.1036309065047589,0.1035040663081952,0.1824170748755396,0.5186432421610293,-0.4927337020722807,0.1107462924290773,0.2103182836264708,-0.0283268028335028,-0.318476614745762,0.297886252829626,0.2001018931807437,0.2298875214111716,0.0435225172488809,0.1455768675157791,-0.0745334546487913,0.657180675049636,0.0082316505684012,0.6699761715647339,"{""XLB"": 0.0852720318759326, ""XLE"": 0.07857861939440308, ""XLF"": 0.07739827253273202, ""XLI"": 0.08058738977610802, ""XLK"": 0.0864890745447367, ""XLP"": 0.16930195087788805, ""XLU"": 0.16997549569468148, ""XLV"": 0.1671761934033612, ""XLY"": 0.08522097190015686}",-0.4853234939209643,-0.4927337020722818,-0.152530496406497,-0.1549982074075263,-0.1506999080218117,-0.155659490595813,-0.3431430435972082,-0.3443220698381378,0.6936117027053065,False,-0.4513421975678441,847,536,536,26.5,0.3888888888888889,18,0
Cboe_SPX_PUT_proxy,External SPX option-index proxy,external_option_proxy,external_proxy,Cboe ^PUT total-return index proxy; SPX options make it ineligible for implementation.,External SPX option index; reference only,2007-01-03,2021-12-31,14.98015873015873,0.0674677101763738,0.0674677101763738,0.1844197433234602,0.3394433267841281,-0.3709405381464365,0.0788848241064268,0.1818828174281118,-0.0250866213264839,-0.2676700346192628,0.315065614650682,0.2313344137229512,,0.047356784419712,0.0810588404675973,-0.0582236394835191,0.1516556291390728,-0.0052698827213152,0.1287758346581876,{},-0.3468093553098612,-0.3709405381464369,-0.145884477199932,-0.1465443642262065,-0.1528830001951624,-0.1554363053552697,-0.2887066041809284,-0.3003980020354975,,False,-0.4881227380838038,620,419,419,73.0,0.09090909090909091,11,0
GEM_SPY_VEU_AGG,Cross-asset tactical,dual_momentum,long_rule,"Monthly GEM: SPY absolute momentum versus SHY, SPY versus VEU, else AGG.",ETF-only,2008-04-01,2021-12-31,13.75,0.0680700137616763,0.0661686296492465,0.1594870006400958,0.4094889876444613,-0.3887414290029164,0.10321916234026,0.1751035744666299,-0.0255829340471046,-0.1026556045954769,0.2966039593778198,0.174806352661428,3.5618554359184045,0.0488345775042688,0.0783770749892489,-0.0883034207519996,0.2088560885608856,-0.0548861541662988,0.2633726201269266,"{""SPY"": 1.0}",,,-0.1714722436165185,-0.1731295236646501,-0.189224897430755,-0.1920319971583166,-0.3340034681964832,-0.337172528469891,0.5329028444115324,False,-0.4897391685741413,906,366,366,38.0,0.36363636363636365,11,0
sector_momentum_multi_horizon_invvol,Sector allocation,sector_rotation,long_rule,"Monthly top-3 average 3/6/12m sector ranks, invvol sizing.",ETF-only,2007-01-03,2021-12-31,14.988095238095235,0.0849577329422035,0.0809222286796103,0.1858911065575602,0.424103070993476,-0.4437871410669229,0.1163272809985997,0.1914380230530202,-0.0285605284961913,-0.2794718102177508,0.3655790110530259,0.2171038615502812,7.4509653562943186,0.0072612256619508,0.14000732493272,-0.0848059203098369,0.5215089344804765,-0.0207739412616655,0.5416997617156474,"{""XLE"": 0.22908250470774297, ""XLK"": 0.387261862251731, ""XLY"": 0.383655633040526}",-0.434398277609748,-0.4437871410669242,-0.1343672514283109,-0.1738712791174035,-0.1552118121155423,-0.157087504503522,-0.322819324434461,-0.3238392092409718,0.5568490155468528,False,-0.5133229653011931,1312,978,978,33.0,0.35294117647058826,17,1
sector_momentum_multi_horizon_equal,Sector allocation,sector_rotation,long_rule,"Monthly top-3 average 3/6/12m sector ranks, equal sizing.",ETF-only,2007-01-03,2021-12-31,14.988095238095235,0.0868879297651712,0.0832013305492105,0.1907824084639858,0.4272003125960108,-0.4510044442118072,0.1155799291963707,0.1926542651193159,-0.0293194008683937,-0.3022381220470617,0.3656239990827272,0.2265125148612302,6.792224147194972,0.0110519550264944,0.1405311547400738,-0.08131264283108,0.5102581072137657,-0.0186327760023186,0.5051628276409849,"{""XLE"": 0.3349503080512451, ""XLK"": 0.3368527800073098, ""XLY"": 0.3281969119414451}",-0.4410147070732814,-0.4510044442118062,-0.144820140703818,-0.1803730956955419,-0.1598414741319441,-0.1617179765464391,-0.3213799367247671,-0.3233485230930202,0.561537710399587,False,-0.5208639126063495,857,523,523,37.0,0.29411764705882354,17,1
global_50_20_10_bond_gold,Fixed allocation,global_balanced,long_rule,"Quarterly rebalanced fixed ETF weights: {'SPY': 0.5, 'EFA': 0.2, 'EEM': 0.1, 'IEF': 0.15, 'GLD': 0.05}",ETF-only,2007-01-03,2021-12-31,14.988095238095235,0.0797682778493076,0.0796573906153168,0.1632339913958567,0.4285197462473598,-0.4648831219717988,0.1056705048561297,0.1715878122461641,-0.0252751602937703,-0.3026807368204628,0.2503272246692929,0.217977474400286,0.2054203581370718,0.0406357764824607,0.1066467418236982,-0.0552031167191748,0.4119788219722038,0.005676377374254,0.318506751389992,"{""EEM"": 0.0934588831431955, ""EFA"": 0.19464753703977627, ""GLD"": 0.0492761405561495, ""IEF"": 0.14190740339972224, ""SPY"": 0.5207100358611564}",-0.4548812706870138,-0.4648831219717976,-0.1441832930070558,-0.1454573114402458,-0.1270467665266246,-0.1284334256325928,-0.2532395911812343,-0.2562474427958493,0.5637370591168824,False,-0.5383979119306892,860,522,522,62.5,0.0,12,0
legacy_sectors_equal,Fixed allocation,sector_static,long_rule,"Quarterly rebalanced fixed ETF weights: {'XLK': 0.1111111111111111, 'XLF': 0.1111111111111111, 'XLV': 0.1111111111111111, 'XLI': 0.1111111111111111, 'XLY': 0.1111111111111111, 'XLP': 0.1111111111111111, 'XLE': 0.1111111111111111, 'XLU': 0.1111111111111111, 'XLB': 0.1111111111111111}",ETF-only,2007-01-03,2021-12-31,14.988095238095235,0.1021703979736445,0.1020418279963373,0.1969568288043576,0.4880582848524863,-0.5284775698681823,0.1220479892181711,0.1933296771689456,-0.0308275084294688,-0.3496879331726361,0.3083032232639144,0.2084573575487775,0.2333270411397122,0.0386739623142977,0.1466034693197013,-0.0860724897384641,0.6396426207809398,-0.0003795067002346,0.6505162827640985,"{""XLB"": 0.11418732509188184, ""XLE"": 0.10522421197978314, ""XLF"": 0.10364361576494312, ""XLI"": 0.10791414573138434, ""XLK"": 0.11581706046719954, ""XLP"": 0.11335567171491058, ""XLU"": 0.11380664185873832, ""XLV"": 0.11193237644171089, ""XLY"": 0.11411895094944823}",-0.5236744903643886,-0.528477569868181,-0.177440148467835,-0.177440148467835,-0.1735083467388903,-0.1781831489404935,-0.3597751939390659,-0.3619073482974975,0.6512182990959551,False,-0.5623399078728941,890,539,539,32.0,0.3333333333333333,18,0
sector_momentum_252_equal,Sector allocation,sector_rotation,long_rule,"Monthly top-3 legacy-sector 252d momentum, equal sizing.",ETF-only,2007-01-03,2021-12-31,14.988095238095235,0.0851161484707621,0.0821614264580561,0.1937473799243907,0.4152830205671678,-0.4603277262422841,0.1206796210892826,0.1849033712689358,-0.0297175736729235,-0.290191119944245,0.3771516558930192,0.1911072273520543,5.45125544144415,0.0252023431062362,0.1269538804235876,-0.0674468610164189,0.4447385837193911,-0.0100224756373162,0.4618745035742653,"{""XLE"": 0.33224528572369927, ""XLF"": 0.33362232075353254, ""XLK"": 0.33413239352276813}",-0.4397935068024097,-0.4603277262422853,-0.2168172394091555,-0.2179391678441049,-0.1955962674791286,-0.199529686340808,-0.3025317831001705,-0.3025975511896969,0.5434536902583993,False,-0.5637789237365529,683,483,483,37.0,0.3333333333333333,21,0
sector_momentum_252_invvol,Sector allocation,sector_rotation,long_rule,"Monthly top-3 legacy-sector 252d momentum, invvol sizing.",ETF-only,2007-01-03,2021-12-31,14.988095238095235,0.0820125504011226,0.0787239275301316,0.1883678271955987,0.4068604751053823,-0.4573818090586395,0.1192604942779646,0.1793087280185383,-0.0289291730052393,-0.2868733028589084,0.375792912809791,0.1931293804739551,6.0865926289079,0.0199565423198806,0.1254277824663587,-0.0720297416913897,0.4377895433487756,-0.009951196369146,0.460683081810961,"{""XLE"": 0.2332776585703668, ""XLF"": 0.37236861024908585, ""XLK"": 0.39435373118054723}",-0.4489891432495941,-0.4573818090586429,-0.2090239590034052,-0.2102615772438573,-0.1910245433484092,-0.1938336405455802,-0.2980374022265569,-0.2980374022265569,0.5305669557084254,False,-0.5689822502245268,838,484,484,37.0,0.3157894736842105,19,0
Cboe_SPX_BXM_proxy,External SPX option-index proxy,external_option_proxy,external_proxy,Cboe ^BXM total-return index proxy; SPX options make it ineligible for implementation.,External SPX option index; reference only,2007-01-03,2021-12-31,14.988095238095235,0.0545424619711132,0.0545424619711132,0.1545390566463817,0.2942556444460674,-0.4014429397446938,0.092255286247947,0.1358660386599417,-0.0252595544033623,-0.2865467747505902,0.2591497066051473,0.253300288251246,,0.0202032710365196,0.0780540172206682,-0.0636485138879029,0.0946393117140966,-0.0051931476838913,0.0726767275615568,{},-0.3888552483851233,-0.4014429397446944,-0.1461790358775651,-0.1471325862208873,-0.1486905898108664,-0.151443153023747,-0.3015505409315276,-0.3025742261180223,,False,-0.5887965136959339,1012,712,712,89.0,0.0,10,0
SPY_buy_hold,Fixed allocation,static_equity,long_rule,Quarterly rebalanced fixed ETF weights: {'SPY': 1.0},ETF-only,2007-01-03,2021-12-31,14.988095238095235,0.1058511454569182,0.1058142827346557,0.2020024136476537,0.4966340105530935,-0.5518940436853627,0.1395497731811755,0.1917961367187076,-0.0315237966076866,-0.3679496979417905,0.3230772717957018,0.2138423221662272,0.0666862756072321,0.0226013863571339,0.1650293793648172,-0.1052494059608839,0.7746525479814692,-0.0156264002275613,0.7764098490865766,"{""SPY"": 1.0}",-0.5476738607180403,-0.5518940436853619,-0.1783869885090885,-0.1789366665997445,-0.1892248974307553,-0.1920319971583169,-0.3340034681964829,-0.337172528469891,0.663852965094692,False,-0.5991333800624596,1223,869,869,33.0,0.375,16,0
sector_momentum_126_equal,Sector allocation,sector_rotation,long_rule,"Monthly top-3 legacy-sector 126d momentum, equal sizing.",ETF-only,2007-01-03,2021-12-31,14.988095238095235,0.0877826983003886,0.0840413868668372,0.1901525338441838,0.4322498825465334,-0.5069339831549067,0.1511320993669535,0.1731639645739914,-0.0293156807356301,-0.3339501741631471,0.3910421125466066,0.2348650859114945,6.887721490127871,0.0028238521803656,0.1483290972242978,-0.116833392504975,0.6472534745201853,-0.037662242800902,0.6540905480540111,"{""XLK"": 0.3313884882450261, ""XLV"": 0.34573847952825076, ""XLY"": 0.32287303222672326}",-0.4979619617090292,-0.5069339831549048,-0.1169074135424448,-0.1539308508789241,-0.1411154286878437,-0.1453152510360288,-0.3134038422399766,-0.3147684421316398,0.5691729764669547,False,-0.6414776953922793,1364,1030,1030,30.5,0.2222222222222222,18,1
SPY_put_50,Synthetic SPY option overlay,option_overlay,synthetic_proxy,"Synthetic SPY overlay: put ratio SPY_put_50, frozen VIX/Black-Scholes/skew model; quarterly puts and monthly calls where applicable.","SPY options; model-risk screen, not historical executable chains",2007-01-03,2021-12-31,14.98015873015873,0.0737821360817176,0.0677582766824724,0.150720641517047,0.4130795512071972,-0.4941714843875151,0.1527707370094483,0.1493047219694689,-0.0229038901911455,-0.3315244820942573,0.2707805711919406,0.2181749743122732,,-0.0171709917230741,0.1389728586094385,-0.1171740282785742,0.4337748344370861,-0.0491286519538309,0.3700317965023847,{},-0.49020175328346,-0.4941714843875154,-0.1578123218691833,-0.1582901587711422,-0.1266123446326538,-0.1290490816265908,-0.2287721888563513,-0.2323925950694534,0.5402759577506031,False,-0.6433808544974148,1516,1162,1162,42.0,0.16666666666666666,12,0
sector_momentum_126_invvol,Sector allocation,sector_rotation,long_rule,"Monthly top-3 legacy-sector 126d momentum, invvol sizing.",ETF-only,2007-01-03,2021-12-31,14.988095238095235,0.0845333695535723,0.0804255321091553,0.184965367254738,0.4232312185222421,-0.5023416657590828,0.1539925871473964,0.1682786344744765,-0.0284655469508646,-0.323071103305951,0.3921283488827236,0.2367212536338111,7.587713090548613,-0.0028619938278251,0.1469554743243488,-0.1180656293813012,0.6446062210456651,-0.0400222478608978,0.6354249404289118,"{""XLK"": 0.2926850288981122, ""XLV"": 0.41735546052555816, ""XLY"": 0.28995951057632957}",-0.4939412016679119,-0.5023416657590809,-0.1025787327373284,-0.1426545440186495,-0.1415248895205016,-0.1445058699777711,-0.3149114851042064,-0.3154709745208121,0.555525081198972,False,-0.6493574171557367,1385,1051,1051,33.0,0.23529411764705882,17,1
ETF_RSP,Live smart-beta ETF,smart_beta_live,live_product_medium,"Buy-and-hold live ETF RSP, evaluated only from its actual inception through 2021.",ETF-only,2004-01-02,2021-12-31,17.984126984126984,0.1081466491264815,0.1081161994049508,0.2068313549744761,0.4992001977955537,-0.599227925776561,0.1292948230903051,0.1804766508275301,-0.0321239629952394,-0.4005537523114112,0.4461217381765336,0.1865669168568208,0.0,0.0359394899383502,0.1507544986182334,-0.2073622432787868,0.558909187185597,-0.0940567622074385,0.4977085242896425,"{""RSP"": 1.0}",-0.5886976050184094,-0.5915725521996413,-0.2141269347048138,-0.2148975942541175,-0.188201079400345,-0.188201079400345,-0.3880934857555621,-0.3902588257572978,,False,-0.6649925768768862,896,485,485,29.0,0.4,25,0
SPY_calm_VIX_95_85_put_spread,Synthetic SPY option overlay,option_overlay,synthetic_proxy,"Synthetic SPY overlay: put ratio SPY_calm_VIX_95_85_put_spread, frozen VIX/Black-Scholes/skew model; quarterly puts and monthly calls where applicable.","SPY options; model-risk screen, not historical executable chains",2007-01-03,2021-12-31,14.98015873015873,0.0890469737118586,0.0841248994238657,0.1846966764006903,0.4436110599338647,-0.5518940436853614,0.1407327978791832,0.1613479520765129,-0.0285972261974038,-0.3679496979417914,0.3311458294957503,0.2341363470222136,,0.0044086901041471,0.1493303368534564,-0.1147781318459646,0.554635761589404,-0.0199006944664692,0.4252782193958664,{},-0.5476738607180407,-0.5518940436853622,-0.178386988509089,-0.178936666599745,-0.1009575917432995,-0.1031435011802408,-0.2443248340923451,-0.2478207191912009,0.5868562133845295,False,-0.6856788136858336,1341,987,987,31.0,0.25,12,0
cross_asset_mom_252_top2,Cross-asset tactical,tactical_momentum,long_rule,Monthly top-2 252d cross-asset momentum with 12m SHY hurdle.,ETF-only,2007-01-03,2021-12-31,14.988095238095235,0.046017034412005,0.0429111755413844,0.1568430488916529,0.2492184525267002,-0.394945989093431,0.1505890909098234,0.1165147531125297,-0.0242020220786415,-0.1335015806895052,0.194121637866468,0.1123893369211649,5.944514331535622,0.0281782330970812,0.0580704800382894,-0.0459777958804952,0.1062210456651224,-0.0300872913373644,0.0635424940428911,"{""DBC"": 0.49102891497838036, ""VNQ"": 0.5089710850216197}",-0.1546869180206933,-0.3669603779265971,-0.0928751734204722,-0.1365314915022436,-0.2108007721301547,-0.2244820452355694,0.015817573198861,-0.1334679992308923,0.2974405374428623,False,-0.7078169692954087,1328,1059,1059,23.5,0.5,12,0
ETF_VYM,Live smart-beta ETF,smart_beta_live,live_product_medium,"Buy-and-hold live ETF VYM, evaluated only from its actual inception through 2021.",ETF-only,2006-11-16,2021-12-31,15.107142857142858,0.0875960764746588,0.0875601110212802,0.1915446687070628,0.4275866114135856,-0.5698130466407825,0.140864326839572,0.1537277480588831,-0.0297722456359068,-0.3191989049913657,0.3007882745672405,0.2042498680283725,0.0,0.0237145366048512,0.1301596538341352,-0.1082388014083207,0.6418741808650066,-0.0096799759280172,0.6346153846153846,"{""VYM"": 1.0}",-0.5669020581708489,-0.5698130466407824,-0.1290110653364122,-0.1446728414864884,-0.1453947934910652,-0.1540398767557967,-0.3450783416269645,-0.3461937626459789,,False,-0.7436929878789429,1114,762,762,24.5,0.42857142857142855,14,0
ETF_VMOT,Live smart-beta ETF,smart_beta_live,short_live_product,"Buy-and-hold live ETF VMOT, evaluated only from its actual inception through 2021.",ETF-only,2017-05-02,2021-12-31,4.670634920634921,0.0249141613472771,0.0248043655025758,0.1402936013875829,0.1362091906338945,-0.3471377708509638,0.1637317471733134,0.0717702406344412,-0.023012221773439,-0.1564176740590179,0.1731904500037724,0.4455915569750848,0.0,,0.0249141613472771,-0.0508993451603356,0.0,,,"{""VMOT"": 1.0}",,,,,-0.1910321584842607,-0.1910321584842607,-0.2098211538934178,-0.2169345355555548,,False,-0.7734269774872221,990,452,452,452.0,0.0,1,1
SPY_put_100,Synthetic SPY option overlay,option_overlay,synthetic_proxy,"Synthetic SPY overlay: put ratio SPY_put_100, frozen VIX/Black-Scholes/skew model; quarterly puts and monthly calls where applicable.","SPY options; model-risk screen, not historical executable chains",2007-01-03,2021-12-31,14.98015873015873,0.0391923560399163,0.0274018198261558,0.116824710057302,0.2236289040470227,-0.4443517006627265,0.2151042356715513,0.0882012063450259,-0.0168666522694959,-0.3026704572543989,0.2425385475461712,0.2235245936086232,,-0.0581826761790142,0.1095597525065301,-0.1334939526134947,0.2754966887417218,-0.087033713389237,0.1426868044515103,{},-0.4333989731941271,-0.4371951773904069,-0.1374924185000708,-0.137891730646123,-0.0631151754726162,-0.0650982274403014,-0.1230481795375498,-0.127108046730882,0.2632513386170828,False,-0.8086365292416018,2644,2224,2224,40.5,0.375,8,0
SPY_95_85_put_spread,Synthetic SPY option overlay,option_overlay,synthetic_proxy,"Synthetic SPY overlay: put ratio SPY_95_85_put_spread, frozen VIX/Black-Scholes/skew model; quarterly puts and monthly calls where applicable.","SPY options; model-risk screen, not historical executable chains",2007-01-03,2021-12-31,14.98015873015873,0.0558741905380537,0.0394623759196095,0.1597874804786251,0.2977089108512954,-0.5037454910078742,0.1649378956199553,0.1109175000777929,-0.0242612302034266,-0.3402800221268559,0.2423440090567412,0.2387162200202119,,-0.0318858026077929,0.1186859394257666,-0.1215030417519186,0.3281456953642384,-0.0592220179553718,0.1677265500794912,{},-0.4970826262072412,-0.5006716946176615,-0.1711702915644477,-0.1715879541560878,-0.0990893954056797,-0.1012798471289103,-0.2614779295607982,-0.2648944614487073,0.3648077657240326,False,-0.8197557149653564,1748,1337,1337,49.0,0.1111111111111111,9,0
ETF_QVAL,Live smart-beta ETF,smart_beta_live,short_live_product,"Buy-and-hold live ETF QVAL, evaluated only from its actual inception through 2021.",ETF-only,2014-10-22,2021-12-31,7.190476190476191,0.0739616519418835,0.0738880223170181,0.2227675510951414,0.3759883017217481,-0.5148940371260192,0.1459553923835939,0.1436444134306057,-0.0337235464948954,-0.1727991663025875,0.3439911652281175,0.2294027747537353,0.0,,0.0739616519418835,-0.1282881834908414,0.1778618732261116,-0.095982953842153,0.2857142857142857,"{""QVAL"": 1.0}",,,,,-0.2296677699839557,-0.2296677699839557,-0.4665925174796091,-0.4676632835551851,,False,-0.8297490189108307,785,429,429,36.5,0.0,6,1
ETF_WTMF,Live alternative/trend ETF,managed_futures_live,live_product_medium,"Buy-and-hold live ETF WTMF, evaluated only from its actual inception through 2021.",ETF-only,2011-01-05,2021-12-31,10.98015873015873,-0.0127992086217432,-0.0128445016318168,0.0673924425638235,-0.303673567953614,-0.3079180459919438,0.2121256436994249,-0.0415669324625361,-0.0099393302328938,-0.1089983390838169,0.0948177389906907,0.2000882237105234,0.0,-0.0981739434902047,0.0070928801025034,-0.0778442338941916,0.0,-0.0409807995331694,0.0,"{""WTMF"": 1.0}",,,-0.0390155734008157,-0.0627703156810056,-0.0125666094730815,-0.0337705586570162,0.0253979031524866,-0.0169209732331411,,False,-0.9045930957510894,2687,396,396,396.0,0.0,1,1
cross_asset_mom_126_top1,Cross-asset tactical,tactical_momentum,long_rule,Monthly top-1 126d cross-asset momentum with 12m SHY hurdle.,ETF-only,2007-01-03,2021-12-31,14.988095238095235,0.0278536480756141,0.0219387575275831,0.1986893370124325,0.1461589223102332,-0.4104950962225303,0.2301583132281276,0.0678537900499417,-0.0305879554223786,-0.2059106491190856,0.3005968688247928,0.1567270970995211,11.53672568005116,0.0508561203156092,0.0128122620437216,-0.0953838656633825,0.0165453342157511,-0.0848572324195682,0.0,"{""SPY"": 1.0}",-0.075143862048939,-0.3098952318573965,-0.0260469236308366,-0.1536919425755681,-0.16621762974104,-0.16621762974104,-0.0111609211133231,-0.1572764930810902,0.175942604876907,False,-1.0390277825972016,1743,1412,1412,35.0,0.2857142857142857,7,1
cross_asset_mom_252_top1,Cross-asset tactical,tactical_momentum,long_rule,Monthly top-1 252d cross-asset momentum with 12m SHY hurdle.,ETF-only,2007-01-03,2021-12-31,14.988095238095235,0.0447047901245503,0.040843489510187,0.2039005930458055,0.2263665597128591,-0.5341091422602251,0.229013096714049,0.083699728365199,-0.0316575242507918,-0.2316269055599914,0.3161112453788275,0.121336739379871,7.402176592402767,0.0433432460827627,0.0456126711056232,-0.1207433628577554,0.3017868960953011,-0.0538522465201677,0.1926131850675139,"{""DBC"": 1.0}",-0.2952482133433823,-0.4816967889292102,0.0121687722118273,-0.1536919425755682,-0.1892248974307554,-0.1920319971583171,0.1422645061490985,-0.15727649308109,0.267538655400066,False,-1.1164962234896905,1391,952,952,25.5,0.3333333333333333,12,1
ETF_TAIL,Live protection ETF,protection_live,short_live_product,"Buy-and-hold live ETF TAIL, evaluated only from its actual inception through 2021.",ETF-only,2017-04-06,2021-12-31,4.738095238095238,-0.0592107287108958,-0.0593102764931058,0.1427547419878432,-0.4770437713234343,-0.2830922931910916,0.1704817827240253,-0.2091569786074242,-0.0192942519255496,-0.142734688562082,0.0691541519918506,0.4063886836860579,0.0,,-0.0592107287108958,-0.0926349472638741,0.0,,,"{""TAIL"": 1.0}",,,,,0.2340747571911168,-0.0720262119410387,0.2811058156931634,-0.0424491650231625,,False,-1.3552752502331602,731,37,37,5.0,0.3333333333333333,3,1
