strategy,family,independence_group,evidence,description,implementation_note,start,end,years,cagr,stress_cagr,annual_vol,excess_shy_sharpe,max_drawdown,ulcer_index,calmar,cvar_5pct_daily,worst_calendar_year,best_calendar_year,max_recovery_days,max_underwater_days,max_trough_to_recovery_days,max_5pct_trough_to_recovery_days,median_5pct_trough_to_recovery_days,share_5pct_recovered_within_20d,n_5pct_drawdowns,n_unrecovered_5pct_drawdowns,largest_year_abs_excess_share,annual_turnover,cagr_2007_2012,cagr_2013_2021,rolling_3y_min,rolling_3y_target_share,rolling_5y_min,rolling_5y_target_share,latest_weights,GFC_return,GFC_maxdd,2011_euro_US_downgrade_return,2011_euro_US_downgrade_maxdd,2018_Q4_return,2018_Q4_maxdd,COVID_crash_return,COVID_crash_maxdd,duration_hard_pass,objective_gate,joint_gate
recovery_sector_barbell_M_cyc50_mom63_ma200_top3,Recovery-oriented sector barbell,recovery_sector_barbell,long_rule,"M defensive/cyclical barbell; 50% cyclical budget, 63d momentum, 200d trend, top 3.",ETF-only,2007-01-03,2021-12-31,14.988095238095237,0.10982704180224379,0.10741596966188971,0.1295425709672754,0.7055077946469149,-0.24102477114978516,0.05949962641235934,0.4556670307301801,-0.01995141217116725,-0.14067164246137398,0.3076356527476449,518,518,218,218,23.0,0.45454545454545453,22,0,0.14663188702973973,4.348658544573711,0.06823482850513685,0.13842543943513075,-0.002764457920625518,0.5175380542686963,0.03301450671684836,0.6104050833995235,"{""XLE"": 0.1624994530160337, ""XLK"": 0.16342242769259843, ""XLP"": 0.1873824776929284, ""XLU"": 0.14119887085356528, ""XLV"": 0.18627369379855657, ""XLY"": 0.15922307694631768}",-0.2176903758410248,-0.24102477114978682,-0.04260987753331613,-0.06513924063348331,-0.080444609441779,-0.0819530115057403,-0.2225255620619775,-0.2243698316142071,False,True,False
recovery_sector_barbell_M_cyc65_mom63_ma100_top2,Recovery-oriented sector barbell,recovery_sector_barbell,long_rule,"M defensive/cyclical barbell; 65% cyclical budget, 63d momentum, 100d trend, top 2.",ETF-only,2007-01-03,2021-12-31,14.988095238095237,0.12046940022996422,0.11664705375018336,0.13578616479965588,0.7493047244085906,-0.19569295247041552,0.05788144366479069,0.6156041835393973,-0.02108883322938932,-0.11625643237012351,0.33273766569125995,442,442,219,219,25.0,0.4,25,0,0.1380679693670306,6.832169038264204,0.09240059722192617,0.13956447337566336,0.027877538871676544,0.5185307743216413,0.038697830065360206,0.6243050039714059,"{""XLE"": 0.32080135582778446, ""XLP"": 0.1327934632633638, ""XLU"": 0.10006424987211589, ""XLV"": 0.13200769473710083, ""XLY"": 0.3143332362996351}",-0.1674453688235743,-0.19569295247041785,-0.036639573373225987,-0.05228531300850603,-0.08084990701722372,-0.09279067823720044,-0.1510682790668586,-0.15545606237320864,False,True,False
recovery_sector_barbell_M_cyc65_mom63_ma200_top2,Recovery-oriented sector barbell,recovery_sector_barbell,long_rule,"M defensive/cyclical barbell; 65% cyclical budget, 63d momentum, 200d trend, top 2.",ETF-only,2007-01-03,2021-12-31,14.988095238095237,0.11493346483887534,0.1112249252310773,0.14230208706937095,0.6876683831884959,-0.23103428398363157,0.06473033328074354,0.49747363403008277,-0.022148557093636338,-0.12775933371610593,0.3327376656912593,351,351,225,225,24.5,0.4230769230769231,26,0,0.15027969548905493,6.6613316476592646,0.0735270359683613,0.1433958039297054,-0.0120847504872853,0.5033090668431502,0.0274062463257827,0.613979348689436,"{""XLE"": 0.32080135582778446, ""XLP"": 0.1327934632633638, ""XLU"": 0.10006424987211589, ""XLV"": 0.13200769473710083, ""XLY"": 0.31433323629963505}",-0.17828198946597063,-0.20611989543472697,-0.03663957337322565,-0.05228531300850592,-0.08084990701722372,-0.09279067823720011,-0.22703916332552432,-0.23103428398363168,False,True,False
recovery_sector_barbell_M_cyc65_mom63_ma200_top3,Recovery-oriented sector barbell,recovery_sector_barbell,long_rule,"M defensive/cyclical barbell; 65% cyclical budget, 63d momentum, 200d trend, top 3.",ETF-only,2007-01-03,2021-12-31,14.988095238095237,0.11056201232490515,0.10751680529717955,0.13100022080632176,0.7045696486326968,-0.20544374688248912,0.05886827173301998,0.5381619737890831,-0.0205477978811668,-0.11784150076555122,0.3195539820372171,453,453,228,228,22.0,0.48148148148148145,27,0,0.1521389558671484,5.48999732693182,0.07131607779802018,0.13749741476331567,0.002496606918529709,0.4827928524156188,0.0333844523658231,0.5142970611596506,"{""XLE"": 0.21314909219506384, ""XLK"": 0.21435974989745865, ""XLP"": 0.13234734967525855, ""XLU"": 0.09972808858484697, ""XLV"": 0.13156422090255013, ""XLY"": 0.20885149874482192}",-0.1747682840287338,-0.1974182863111752,-0.032539995840630054,-0.0480896353897039,-0.07856049592260295,-0.08925800226646285,-0.20221841971094345,-0.20544374688248912,False,True,False
recovery_sector_barbell_M_cyc50_mom126_ma100_top3,Recovery-oriented sector barbell,recovery_sector_barbell,long_rule,"M defensive/cyclical barbell; 50% cyclical budget, 126d momentum, 100d trend, top 3.",ETF-only,2007-01-03,2021-12-31,14.988095238095237,0.10036634978353653,0.09828882450145437,0.1280158497404121,0.6485298658541314,-0.24185756381396362,0.06082045801723853,0.4149812319317751,-0.020036797621801303,-0.14533910501776526,0.3340459239827791,493,493,228,228,27.0,0.4,20,0,0.1618709752620334,3.7786413990038032,0.056055298452244884,0.13090787760386613,0.010381660412045024,0.40304434149569823,0.028781212312531057,0.5210484511517077,"{""XLE"": 0.16249945301603366, ""XLK"": 0.16342242769259843, ""XLP"": 0.18738247769292835, ""XLU"": 0.14119887085356525, ""XLV"": 0.18627369379855652, ""XLY"": 0.15922307694631768}",-0.22531162189502896,-0.2418575638139645,-0.1023956807373928,-0.15511016532867494,-0.08243022483716522,-0.08450739506656069,-0.1850436583589289,-0.18631746457714238,False,True,False
recovery_sector_barbell_W_cyc50_mom63_ma200_top3,Recovery-oriented sector barbell,recovery_sector_barbell,long_rule,"W defensive/cyclical barbell; 50% cyclical budget, 63d momentum, 200d trend, top 3.",ETF-only,2007-01-03,2021-12-31,14.988095238095237,0.09102654708861602,0.0856596976796935,0.1261698751617355,0.5905803249953282,-0.2412026179868363,0.06223005874598685,0.3773862317430726,-0.019699188015050387,-0.13819248051307864,0.3027846066283142,554,554,231,231,27.0,0.4,20,0,0.16203667234601843,9.860144721182696,0.04827229452582804,0.12046745695274086,-0.007184669237334629,0.3702845797485109,0.02244463783671291,0.4511517077045274,"{""XLB"": 0.16773967237418383, ""XLK"": 0.16333245345254938, ""XLP"": 0.18213978657525776, ""XLU"": 0.14545202117827824, ""XLV"": 0.17598252161665517, ""XLY"": 0.1653535448030756}",-0.231523921700455,-0.2412026179868355,-0.05335212185494442,-0.07746112634125057,-0.07740503195898629,-0.08087333567393884,-0.2234837101054813,-0.22545912984819727,False,True,False
recovery_sector_barbell_M_cyc50_mom63_ma100_top2,Recovery-oriented sector barbell,recovery_sector_barbell,long_rule,"M defensive/cyclical barbell; 50% cyclical budget, 63d momentum, 100d trend, top 2.",ETF-only,2007-01-03,2021-12-31,14.988095238095237,0.11762712980522605,0.11462238980434858,0.1315903849394827,0.7487724137058995,-0.2389545441730041,0.05607122570232309,0.4922573463179822,-0.020262805992021325,-0.13931762849023754,0.317737616641921,416,416,256,256,25.0,0.43478260869565216,23,0,0.13592725793297442,5.3827677768986,0.08443358299366888,0.14029849815457274,0.016708884344822206,0.5172071475843812,0.037629429099031775,0.6568705321683876,"{""XLE"": 0.24437506382512098, ""XLP"": 0.18786362700925713, ""XLU"": 0.1415614327164141, ""XLV"": 0.1867519960471162, ""XLY"": 0.23944788040209158}",-0.21221994484801932,-0.23895454417300177,-0.04574336524931644,-0.06819899092430393,-0.08218595661909656,-0.08539498652566946,-0.1830275730366373,-0.18567547985923027,False,True,False
recovery_sector_barbell_M_cyc50_mom63_ma200_top2,Recovery-oriented sector barbell,recovery_sector_barbell,long_rule,"M defensive/cyclical barbell; 50% cyclical budget, 63d momentum, 200d trend, top 2.",ETF-only,2007-01-03,2021-12-31,14.988095238095237,0.11331574959857993,0.11039549476299304,0.13770172118733642,0.6947599940465423,-0.2464881896946075,0.06304031473155493,0.45972080747144606,-0.02110930307231624,-0.14783758724434581,0.3177376166419206,557,557,257,257,23.0,0.47619047619047616,21,0,0.14534206785971612,5.251482219778803,0.0700031209568166,0.14313386147812968,-0.013841895804111659,0.5304434149569821,0.028421973997315497,0.630659253375695,"{""XLE"": 0.24437506382512098, ""XLP"": 0.18786362700925713, ""XLU"": 0.1415614327164141, ""XLV"": 0.18675199604711618, ""XLY"": 0.23944788040209156}",-0.22001823815502763,-0.24648818969460584,-0.04574336524931677,-0.06819899092430393,-0.08218595661909733,-0.08539498652567046,-0.24170506669847125,-0.24416279264020246,False,True,False
recovery_sector_barbell_M_cyc65_mom126_ma200_top2,Recovery-oriented sector barbell,recovery_sector_barbell,long_rule,"M defensive/cyclical barbell; 65% cyclical budget, 126d momentum, 200d trend, top 2.",ETF-only,2007-01-03,2021-12-31,14.988095238095237,0.09770860814699711,0.09456944734381967,0.1474303866019788,0.5671280456827972,-0.24516579069723599,0.0747165499190157,0.3985409541401352,-0.023068069561953588,-0.17096555008849146,0.3524598346049641,550,550,263,263,23.0,0.4,20,0,0.17058522364952217,5.725808200581246,0.056953015203003776,0.12572332411372122,-0.015854154171826007,0.45962938451356716,0.020277107686889506,0.5103256552819698,"{""XLK"": 0.3220366781130805, ""XLP"": 0.13255193933524878, ""XLU"": 0.09988225363450691, ""XLV"": 0.13176759995991225, ""XLY"": 0.3137615289572515}",-0.22903806685702432,-0.24516579069723665,-0.10324913205812414,-0.16728658278417974,-0.07137162423792998,-0.08457589710219537,-0.2270391633255242,-0.2310342839836318,False,True,False
recovery_sector_barbell_M_cyc50_mom63_ma100_top3,Recovery-oriented sector barbell,recovery_sector_barbell,long_rule,"M defensive/cyclical barbell; 50% cyclical budget, 63d momentum, 100d trend, top 3.",ETF-only,2007-01-03,2021-12-31,14.988095238095237,0.11287705145449212,0.11036169763770665,0.1266638346248422,0.7397996023767265,-0.22986214601468968,0.05453777113506472,0.49106411565164165,-0.019554258051977514,-0.1318165609380706,0.3076356527476456,533,533,268,268,24.0,0.42857142857142855,21,0,0.1392902668135617,4.524449023900777,0.084465042223699,0.13221351415068794,0.02092624071726501,0.4940436796823296,0.033155239374069057,0.5849880857823669,"{""XLE"": 0.1624994530160337, ""XLK"": 0.16342242769259843, ""XLP"": 0.18738247769292846, ""XLU"": 0.1411988708535653, ""XLV"": 0.18627369379855654, ""XLY"": 0.15922307694631768}",-0.21305441227837885,-0.22986214601469113,-0.042609877533315466,-0.06513924063348309,-0.08044460944177878,-0.08195301150574008,-0.18342974758620434,-0.18536675744826125,False,True,False
recovery_SPY_trend_75d,Recovery-oriented fast trend,recovery_fast_trend,long_rule,Weekly SPY above 75d moving average; otherwise SHY.,ETF-only,2007-01-03,2021-12-31,14.988095238095237,0.09385838313294315,0.08759991581437876,0.1164015867930432,0.659967281984483,-0.1538388380268746,0.059436247833777246,0.6101085027471849,-0.019252365036697625,-0.07501683371686674,0.2706872996143288,469,469,271,271,52.5,0.16666666666666666,18,0,0.13608759973020393,11.470039404443927,0.0701695408082037,0.10992725559355776,0.01154878231487988,0.4543348775645268,0.03900439747677065,0.3324066719618745,"{""SPY"": 1.0}",-0.09891692819700038,-0.14942285967575641,-0.040545515173424196,-0.0440534260511678,-0.04697234867087707,-0.06704824332613313,-0.0720702783824031,-0.12437189310971453,False,True,False
recovery_sector_barbell_W_cyc65_mom63_ma100_top2,Recovery-oriented sector barbell,recovery_sector_barbell,long_rule,"W defensive/cyclical barbell; 65% cyclical budget, 63d momentum, 100d trend, top 2.",ETF-only,2007-01-03,2021-12-31,14.988095238095237,0.09696232385349246,0.08838295922151107,0.13362183239905193,0.6056625469945637,-0.23499497387512946,0.06529354708358631,0.41261445832035476,-0.021028857656140855,-0.1592789599535671,0.32992042180944026,416,416,272,272,36.0,0.36,25,1,0.1563169998986037,15.698601298424334,0.06755118804848048,0.11700068285862075,0.010663867764961532,0.399735274652548,0.027960441893155608,0.45750595710881653,"{""XLK"": 0.3206015176620209, ""XLP"": 0.12833979467226778, ""XLU"": 0.10248876911346055, ""XLV"": 0.12400124714573214, ""XLY"": 0.3245686714065187}",-0.21544887941015733,-0.23499497387513002,-0.048550400665912874,-0.06550291947941944,-0.06736435873359048,-0.07350701688781824,-0.15445993188023066,-0.15810698377266064,False,True,False
recovery_sector_barbell_M_cyc65_mom126_ma200_top3,Recovery-oriented sector barbell,recovery_sector_barbell,long_rule,"M defensive/cyclical barbell; 65% cyclical budget, 126d momentum, 200d trend, top 3.",ETF-only,2007-01-03,2021-12-31,14.988095238095237,0.10221536934625708,0.09994243750465492,0.13682754561323815,0.6281018645167071,-0.21331134857950207,0.06650207347787253,0.47918392540732996,-0.021666874694548838,-0.1353103761706842,0.35938780617370214,437,437,273,273,26.0,0.375,24,0,0.17634665520446713,4.1272732433491655,0.05665238898484515,0.13364887514584334,0.002671843570745125,0.4497021839841165,0.023946565650878382,0.5631453534551231,"{""XLE"": 0.2131490921950638, ""XLK"": 0.21435974989745865, ""XLP"": 0.13234734967525852, ""XLU"": 0.09972808858484696, ""XLV"": 0.1315642209025501, ""XLY"": 0.20885149874482192}",-0.1911098712142304,-0.21331134857950373,-0.10999963765018761,-0.17273534242376143,-0.07997001351956345,-0.0913288583983638,-0.20427703791001295,-0.2066625008171954,False,True,False
recovery_sector_barbell_M_cyc65_mom63_ma100_top3,Recovery-oriented sector barbell,recovery_sector_barbell,long_rule,"M defensive/cyclical barbell; 65% cyclical budget, 63d momentum, 100d trend, top 3.",ETF-only,2007-01-03,2021-12-31,14.988095238095237,0.11447677630635722,0.11129355320345136,0.12839691239644913,0.7434196654962463,-0.18388173430773458,0.05668504175796181,0.622556540144303,-0.020079648826385004,-0.10597785937653459,0.31955398203721774,545,545,280,280,25.0,0.4,25,0,0.14243667471878227,5.71889845099769,0.09255804308062854,0.1293198253661203,0.025745058937679977,0.5122435473196558,0.0330518909162536,0.5079428117553614,"{""XLE"": 0.2131490921950638, ""XLK"": 0.21435974989745868, ""XLP"": 0.13234734967525855, ""XLU"": 0.09972808858484698, ""XLV"": 0.13156422090255013, ""XLY"": 0.20885149874482192}",-0.16834891431434063,-0.18388173430773636,-0.03253999584062983,-0.04808963538970379,-0.07856049592260217,-0.08925800226646197,-0.15160889927657495,-0.15503883415708342,False,True,False
recovery_sector_barbell_M_cyc65_mom63_ma50_top2,Recovery-oriented sector barbell,recovery_sector_barbell,long_rule,"M defensive/cyclical barbell; 65% cyclical budget, 63d momentum, 50d trend, top 2.",ETF-only,2007-01-03,2021-12-31,14.988095238095237,0.09327404649103843,0.08882658688961609,0.13063664906901176,0.5912197197323614,-0.20133908599884498,0.06274225120471591,0.4632684509731683,-0.02066797495775645,-0.11316824701052042,0.3089416051941125,545,545,323,323,43.5,0.3,20,1,0.1488676703626808,8.14969210812902,0.08613055942714576,0.0980582200252782,0.011816117101520751,0.4119788219722038,0.028555073203886616,0.4142176330420969,"{""XLK"": 0.32203667811308057, ""XLP"": 0.13255193933524875, ""XLU"": 0.09988225363450691, ""XLV"": 0.13176759995991227, ""XLY"": 0.3137615289572515}",-0.18967462692539816,-0.20133908599884853,-0.036639573373225875,-0.05228531300850592,-0.08084990701722439,-0.09279067823720055,-0.14955844744945446,-0.1531517642900193,False,True,False
recovery_sector_barbell_M_cyc50_mom63_ma50_top2,Recovery-oriented sector barbell,recovery_sector_barbell,long_rule,"M defensive/cyclical barbell; 50% cyclical budget, 63d momentum, 50d trend, top 2.",ETF-only,2007-01-03,2021-12-31,14.988095238095237,0.09653703034942396,0.09303725801650753,0.12751487999514108,0.6239197970172615,-0.239069512028508,0.05819991213931114,0.4038031848156043,-0.019869389701020552,-0.13701867738151174,0.2995593459517285,493,493,329,329,45.0,0.25,20,0,0.144082554693421,6.3915734641915245,0.07960004412212851,0.10796557180814403,0.004404080683088507,0.43381866313699535,0.02971285777881527,0.5103256552819698,"{""XLK"": 0.24542243028356764, ""XLP"": 0.1876032305449905, ""XLU"": 0.14136521540099917, ""XLV"": 0.18649314040677978, ""XLY"": 0.23911598336366294}",-0.22855457123636502,-0.23906951202850912,-0.04574336524931599,-0.06819899092430337,-0.082185956619097,-0.0853949865256699,-0.18192584358262076,-0.18398703863069799,False,True,False
recovery_sector_barbell_M_cyc65_mom126_ma100_top3,Recovery-oriented sector barbell,recovery_sector_barbell,long_rule,"M defensive/cyclical barbell; 65% cyclical budget, 126d momentum, 100d trend, top 3.",ETF-only,2007-01-03,2021-12-31,14.988095238095237,0.09830099544263327,0.09569558873889861,0.12982047161206817,0.6282437406473939,-0.19779526887281795,0.06468639906561867,0.4969835527554537,-0.020665263133749827,-0.12405112182172973,0.3542273462344152,532,532,368,368,25.0,0.38095238095238093,21,0,0.1713896157870167,4.748469153563006,0.055472898524839165,0.1277878494341198,0.01911042193872392,0.3457974851091992,0.026624433880940268,0.4221604447974583,"{""XLE"": 0.2131490921950638, ""XLK"": 0.21435974989745862, ""XLP"": 0.13234734967525855, ""XLU"": 0.09972808858484697, ""XLV"": 0.13156422090255013, ""XLY"": 0.2088514987448219}",-0.18516130368530814,-0.19779526887281607,-0.11061458057653517,-0.16609214598076683,-0.08119364621597758,-0.09132885839836402,-0.15379811171645696,-0.15633490317863397,False,True,False
recovery_sector_barbell_M_cyc65_mom126_ma100_top2,Recovery-oriented sector barbell,recovery_sector_barbell,long_rule,"M defensive/cyclical barbell; 65% cyclical budget, 126d momentum, 100d trend, top 2.",ETF-only,2007-01-03,2021-12-31,14.988095238095237,0.09324812930561444,0.09008240888347596,0.1385757867735107,0.5655181107811658,-0.23247498271055167,0.07234264953783853,0.4011103827963939,-0.021892871480761154,-0.1576254345366943,0.353791573073839,501,501,373,373,24.0,0.47368421052631576,19,0,0.17657805292968276,5.797759189623998,0.0473268400372453,0.12494715440984483,-0.0005406147456837873,0.38352084712111184,0.019477157707671777,0.38204924543288327,"{""XLK"": 0.32203667811308057, ""XLP"": 0.13255193933524875, ""XLU"": 0.09988225363450691, ""XLV"": 0.13176759995991227, ""XLY"": 0.31376152895725157}",-0.21942320255229308,-0.23247498271055422,-0.11442014836902348,-0.17616646792335244,-0.07385999781265284,-0.08457589710219537,-0.15106827906685893,-0.15545606237320897,False,True,False
recovery_sector_barbell_M_cyc50_mom63_ma50_top3,Recovery-oriented sector barbell,recovery_sector_barbell,long_rule,"M defensive/cyclical barbell; 50% cyclical budget, 63d momentum, 50d trend, top 3.",ETF-only,2007-01-03,2021-12-31,14.988095238095237,0.09061314813205801,0.0874607656630697,0.12134432586265147,0.6054788011363185,-0.23627679665396584,0.05783340711370379,0.38350421799887346,-0.018976124305132985,-0.13026048711054394,0.2913607472968931,542,542,378,378,45.0,0.21052631578947367,19,1,0.1494806173398004,5.787635144137962,0.07112429898940431,0.10379060974229937,-0.0014126024845952934,0.4189278623428193,0.02798831608239727,0.38046068308181097,"{""SHY"": 0.15682180663444878, ""XLK"": 0.1645303132439573, ""XLP"": 0.18865279500827462, ""XLU"": 0.1421560968053245, ""XLV"": 0.18753649436315137, ""XLY"": 0.1603024939448434}",-0.22400933736658446,-0.23627679665396606,-0.0426098775333158,-0.06513924063348253,-0.08044460944177889,-0.08195301150574041,-0.16827366727883275,-0.16924718161787022,False,True,False
recovery_SPY_trend_150d,Recovery-oriented fast trend,recovery_fast_trend,long_rule,Weekly SPY above 150d moving average; otherwise SHY.,ETF-only,2007-01-03,2021-12-31,14.988095238095237,0.09163730463287312,0.08742111497244198,0.12023992256547393,0.6255647432298803,-0.20894693657623242,0.07957256272343427,0.4385673517612931,-0.019938079745735006,-0.11427570526696618,0.32307727179570356,540,540,381,381,49.0,0.23529411764705882,17,0,0.1472563091893006,7.735607970438928,0.03907914854799688,0.12811209880406937,-0.001298408041847221,0.36366644606221044,0.012523556851029571,0.21803018268467037,"{""SPY"": 1.0}",-0.10410155361339213,-0.1543168855412116,-0.04054551517342464,-0.0440534260511678,-0.10160750871906588,-0.11083495071799954,-0.0720702783824031,-0.12437189310971453,False,True,False
recovery_SPY_trend_100d,Recovery-oriented fast trend,recovery_fast_trend,long_rule,Weekly SPY above 100d moving average; otherwise SHY.,ETF-only,2007-01-03,2021-12-31,14.988095238095237,0.09047215780329232,0.0856808235415285,0.11822706388489956,0.6253317440405888,-0.23242821283875614,0.08406174355600922,0.3892477453503294,-0.019526470806399368,-0.1571225078365419,0.34703986204779724,607,607,408,408,72.0,0.25,16,0,0.1436988297246473,8.802588380154642,0.06876242184765347,0.10517668847730421,-0.02337021736457434,0.44738583719391134,0.008334852931781933,0.35305798252581416,"{""SPY"": 1.0}",-0.14017388773169626,-0.18559791517297353,-0.04054551517342442,-0.04405342605116769,-0.04697234867087796,-0.06704824332613302,-0.07207027838240299,-0.12437189310971442,False,True,False
recovery_sector_barbell_M_cyc35_mom63_ma100_top3,Recovery-oriented sector barbell,recovery_sector_barbell,long_rule,"M defensive/cyclical barbell; 35% cyclical budget, 63d momentum, 100d trend, top 3.",ETF-only,2007-01-03,2021-12-31,14.988095238095237,0.11071669323318822,0.10887395074968786,0.12946280768298063,0.7124692690707246,-0.27914720665813986,0.05867289369415556,0.39662475780665224,-0.019742370559373067,-0.15771993144622143,0.29559600539033193,506,506,195,195,44.0,0.3333333333333333,18,0,0.13628130072347128,3.3202427267653194,0.07583569951224822,0.13457544624626117,0.003332216063445248,0.5198544010589013,0.03249724971822454,0.6195393169181891,"{""XLE"": 0.11274472055243123, ""XLK"": 0.11338509515095987, ""XLP"": 0.2414452136768989, ""XLU"": 0.18193692368634157, ""XLV"": 0.24001652852130595, ""XLY"": 0.11047151841206249}",-0.2566538674011123,-0.2791472066581394,-0.05262267077912275,-0.0821070883318431,-0.08284554452295878,-0.08539462764827666,-0.21553045995877596,-0.21607139875167392,False,False,False
recovery_sector_barbell_W_cyc35_mom63_ma100_top3,Recovery-oriented sector barbell,recovery_sector_barbell,long_rule,"W defensive/cyclical barbell; 35% cyclical budget, 63d momentum, 100d trend, top 3.",ETF-only,2007-01-03,2021-12-31,14.988095238095237,0.09737884062326518,0.09322810859498487,0.12879310304468344,0.6249783296670781,-0.2952559697765331,0.06270405742724408,0.32981158923549336,-0.019743773203069078,-0.17406734234771215,0.29187193436513326,515,515,204,204,39.0,0.23529411764705882,17,0,0.14694065740154244,7.577606588359239,0.05707128423026231,0.12507608792412617,-0.008248619545463631,0.442422236929186,0.02351746772588581,0.5416997617156474,"{""XLB"": 0.11716649567391489, ""XLK"": 0.11408804446790696, ""XLP"": 0.23627500772809631, ""XLU"": 0.18868297846481255, ""XLV"": 0.22828769285838954, ""XLY"": 0.11549978080687973}",-0.2827533654470358,-0.29525596977653334,-0.05963389035533362,-0.09058357022245245,-0.0807734458205559,-0.08476674697396103,-0.2206961746284174,-0.22142183167784724,False,False,False
recovery_sector_barbell_M_cyc35_mom63_ma50_top2,Recovery-oriented sector barbell,recovery_sector_barbell,long_rule,"M defensive/cyclical barbell; 35% cyclical budget, 63d momentum, 50d trend, top 2.",ETF-only,2007-01-03,2021-12-31,14.988095238095237,0.09926240705287803,0.09672296444806805,0.12942788701837038,0.63520595976191,-0.28135518430160855,0.05986531532920189,0.3528010592705845,-0.019855107644447888,-0.1611376560871277,0.29000555479073875,506,506,217,217,41.5,0.2777777777777778,18,0,0.13954121564295693,4.624658733973823,0.07248770594548626,0.1174663304499044,-0.008242935566048382,0.4669093315684977,0.030101277393162817,0.6115965051628276,"{""XLK"": 0.1702166099108103, ""XLP"": 0.24164249393658818, ""XLU"": 0.18208558086204332, ""XLV"": 0.24021264142971827, ""XLY"": 0.16584267386083987}",-0.2668875975286401,-0.28135518430161055,-0.05480191332389672,-0.08421850816737897,-0.08405045448009807,-0.08778476608131647,-0.21452866635412493,-0.2151553621284158,False,False,False
recovery_sector_barbell_M_cyc35_mom126_ma100_top3,Recovery-oriented sector barbell,recovery_sector_barbell,long_rule,"M defensive/cyclical barbell; 35% cyclical budget, 126d momentum, 100d trend, top 3.",ETF-only,2007-01-03,2021-12-31,14.988095238095237,0.10191464676908235,0.10037337027103765,0.13056598323713814,0.6490247476939005,-0.28701995113846646,0.06382886294688124,0.3550786151444778,-0.020103151752537594,-0.16691883560784893,0.3139007545290824,529,529,218,218,37.5,0.3333333333333333,18,0,0.15183899798920295,2.79886631207127,0.0560410765516457,0.13357047075134076,-0.0034058501158296117,0.4672402382528127,0.02938995764605168,0.5945194598888006,"{""XLE"": 0.11274472055243123, ""XLK"": 0.11338509515095986, ""XLP"": 0.2414452136768989, ""XLU"": 0.1819369236863416, ""XLV"": 0.24001652852130592, ""XLY"": 0.11047151841206247}",-0.26477227134771963,-0.28701995113846523,-0.09428200596582259,-0.1441123263948334,-0.08420745945350139,-0.08715341897580442,-0.2166111350753006,-0.21670474514949,False,False,False
recovery_sector_barbell_M_cyc35_mom63_ma50_top3,Recovery-oriented sector barbell,recovery_sector_barbell,long_rule,"M defensive/cyclical barbell; 35% cyclical budget, 63d momentum, 50d trend, top 3.",ETF-only,2007-01-03,2021-12-31,14.988095238095237,0.0950503975480872,0.09275190650616238,0.12585341474884287,0.6198586951101667,-0.27753006117858114,0.05921556598844696,0.34248685401660145,-0.0192872645812259,-0.15667265240429873,0.2842759047373129,529,529,218,218,41.0,0.3333333333333333,18,0,0.14306289024353017,4.201513847477588,0.06652902094769941,0.11446983834087487,-0.012964110852987654,0.4632693580410324,0.028835691870165103,0.5369340746624305,"{""SHY"": 0.10858009834298711, ""XLK"": 0.11391730509822515, ""XLP"": 0.24257851558282711, ""XLU"": 0.18279090401269574, ""XLV"": 0.24114312442720565, ""XLY"": 0.11099005253605927}",-0.263952870637581,-0.2775300611785825,-0.05262267077912297,-0.08210708833184333,-0.082845544522959,-0.08539462764827666,-0.20536424346310145,-0.20536424346310145,False,False,False
recovery_sector_barbell_M_cyc50_mom126_ma200_top3,Recovery-oriented sector barbell,recovery_sector_barbell,long_rule,"M defensive/cyclical barbell; 50% cyclical budget, 126d momentum, 200d trend, top 3.",ETF-only,2007-01-03,2021-12-31,14.988095238095237,0.10334827656171575,0.10152798935043506,0.13411946490772803,0.644743520422914,-0.2526017907309219,0.06471082237677304,0.40913516987615123,-0.020837075487508492,-0.15377939729142076,0.3379470317989075,510,510,227,227,23.0,0.38095238095238093,21,0,0.1655130016019401,3.30141948832222,0.05696959002270208,0.13536387295607977,-0.00165051786849435,0.4728656518861681,0.026651579535402536,0.6195393169181891,"{""XLE"": 0.16249945301603366, ""XLK"": 0.1634224276925984, ""XLP"": 0.18738247769292837, ""XLU"": 0.14119887085356525, ""XLV"": 0.18627369379855654, ""XLY"": 0.15922307694631768}",-0.22962332634208094,-0.25260179073092026,-0.10190353210970793,-0.16021602498557452,-0.08148964309009854,-0.08450739506656058,-0.2240622018883699,-0.22527502071273942,False,False,False
recovery_sector_barbell_W_cyc50_mom63_ma100_top2,Recovery-oriented sector barbell,recovery_sector_barbell,long_rule,"W defensive/cyclical barbell; 50% cyclical budget, 63d momentum, 100d trend, top 2.",ETF-only,2007-01-03,2021-12-31,14.988095238095237,0.09966417724485654,0.09291936519810551,0.1302046503248348,0.6351889152635105,-0.26858827531785257,0.06262765959575674,0.3710667456608522,-0.020270606064617128,-0.17162255301105434,0.3152465438665806,437,437,231,231,36.0,0.2,20,0,0.15138306462039133,12.30157298441007,0.06567770310993826,0.12290114415604592,0.0036264871242701613,0.41032428855062875,0.028775613487584506,0.5246227164416203,"{""XLK"": 0.24583369692020954, ""XLP"": 0.18276056449517025, ""XLU"": 0.14594775802332396, ""XLV"": 0.1765823140385322, ""XLY"": 0.24887566652276416}",-0.24767747548373076,-0.2685882753178539,-0.05426052528429559,-0.07834639476670135,-0.07215273628808572,-0.07807089410543622,-0.18740161155539825,-0.18957025094539703,False,False,False
recovery_sector_barbell_M_cyc35_mom63_ma100_top2,Recovery-oriented sector barbell,recovery_sector_barbell,long_rule,"M defensive/cyclical barbell; 35% cyclical budget, 63d momentum, 100d trend, top 2.",ETF-only,2007-01-03,2021-12-31,14.988095238095237,0.1141411325644004,0.11195814911134927,0.1322454012403677,0.7228935529254917,-0.28375480624159066,0.0594149951551982,0.40225268454913815,-0.020178511101107063,-0.16269291247906625,0.3026401564415542,505,505,243,243,28.5,0.2777777777777778,18,0,0.13391490277311838,3.9217597218679754,0.0758766932421413,0.1403804245801692,0.00110589681583817,0.5569159497021839,0.03572055973247368,0.6505162827640985,"{""XLE"": 0.16941813272834397, ""XLP"": 0.24187501970177847, ""XLU"": 0.18226079668741535, ""XLV"": 0.24044379128811802, ""XLY"": 0.16600225959434425}",-0.25598409730229665,-0.2837548062415921,-0.05480191332389672,-0.08421850816737941,-0.08405045448009729,-0.08778476608131547,-0.2152587197317063,-0.21627888778390258,False,False,False
recovery_sector_barbell_W_cyc50_mom63_ma200_top2,Recovery-oriented sector barbell,recovery_sector_barbell,long_rule,"W defensive/cyclical barbell; 50% cyclical budget, 63d momentum, 200d trend, top 2.",ETF-only,2007-01-03,2021-12-31,14.988095238095237,0.09428057779526178,0.08800102779158281,0.13227151761618727,0.5919077272294624,-0.25422270380005263,0.06747148445629184,0.37085821362915683,-0.02065584322556557,-0.15535248916483446,0.3152465438665797,557,557,257,257,32.0,0.29411764705882354,17,0,0.16234137703631435,11.507016058506514,0.0545050298158023,0.12160324538784195,-0.009636866566746671,0.3914626075446724,0.021734327014682586,0.5031771247021446,"{""XLK"": 0.24583369692020954, ""XLP"": 0.18276056449517025, ""XLU"": 0.14594775802332394, ""XLV"": 0.1765823140385322, ""XLY"": 0.2488756665227642}",-0.2296556789520855,-0.25422270380005174,-0.0542605252842957,-0.07834639476670147,-0.07215273628808538,-0.07807089410543588,-0.23901157149533692,-0.24104247569703885,False,False,False
recovery_sector_barbell_W_cyc35_mom63_ma100_top2,Recovery-oriented sector barbell,recovery_sector_barbell,long_rule,"W defensive/cyclical barbell; 35% cyclical budget, 63d momentum, 100d trend, top 2.",ETF-only,2007-01-03,2021-12-31,14.988095238095237,0.10173376032563364,0.09685611859253074,0.13163787693947226,0.6435530674123864,-0.30365572185614753,0.06456285933476837,0.3350299467560454,-0.0202123228988097,-0.18473368008593927,0.3005160290549229,568,568,257,257,45.0,0.125,16,0,0.14869734597562337,8.872268402191636,0.06311108290942591,0.12823495402273744,-0.007812568511416096,0.4811383189940437,0.029086099614116234,0.5901509134233519,"{""XLK"": 0.1715390573594524, ""XLP"": 0.23683692299401385, ""XLU"": 0.18913170914960925, ""XLV"": 0.22883061248781494, ""XLY"": 0.17366169800910952}",-0.27979976139398255,-0.3036557218561481,-0.06026747640100627,-0.09119630344805785,-0.07712931666758593,-0.08282684626023673,-0.2196371888380666,-0.22043223862879258,False,False,False
recovery_sector_barbell_M_cyc50_mom126_ma200_top2,Recovery-oriented sector barbell,recovery_sector_barbell,long_rule,"M defensive/cyclical barbell; 50% cyclical budget, 126d momentum, 200d trend, top 2.",ETF-only,2007-01-03,2021-12-31,14.988095238095237,0.09996917133154604,0.09747958802329526,0.14186909006399762,0.5968820767883338,-0.2757239570386566,0.07154761516812719,0.3625697687108499,-0.02187895926068485,-0.18044779330934613,0.33267235811522533,558,558,258,258,22.5,0.45,20,0,0.16118893628084935,4.530550578581044,0.05735777270769926,0.1293003319949897,-0.01661445128503858,0.4874255459960291,0.023985813183624805,0.5615567911040509,"{""XLK"": 0.24542243028356758, ""XLP"": 0.1876032305449905, ""XLU"": 0.14136521540099914, ""XLV"": 0.18649314040677975, ""XLY"": 0.23911598336366294}",-0.25720092878246725,-0.27572395703865826,-0.09666110371236536,-0.15534427546044582,-0.07497156419931483,-0.07737281654911998,-0.24170506669847158,-0.24416279264020246,False,False,False
recovery_sector_barbell_M_cyc35_mom126_ma200_top3,Recovery-oriented sector barbell,recovery_sector_barbell,long_rule,"M defensive/cyclical barbell; 35% cyclical budget, 126d momentum, 200d trend, top 3.",ETF-only,2007-01-03,2021-12-31,14.988095238095237,0.10397907362217462,0.102618738679495,0.13526742614292905,0.644749988947757,-0.2930178017786391,0.06692671215857612,0.35485582442777935,-0.02066078573109152,-0.17267228062215867,0.3165833954511017,573,573,262,262,38.0,0.4117647058823529,17,0,0.1547432233921821,2.4654838734167224,0.056685525916928325,0.13664901327841528,-0.011705753675720354,0.5357379219060225,0.02869815655660135,0.6330420969023034,"{""XLE"": 0.11274472055243123, ""XLK"": 0.11338509515095986, ""XLP"": 0.2414452136768989, ""XLU"": 0.18193692368634154, ""XLV"": 0.24001652852130595, ""XLY"": 0.11047151841206246}",-0.26761198474864856,-0.29301780177863823,-0.09392413085675277,-0.14765397638794053,-0.0835499134782135,-0.08715341897580509,-0.2440565814300757,-0.24414691194492433,False,False,False
recovery_sector_barbell_M_cyc35_mom126_ma100_top2,Recovery-oriented sector barbell,recovery_sector_barbell,long_rule,"M defensive/cyclical barbell; 35% cyclical budget, 126d momentum, 100d trend, top 2.",ETF-only,2007-01-03,2021-12-31,14.988095238095237,0.09932240805184156,0.09747474796813993,0.1342133693717678,0.618233617704711,-0.30192901376757564,0.06848337815639427,0.3289594690237347,-0.020666772338085723,-0.18393897863656516,0.3136496516220433,573,573,262,262,39.0,0.29411764705882354,17,0,0.15459452625112124,3.36357024908767,0.051840214317027344,0.13213272027387668,-0.013772191356309693,0.4880873593646592,0.028398974545603695,0.5730738681493248,"{""XLK"": 0.17021660991081028, ""XLP"": 0.24164249393658818, ""XLU"": 0.18208558086204332, ""XLV"": 0.24021264142971824, ""XLY"": 0.16584267386083987}",-0.28116809010108024,-0.30192901376757464,-0.09630177979879928,-0.14952368209129963,-0.0803885971102346,-0.08176800537795192,-0.21525871973170618,-0.21627888778390247,False,False,False
recovery_sector_barbell_W_cyc35_mom63_ma200_top3,Recovery-oriented sector barbell,recovery_sector_barbell,long_rule,"W defensive/cyclical barbell; 35% cyclical budget, 63d momentum, 200d trend, top 3.",ETF-only,2007-01-03,2021-12-31,14.988095238095237,0.09557284210840655,0.09165679940256011,0.12982496329052576,0.6089437139762824,-0.2848224361163124,0.06475268063662633,0.3355523652265148,-0.01987875221136404,-0.1618396457442256,0.2918719343651355,573,573,262,262,46.5,0.25,16,0,0.15231375702418953,7.160271570506314,0.05086716600686669,0.12640068683870775,-0.015949321243054704,0.45268034414295166,0.024518690537127075,0.5444797458300238,"{""XLB"": 0.11716649567391488, ""XLK"": 0.11408804446790695, ""XLP"": 0.23627500772809631, ""XLU"": 0.18868297846481258, ""XLV"": 0.22828769285838954, ""XLY"": 0.11549978080687971}",-0.2690273006768521,-0.28482243611631264,-0.059633890355333286,-0.09058357022245189,-0.08077344582055601,-0.08476674697396103,-0.2443234135462451,-0.2450270698407433,False,False,False
recovery_sector_barbell_M_cyc35_mom126_ma50_top3,Recovery-oriented sector barbell,recovery_sector_barbell,long_rule,"M defensive/cyclical barbell; 35% cyclical budget, 126d momentum, 50d trend, top 3.",ETF-only,2007-01-03,2021-12-31,14.988095238095237,0.09110446227312807,0.08899641313635942,0.1272677656293646,0.5874883156739771,-0.27576684420700903,0.06078265223916052,0.3303677152890032,-0.019640429679027814,-0.1546144780610219,0.30406889416267857,573,573,262,262,51.0,0.1875,16,0,0.15839651603008262,3.86696875634531,0.05179519769075713,0.11809934199565553,-0.015097356538868567,0.40966247518199866,0.028269250811629343,0.528196981731533,"{""SHY"": 0.10858009834298712, ""XLK"": 0.11391730509822515, ""XLP"": 0.24257851558282711, ""XLU"": 0.18279090401269574, ""XLV"": 0.24114312442720562, ""XLY"": 0.11099005253605929}",-0.2621565179858899,-0.27576684420701025,-0.09208591948376799,-0.14203706305399033,-0.08420745945350172,-0.08715341897580475,-0.205364243463101,-0.205364243463101,False,False,False
recovery_sector_barbell_W_cyc50_mom63_ma100_top3,Recovery-oriented sector barbell,recovery_sector_barbell,long_rule,"W defensive/cyclical barbell; 50% cyclical budget, 63d momentum, 100d trend, top 3.",ETF-only,2007-01-03,2021-12-31,14.988095238095237,0.09355667776930998,0.0878527703344616,0.1251771646526888,0.6120424520973167,-0.26142876592247666,0.061850705021631924,0.3578668071938687,-0.019509124715631578,-0.15604278815545403,0.3027846066283115,504,504,271,271,30.0,0.38095238095238093,21,0,0.15420129644506186,10.456573548168736,0.05713032622128389,0.11851330309209973,0.003925422013855595,0.37260092653871607,0.02089316765333815,0.43606036536934073,"{""XLB"": 0.1677396723741838, ""XLK"": 0.16333245345254935, ""XLP"": 0.18213978657525776, ""XLU"": 0.14545202117827824, ""XLV"": 0.17598252161665512, ""XLY"": 0.1653535448030756}",-0.2520080604351612,-0.2614287659224782,-0.05335212185494376,-0.07746112634125057,-0.07740503195898607,-0.08087333567393873,-0.18896657669048034,-0.19102980634484568,False,False,False
recovery_sector_barbell_W_cyc35_mom126_ma100_top3,Recovery-oriented sector barbell,recovery_sector_barbell,long_rule,"W defensive/cyclical barbell; 35% cyclical budget, 126d momentum, 100d trend, top 3.",ETF-only,2007-01-03,2021-12-31,14.988095238095237,0.0955915543985284,0.09197774355500798,0.12901015821462755,0.6121249738539654,-0.2993191012500305,0.0677961505728338,0.3193633617076707,-0.019916974033512638,-0.17882917477533944,0.30749753061693164,524,524,271,271,47.5,0.25,16,0,0.15635114056737515,6.606635029096477,0.0429599622802006,0.1321139099219868,-0.014702879380384393,0.43414956982131037,0.018385949117326383,0.5504368546465449,"{""XLB"": 0.11716649567391489, ""XLK"": 0.11408804446790698, ""XLP"": 0.23627500772809631, ""XLU"": 0.18868297846481258, ""XLV"": 0.22828769285838954, ""XLY"": 0.11549978080687971}",-0.28445420695496315,-0.2993191012500299,-0.11264190308329991,-0.14184696347987735,-0.0768606577023232,-0.08062552323237093,-0.22177118171475685,-0.22205723913877895,False,False,False
recovery_sector_barbell_M_cyc35_mom63_ma200_top3,Recovery-oriented sector barbell,recovery_sector_barbell,long_rule,"M defensive/cyclical barbell; 35% cyclical budget, 63d momentum, 200d trend, top 3.",ETF-only,2007-01-03,2021-12-31,14.988095238095237,0.10855404605298391,0.10678275490134403,0.1320802187491217,0.6866915068346865,-0.2853758033397735,0.06401268223291062,0.3803898045404274,-0.020028426025344614,-0.16372942865810214,0.2955960053903317,582,582,271,271,59.0,0.35294117647058826,17,0,0.1413509535966503,3.197681359719433,0.06455636387023511,0.13886435648933637,-0.01299008277732916,0.5440105890138981,0.03210230856998164,0.6187450357426529,"{""XLE"": 0.11274472055243126, ""XLK"": 0.11338509515095986, ""XLP"": 0.24144521367689892, ""XLU"": 0.1819369236863416, ""XLV"": 0.24001652852130595, ""XLY"": 0.11047151841206249}",-0.25969536664528403,-0.2853758033397713,-0.05262267077912297,-0.08210708833184321,-0.082845544522959,-0.08539462764827666,-0.2430137669626693,-0.2435357543672001,False,False,False
recovery_sector_barbell_W_cyc65_mom63_ma200_top2,Recovery-oriented sector barbell,recovery_sector_barbell,long_rule,"W defensive/cyclical barbell; 65% cyclical budget, 63d momentum, 200d trend, top 2.",ETF-only,2007-01-03,2021-12-31,14.988095238095237,0.09003862331162416,0.08207224665969104,0.13542837072875216,0.5543869015248459,-0.22632473563854172,0.0704788808491912,0.3978293537274815,-0.021568747738557312,-0.1379624243133526,0.3299204218094407,550,550,275,275,31.0,0.42857142857142855,21,1,0.16583069374987974,14.665792688197419,0.05300898624786887,0.1154230066636881,-0.006659113242347359,0.3553937789543349,0.01899423709364889,0.4436060365369341,"{""XLK"": 0.32060151766202083, ""XLP"": 0.12833979467226775, ""XLU"": 0.10248876911346054, ""XLV"": 0.12400124714573213, ""XLY"": 0.3245686714065187}",-0.1911152322394465,-0.21559822260144768,-0.048550400665912874,-0.06550291947941955,-0.06736435873359004,-0.07350701688781802,-0.2229732007254006,-0.22632473563854183,False,False,False
recovery_sector_barbell_W_cyc65_mom63_ma200_top3,Recovery-oriented sector barbell,recovery_sector_barbell,long_rule,"W defensive/cyclical barbell; 65% cyclical budget, 63d momentum, 200d trend, top 3.",ETF-only,2007-01-03,2021-12-31,14.988095238095237,0.08594834561606146,0.07916358573562787,0.1266833024549386,0.5537170109308525,-0.20574676873543096,0.06594364291064213,0.41773849545400216,-0.020188832351840467,-0.11491010908039867,0.3135751843676038,504,504,276,276,29.0,0.3684210526315789,19,0,0.16552001079481274,12.531267009484004,0.045047653017982636,0.11407580956412988,-0.003293401213186664,0.30311052283256124,0.019980370054744512,0.3415409054805401,"{""XLB"": 0.2185302335055752, ""XLK"": 0.2127885352750784, ""XLP"": 0.1277718698509359, ""XLU"": 0.1020352393564906, ""XLV"": 0.12345252111488565, ""XLY"": 0.21542160089703422}",-0.1934472006287753,-0.20396373397697176,-0.047365486170054205,-0.06487262269637117,-0.07425198700292157,-0.07771905141383029,-0.20243564553037496,-0.20574676873543096,False,False,False
recovery_sector_barbell_M_cyc35_mom63_ma200_top2,Recovery-oriented sector barbell,recovery_sector_barbell,long_rule,"M defensive/cyclical barbell; 35% cyclical budget, 63d momentum, 200d trend, top 2.",ETF-only,2007-01-03,2021-12-31,14.988095238095237,0.11108570448104937,0.10895934599719892,0.13725094678171817,0.6825511163026443,-0.2886623997890828,0.06571451664192109,0.3848291449188272,-0.020790047257514137,-0.16843000208999326,0.30264015644155706,588,588,277,277,34.5,0.2777777777777778,18,0,0.14054167852284344,3.8304205542524743,0.06584126950647917,0.14228276991076783,-0.020053977560143044,0.5532759761747187,0.028889887269170078,0.631056393963463,"{""XLE"": 0.16941813272834394, ""XLP"": 0.24187501970177847, ""XLU"": 0.18226079668741535, ""XLV"": 0.24044379128811805, ""XLY"": 0.16600225959434423}",-0.2610819711521025,-0.28866239978908337,-0.05480191332389728,-0.0842185081673793,-0.08405045448009751,-0.08778476608131613,-0.2565003658957532,-0.25746691957733536,False,False,False
recovery_sector_barbell_W_cyc65_mom63_ma100_top3,Recovery-oriented sector barbell,recovery_sector_barbell,long_rule,"W defensive/cyclical barbell; 65% cyclical budget, 63d momentum, 100d trend, top 3.",ETF-only,2007-01-03,2021-12-31,14.988095238095237,0.08917287193016632,0.08194803915706816,0.1260652214011156,0.5786363491159363,-0.23137551400050016,0.06575687387468608,0.3854032364460725,-0.01991433758792242,-0.13859753722404033,0.3135751843676089,467,467,277,277,36.0,0.2727272727272727,22,0,0.15693571345138627,13.307001704927815,0.056549736861224664,0.1114594634152879,0.011043880043718923,0.35903375248180014,0.01781160772483581,0.3439237490071485,"{""XLB"": 0.21853023350557524, ""XLK"": 0.21278853527507843, ""XLP"": 0.12777186985093592, ""XLU"": 0.10203523935649061, ""XLV"": 0.12345252111488565, ""XLY"": 0.21542160089703427}",-0.22122112106104697,-0.23137551400050171,-0.047365486170052984,-0.06487262269637073,-0.07425198700292068,-0.07771905141382962,-0.15656378502726642,-0.1600653472620004,False,False,False
recovery_sector_barbell_W_cyc35_mom63_ma200_top2,Recovery-oriented sector barbell,recovery_sector_barbell,long_rule,"W defensive/cyclical barbell; 35% cyclical budget, 63d momentum, 200d trend, top 2.",ETF-only,2007-01-03,2021-12-31,14.988095238095237,0.09792559647490706,0.09336888169357938,0.13352285483358334,0.6117263071923907,-0.2940164885428511,0.068700726407154,0.3330615808665268,-0.020477346401935888,-0.17344825344170567,0.3005160290549196,588,588,277,277,45.0,0.125,16,0,0.1516087629841133,8.316100102779682,0.05530455820173774,0.1272654445759407,-0.017013146226469766,0.4814692256783587,0.02405516360055815,0.5722795869737887,"{""XLK"": 0.17153905735945238, ""XLP"": 0.2368369229940139, ""XLU"": 0.18913170914960928, ""XLV"": 0.22883061248781497, ""XLY"": 0.17366169800910952}",-0.26767596458983645,-0.2940164885428508,-0.06026747640100616,-0.09119630344805807,-0.07712931666758671,-0.08282684626023773,-0.2550038779778748,-0.25576289545337905,False,False,False
recovery_sector_barbell_M_cyc35_mom126_ma200_top2,Recovery-oriented sector barbell,recovery_sector_barbell,long_rule,"M defensive/cyclical barbell; 35% cyclical budget, 126d momentum, 200d trend, top 2.",ETF-only,2007-01-03,2021-12-31,14.988095238095237,0.10167650192629019,0.09984620147392231,0.14026466447240307,0.6127105685718164,-0.30631570468275304,0.07126392018859298,0.33193368923606165,-0.021359403908563435,-0.19080404481612334,0.31292755012642837,578,578,278,278,36.0,0.29411764705882354,17,0,0.15541382551419994,3.3248552894879317,0.05706739416077111,0.13242939602238168,-0.021832464918753902,0.5241561879549967,0.026944221715939687,0.6036536934074662,"{""XLK"": 0.1702166099108103, ""XLP"": 0.24164249393658815, ""XLU"": 0.18208558086204327, ""XLV"": 0.24021264142971818, ""XLY"": 0.16584267386083987}",-0.28582367659881613,-0.3063157046827514,-0.09021998780859919,-0.143800067788994,-0.07905541940033978,-0.08176800537795192,-0.2565003658957532,-0.25746691957733536,False,False,False
recovery_sector_barbell_W_cyc35_mom126_ma200_top3,Recovery-oriented sector barbell,recovery_sector_barbell,long_rule,"W defensive/cyclical barbell; 35% cyclical budget, 126d momentum, 200d trend, top 3.",ETF-only,2007-01-03,2021-12-31,14.988095238095237,0.09695555443488235,0.09397862965002157,0.13351065636254958,0.6049654407409859,-0.30523869996831376,0.0718162652535182,0.31763847259520867,-0.02055416524398597,-0.18576671477844675,0.3072440597074757,589,589,278,278,50.0,0.3125,16,0,0.15697592630931223,5.434024376203582,0.04592897077069269,0.13231716421206619,-0.021806344923728016,0.43414956982131037,0.014939553098578306,0.6000794281175537,"{""XLB"": 0.11716649567391489, ""XLK"": 0.11408804446790698, ""XLP"": 0.23627500772809631, ""XLU"": 0.18868297846481258, ""XLV"": 0.22828769285838957, ""XLY"": 0.11549978080687973}",-0.28811937642886265,-0.3052386999683113,-0.11837939045756374,-0.14739561653136646,-0.09321586530534254,-0.09691402892537515,-0.24536582814626529,-0.2456432127691519,False,False,False
recovery_sector_barbell_W_cyc35_mom126_ma100_top2,Recovery-oriented sector barbell,recovery_sector_barbell,long_rule,"W defensive/cyclical barbell; 35% cyclical budget, 126d momentum, 100d trend, top 2.",ETF-only,2007-01-03,2021-12-31,14.988095238095237,0.09438242318271484,0.09017529685687142,0.13207836280720306,0.5928916975784783,-0.31498301303365894,0.07309971759263313,0.2996428990684306,-0.02050492348866452,-0.19510639459747792,0.31307196423964934,581,581,283,283,42.0,0.06666666666666667,15,0,0.1630426754394812,7.701806565677529,0.03817774826665277,0.13349751114579478,-0.02142459601824065,0.4586366644606221,0.01243083428711289,0.5591739475774424,"{""XLK"": 0.1715390573594524, ""XLP"": 0.2368369229940139, ""XLU"": 0.18913170914960928, ""XLV"": 0.22883061248781497, ""XLY"": 0.17366169800910955}",-0.29312199158004837,-0.31498301303365817,-0.11631452612661419,-0.14539871178483565,-0.08444237289369017,-0.08598027901384608,-0.22041380058769489,-0.22161124672665056,False,False,False
recovery_sector_barbell_M_cyc35_mom126_ma50_top2,Recovery-oriented sector barbell,recovery_sector_barbell,long_rule,"M defensive/cyclical barbell; 35% cyclical budget, 126d momentum, 50d trend, top 2.",ETF-only,2007-01-03,2021-12-31,14.988095238095237,0.09342080267649289,0.09096841546094114,0.13187094275272968,0.5873341210839718,-0.28974753742350634,0.06476658776246401,0.32242138624269095,-0.020342257172933784,-0.16961816963434162,0.30617960658959076,634,634,283,283,59.0,0.17647058823529413,17,0,0.155528872923404,4.48972507953047,0.05313880365592172,0.12110310631932553,-0.021716664522390294,0.45764394440767703,0.028492095276550833,0.56791104050834,"{""XLK"": 0.1702166099108103, ""XLP"": 0.24164249393658818, ""XLU"": 0.18208558086204335, ""XLV"": 0.24021264142971824, ""XLY"": 0.1658426738608399}",-0.28048895566780974,-0.2897475374235059,-0.09021998780860008,-0.14380006778899412,-0.08038859711023494,-0.08176800537795181,-0.21452866635412493,-0.21515536212841602,False,False,False
recovery_sector_barbell_W_cyc50_mom126_ma200_top3,Recovery-oriented sector barbell,recovery_sector_barbell,long_rule,"W defensive/cyclical barbell; 50% cyclical budget, 126d momentum, 200d trend, top 3.",ETF-only,2007-01-03,2021-12-31,14.988095238095237,0.09304162089649792,0.08900651890151945,0.13133843053400354,0.586052555467362,-0.2719029521012639,0.07287269006529189,0.34218687284368554,-0.020582930839668095,-0.1729151422031029,0.3250159528247649,556,556,300,300,26.0,0.35,20,0,0.15928777833593313,7.395336956521232,0.041322191278992504,0.12890839265141274,-0.016312289387560575,0.3785572468563865,0.007023241154219484,0.5198570293884035,"{""XLB"": 0.16773967237418383, ""XLK"": 0.16333245345254938, ""XLP"": 0.1821397865752578, ""XLU"": 0.14545202117827827, ""XLV"": 0.17598252161665515, ""XLY"": 0.16535354480307562}",-0.2598479879997295,-0.2719029521012645,-0.1366650572699818,-0.15865226760234763,-0.09518943790370671,-0.09824330892689903,-0.22501228838295584,-0.226361722819299,False,False,False
recovery_sector_barbell_W_cyc50_mom126_ma200_top2,Recovery-oriented sector barbell,recovery_sector_barbell,long_rule,"W defensive/cyclical barbell; 50% cyclical budget, 126d momentum, 200d trend, top 2.",ETF-only,2007-01-03,2021-12-31,14.988095238095237,0.0872975297853662,0.08224758956650824,0.13855959880529126,0.5262980053924039,-0.2968407336269968,0.08064872814280549,0.29408878194952265,-0.02168618984516286,-0.1999463110839511,0.3323564547660427,608,608,300,300,35.5,0.2,20,0,0.15951232898362044,9.308273050575846,0.03733196531216576,0.12190688209548406,-0.025167981553644747,0.3623428193249504,0.00191607463633936,0.4777601270849881,"{""XLK"": 0.24583369692020954, ""XLP"": 0.18276056449517025, ""XLU"": 0.14594775802332396, ""XLV"": 0.17658231403853217, ""XLY"": 0.24887566652276416}",-0.2813850355992037,-0.29684073362699737,-0.13377435432148932,-0.15636930150272743,-0.11260176588550641,-0.11319578621841231,-0.24008588612060489,-0.2426733946022258,False,False,False
recovery_sector_barbell_M_cyc50_mom126_ma100_top2,Recovery-oriented sector barbell,recovery_sector_barbell,long_rule,"M defensive/cyclical barbell; 50% cyclical budget, 126d momentum, 100d trend, top 2.",ETF-only,2007-01-03,2021-12-31,14.988095238095237,0.09656989836868535,0.09405765381448239,0.13409297993900152,0.6006819343424862,-0.26644903670503706,0.06744201839402449,0.362432904854483,-0.020926185479899453,-0.17041173049787062,0.33369959471712884,513,513,302,302,27.0,0.4444444444444444,18,0,0.16622894434982363,4.585949719189333,0.049919254996374285,0.12878742298149204,-0.0049433268776605255,0.414295168762409,0.0260994359119342,0.494440031771247,"{""XLK"": 0.24542243028356767, ""XLP"": 0.18760323054499053, ""XLU"": 0.1413652154009992, ""XLV"": 0.18649314040677978, ""XLY"": 0.23911598336366297}",-0.25018126356393966,-0.26644903670503917,-0.1053024255624283,-0.16287137565958965,-0.07688127424537305,-0.07737281654912087,-0.18302757303663697,-0.18567547985922983,False,False,False
recovery_sector_barbell_W_cyc65_mom63_ma50_top3,Recovery-oriented sector barbell,recovery_sector_barbell,long_rule,"W defensive/cyclical barbell; 65% cyclical budget, 63d momentum, 50d trend, top 3.",ETF-only,2007-01-03,2021-12-31,14.988095238095237,0.07249209946502844,0.06370523088694324,0.11972417036851093,0.4781368981363377,-0.29397213469119154,0.0758739405870046,0.24659513916575496,-0.01915384132819665,-0.15004453697339493,0.2628627394514951,628,628,335,335,66.0,0.125,16,0,0.1427147166084086,16.448309608242127,0.05368549978578607,0.08520465546069911,-0.005764060012310335,0.3471211118464593,0.011953122017194895,0.21564733915806195,"{""XLB"": 0.21853023350557524, ""XLK"": 0.21278853527507838, ""XLP"": 0.12777186985093592, ""XLU"": 0.10203523935649061, ""XLV"": 0.12345252111488565, ""XLY"": 0.21542160089703424}",-0.28464471343264686,-0.2939721346911921,-0.05258711940236438,-0.06487262269637117,-0.06374925660408648,-0.06725565530712663,-0.15656378502726642,-0.16006534726200017,False,False,False
recovery_sector_barbell_M_cyc65_mom63_ma50_top3,Recovery-oriented sector barbell,recovery_sector_barbell,long_rule,"M defensive/cyclical barbell; 65% cyclical budget, 63d momentum, 50d trend, top 3.",ETF-only,2007-01-03,2021-12-31,14.988095238095237,0.08569493515562021,0.08170176872296064,0.1215250970209473,0.5696482741816029,-0.19594841651717199,0.06231510662939013,0.43733415497190464,-0.019410910069876254,-0.10387580273800034,0.2982647880464411,609,609,348,348,44.0,0.22727272727272727,22,1,0.15641767175648394,7.366920926340276,0.07516467157186812,0.09276608146616794,0.0043845966208779785,0.3812045003309067,0.02642151467385223,0.3312152501985703,"{""SHY"": 0.206137350201725, ""XLK"": 0.21626994056398605, ""XLP"": 0.13352671600783844, ""XLU"": 0.10061677997442228, ""XLV"": 0.13273660866161968, ""XLY"": 0.21071260459040841}",-0.18328536515320348,-0.1959484165171731,-0.03253999584063039,-0.0480896353897039,-0.07856049592260139,-0.08925800226646174,-0.13108580293442706,-0.13325379582362507,False,False,False
recovery_sector_barbell_M_cyc65_mom126_ma50_top3,Recovery-oriented sector barbell,recovery_sector_barbell,long_rule,"M defensive/cyclical barbell; 65% cyclical budget, 126d momentum, 50d trend, top 3.",ETF-only,2007-01-03,2021-12-31,14.988095238095237,0.07849689912157642,0.07486465324704872,0.12351484637128968,0.5110931486284455,-0.19222313053327078,0.06441013922291752,0.408363441505755,-0.019936021442753676,-0.10464630126338892,0.33552395954786096,536,536,372,372,39.0,0.3,20,0,0.1885502016689783,6.744596661628728,0.04765167905264911,0.09954450844667462,-0.00029121443169533023,0.24454003970880211,0.017871906214403932,0.2664813343923749,"{""SHY"": 0.20613735020172502, ""XLK"": 0.21626994056398605, ""XLP"": 0.1335267160078385, ""XLU"": 0.10061677997442231, ""XLV"": 0.1327366086616197, ""XLY"": 0.21071260459040841}",-0.1795014094412274,-0.1922231305332699,-0.1065567298874096,-0.16228741353721898,-0.08119364621597758,-0.09132885839836402,-0.13108580293442673,-0.13325379582362473,False,False,False
recovery_sector_barbell_W_cyc50_mom126_ma100_top3,Recovery-oriented sector barbell,recovery_sector_barbell,long_rule,"W defensive/cyclical barbell; 50% cyclical budget, 126d momentum, 100d trend, top 3.",ETF-only,2007-01-03,2021-12-31,14.988095238095237,0.09107333756342095,0.0861349100214508,0.12521706086962275,0.5945671887514494,-0.26650992589079037,0.07053455114286192,0.34172587478314304,-0.019706857032564307,-0.16279342317101175,0.3253817779174264,521,521,376,376,28.0,0.3157894736842105,19,0,0.15868624861496253,9.070875523828706,0.037106262944494484,0.12856898228107072,-0.00613932202566303,0.33487756452680345,0.0119383737602472,0.4312946783161239,"{""XLB"": 0.16773967237418386, ""XLK"": 0.16333245345254938, ""XLP"": 0.18213978657525778, ""XLU"": 0.14545202117827827, ""XLV"": 0.17598252161665517, ""XLY"": 0.16535354480307562}",-0.25436567048179237,-0.26650992589078926,-0.12853098826763643,-0.15072535514743324,-0.07177154997157587,-0.07490445987028105,-0.19056310221004846,-0.19197252071766002,False,False,False
recovery_sector_barbell_M_cyc50_mom126_ma50_top3,Recovery-oriented sector barbell,recovery_sector_barbell,long_rule,"M defensive/cyclical barbell; 50% cyclical budget, 126d momentum, 50d trend, top 3.",ETF-only,2007-01-03,2021-12-31,14.988095238095237,0.08502500225580856,0.0821474562361022,0.1231508236452933,0.5588187662983057,-0.23358440950031778,0.059619115045751556,0.3640011867131607,-0.019406287759110765,-0.12719435597655915,0.31982931384796887,541,541,380,380,45.0,0.29411764705882354,17,0,0.17268891665793942,5.30949737353786,0.050012802711492776,0.10899128956432036,-0.004780195500343254,0.3213103904698875,0.02507045321709489,0.38443208895949166,"{""SHY"": 0.15682180663444875, ""XLK"": 0.16453031324395734, ""XLP"": 0.18865279500827462, ""XLU"": 0.1421560968053245, ""XLV"": 0.1875364943631514, ""XLY"": 0.16030249394484342}",-0.22127370319667472,-0.23358440950031611,-0.0992660068730381,-0.15216429087477035,-0.08243022483716522,-0.08450739506656046,-0.16827366727883253,-0.16924718161786978,False,False,False
recovery_sector_barbell_W_cyc65_mom126_ma200_top3,Recovery-oriented sector barbell,recovery_sector_barbell,long_rule,"W defensive/cyclical barbell; 65% cyclical budget, 126d momentum, 200d trend, top 3.",ETF-only,2007-01-03,2021-12-31,14.988095238095237,0.08861502348534978,0.08354664849378257,0.13307058404860722,0.5511694700490767,-0.24384234850939546,0.07998876125132895,0.36341113029402833,-0.021240756766026506,-0.16071857491661645,0.34282735166160494,543,543,381,381,23.0,0.3888888888888889,18,0,0.16167411283181052,9.331004992464248,0.03614877711780151,0.1250275980949076,-0.016546368876363404,0.3027796161482462,-0.0014834039544849853,0.43328038125496426,"{""XLB"": 0.21853023350557524, ""XLK"": 0.2127885352750784, ""XLP"": 0.1277718698509359, ""XLU"": 0.1020352393564906, ""XLV"": 0.12345252111488564, ""XLY"": 0.21542160089703424}",-0.23162820863875555,-0.2438423485093949,-0.15486929387484083,-0.16992746848071216,-0.09737868193836696,-0.10054420820365284,-0.20447480429914422,-0.2069497799414225,False,False,False
recovery_sector_barbell_W_cyc65_mom126_ma200_top2,Recovery-oriented sector barbell,recovery_sector_barbell,long_rule,"W defensive/cyclical barbell; 65% cyclical budget, 126d momentum, 200d trend, top 2.",ETF-only,2007-01-03,2021-12-31,14.988095238095237,0.081076852359798,0.07470997332863227,0.1431880996070408,0.47565654129130425,-0.27794626965248226,0.09002569347179826,0.29169973197038707,-0.022768549515421798,-0.1963590829657632,0.3524874666741282,595,595,384,384,42.5,0.25,16,0,0.16025861276638856,11.810108128895225,0.030860567062881206,0.11587491205197509,-0.026713924884732565,0.2802779616148246,-0.008197687531074194,0.3967434471803018,"{""XLK"": 0.32060151766202083, ""XLP"": 0.12833979467226775, ""XLU"": 0.10248876911346053, ""XLV"": 0.12400124714573214, ""XLY"": 0.3245686714065187}",-0.260745655647167,-0.2779462696524818,-0.15118816772571597,-0.16780111250916685,-0.11996270919573493,-0.12059797437959463,-0.22439030653994096,-0.22847545537193192,False,False,False
recovery_sector_barbell_W_cyc50_mom126_ma100_top2,Recovery-oriented sector barbell,recovery_sector_barbell,long_rule,"W defensive/cyclical barbell; 50% cyclical budget, 126d momentum, 100d trend, top 2.",ETF-only,2007-01-03,2021-12-31,14.988095238095237,0.08925560763016027,0.08348006393470353,0.13049924037940744,0.5635958428685016,-0.2836830370311736,0.07709395289964552,0.31463145827909367,-0.020623755133046096,-0.1864360831283669,0.3334475228410412,516,516,392,392,25.0,0.2857142857142857,21,0,0.15916357370341352,10.629998608780575,0.030243526738318982,0.13042611974322438,-0.015989170526840013,0.34215751158173396,0.003411936526405812,0.4527402700555997,"{""XLK"": 0.24583369692020948, ""XLP"": 0.18276056449517025, ""XLU"": 0.14594775802332394, ""XLV"": 0.17658231403853214, ""XLY"": 0.24887566652276413}",-0.2673148318686609,-0.2836830370311739,-0.13377435432148954,-0.15636930150272776,-0.08268396915552101,-0.08329801632518441,-0.18854878580992807,-0.19131177818076261,False,False,False
recovery_QQQ_vol8_trend20,Recovery-oriented fast trend plus volatility target,recovery_fast_vol_trend,long_rule,"Weekly unlevered QQQ 8% volatility target, disabled below the 20d moving average; residual SHY.",ETF-only,2007-01-03,2021-12-31,14.988095238095237,0.04725624787756666,0.03996309617475191,0.061512948563302895,0.47695089914986266,-0.09873151222466181,0.03553125714443406,0.47863389117383215,-0.010155424640435215,-0.06601846759476315,0.12982412676346988,608,608,395,395,90.0,0.0,9,0,0.1458002686715302,13.973189616423594,0.04154864006646797,0.05107530706155616,0.00550775012606497,0.0,0.021970317302608677,0.0,"{""QQQ"": 0.4135385217324469, ""SHY"": 0.5864614782675532}",-0.039416850527451364,-0.05556509033083623,-0.01311323884399529,-0.02347640537536666,-0.04234249112672517,-0.04847469607296706,-0.03703108606537042,-0.08364008749183371,False,False,False
recovery_sector_barbell_W_cyc50_mom63_ma50_top3,Recovery-oriented sector barbell,recovery_sector_barbell,long_rule,"W defensive/cyclical barbell; 50% cyclical budget, 63d momentum, 50d trend, top 3.",ETF-only,2007-01-03,2021-12-31,14.988095238095237,0.08061141764698765,0.07367822465910079,0.120405746288147,0.5359199982627962,-0.30821698446640344,0.07132908267830773,0.26154112754864917,-0.018902240137451197,-0.16473128351731348,0.26388632345533036,750,750,399,399,43.0,0.13333333333333333,15,0,0.15207708216027835,12.869840408596081,0.05491164832347595,0.09807595019008453,-0.009174533693528608,0.3878226340172071,0.016332175381174485,0.26131850675139,"{""XLB"": 0.16773967237418383, ""XLK"": 0.16333245345254938, ""XLP"": 0.18213978657525778, ""XLU"": 0.14545202117827824, ""XLV"": 0.17598252161665515, ""XLY"": 0.16535354480307562}",-0.2993930772388085,-0.3082169844664032,-0.057348174780352035,-0.07746112634125013,-0.06938933612424425,-0.07288777317896644,-0.188966576690481,-0.19102980634484634,False,False,False
recovery_QQQ_vol10_trend20,Recovery-oriented fast trend plus volatility target,recovery_fast_vol_trend,long_rule,"Weekly unlevered QQQ 10% volatility target, disabled below the 20d moving average; residual SHY.",ETF-only,2007-01-03,2021-12-31,14.988095238095237,0.05365214712958055,0.04461667847377204,0.07631981548135053,0.4759398066230745,-0.1239114944736106,0.04688792905317535,0.4329876526588648,-0.012693987610401941,-0.08327920582050496,0.16359668641448333,614,614,401,401,107.5,0.0,10,0,0.14663751739325437,17.219214762153477,0.043830748892275784,0.060245191189224334,0.0045672058451169395,0.016214427531436135,0.023399176433601232,0.0,"{""QQQ"": 0.5176995815813663, ""SHY"": 0.48230041841863375}",-0.06911124771701849,-0.08755871102573576,-0.017400885142375144,-0.030226615126006218,-0.05540051902954646,-0.06210155506321591,-0.05132730297990307,-0.10523728889595485,False,False,False
recovery_sector_barbell_W_cyc35_mom63_ma50_top3,Recovery-oriented sector barbell,recovery_sector_barbell,long_rule,"W defensive/cyclical barbell; 35% cyclical budget, 63d momentum, 50d trend, top 3.",ETF-only,2007-01-03,2021-12-31,14.988095238095237,0.08824141851992495,0.08321084394395983,0.12564415674051746,0.5731744592383653,-0.3240413678903342,0.0702624140246335,0.27231528830537655,-0.019363379896729666,-0.18006194757517824,0.26472504078373515,742,742,404,404,46.0,0.23076923076923078,13,0,0.15731456586552764,9.264709287480484,0.055508584487708124,0.11060537541706283,-0.018503574954079616,0.43646591661151557,0.020287576523127848,0.4690230341540905,"{""XLB"": 0.1171664956739149, ""XLK"": 0.11408804446790698, ""XLP"": 0.23627500772809631, ""XLU"": 0.18868297846481258, ""XLV"": 0.22828769285838954, ""XLY"": 0.11549978080687974}",-0.3149194074587278,-0.32404136789033433,-0.06241611759726595,-0.09058357022245223,-0.07520769949425676,-0.079225179345637,-0.22069617462841729,-0.22142183167784713,False,False,False
recovery_QQQ_vol12_trend20,Recovery-oriented fast trend plus volatility target,recovery_fast_vol_trend,long_rule,"Weekly unlevered QQQ 12% volatility target, disabled below the 20d moving average; residual SHY.",ETF-only,2007-01-03,2021-12-31,14.988095238095237,0.05951048410964144,0.04903184150767825,0.08918453824465572,0.4803173960426129,-0.14855901071675282,0.05756211576181351,0.40058481691902187,-0.014881844358771261,-0.10040799579898707,0.1958718290441479,618,618,405,405,143.0,0.0,9,0,0.14362592759425108,19.871181782105705,0.04693945271342881,0.06796742165518022,0.004499252082135197,0.07114493712772998,0.022653040773780164,0.028196981731532962,"{""QQQ"": 0.6221740163187962, ""SHY"": 0.3778259836812038}",-0.0981433294797498,-0.11871216231382586,-0.02169584199237895,-0.03695575137525198,-0.06834376744471882,-0.07560219942622859,-0.06553541834198129,-0.12654676506079943,False,False,False
recovery_sector_barbell_W_cyc50_mom63_ma50_top2,Recovery-oriented sector barbell,recovery_sector_barbell,long_rule,"W defensive/cyclical barbell; 50% cyclical budget, 63d momentum, 50d trend, top 2.",ETF-only,2007-01-03,2021-12-31,14.988095238095237,0.08272995949722017,0.07495720182582932,0.12677164048572034,0.5308486817191317,-0.32930621984948705,0.07782728821396483,0.25122501340859216,-0.020028880600838062,-0.1912041500297581,0.2878488302041562,757,757,419,419,52.0,0.2,15,0,0.1610781099733091,14.405441935270922,0.05488276598518871,0.10168508487956918,-0.018755700300413847,0.4073461283917935,0.017008220425318576,0.3149324861000794,"{""XLK"": 0.24583369692020954, ""XLP"": 0.18276056449517022, ""XLU"": 0.14594775802332394, ""XLV"": 0.17658231403853217, ""XLY"": 0.24887566652276413}",-0.31404441096677105,-0.3293062198494865,-0.06025320093534714,-0.0783463947667008,-0.07678691883999045,-0.08267551810307339,-0.1874016115553987,-0.18957025094539748,False,False,False
recovery_sector_barbell_W_cyc65_mom126_ma100_top3,Recovery-oriented sector barbell,recovery_sector_barbell,long_rule,"W defensive/cyclical barbell; 65% cyclical budget, 126d momentum, 100d trend, top 3.",ETF-only,2007-01-03,2021-12-31,14.988095238095237,0.08603420506911408,0.07980085928246661,0.1257592559595275,0.5577256844350222,-0.23650973538953934,0.08015468521683768,0.36376601972605016,-0.02008898815658241,-0.1472935072727447,0.3433076571978493,509,509,420,420,25.0,0.42857142857142855,21,0,0.1610346990379678,11.508890074660012,0.0307052409231805,0.1245259807721002,-0.009078689861466205,0.25909993381866314,0.002573678664425927,0.2835583796664019,"{""XLB"": 0.21853023350557518, ""XLK"": 0.21278853527507838, ""XLP"": 0.1277718698509359, ""XLU"": 0.10203523935649057, ""XLV"": 0.12345252111488561, ""XLY"": 0.21542160089703422}",-0.22417715254330128,-0.23650973538953823,-0.144378714195743,-0.15962380542809596,-0.06687273074639533,-0.07014524250804977,-0.15872022587623413,-0.16133754957704205,False,False,False
recovery_sector_barbell_W_cyc35_mom126_ma50_top3,Recovery-oriented sector barbell,recovery_sector_barbell,long_rule,"W defensive/cyclical barbell; 35% cyclical budget, 126d momentum, 50d trend, top 3.",ETF-only,2007-01-03,2021-12-31,14.988095238095237,0.08528699786910643,0.08064438052721923,0.12561459418012078,0.5526423683583283,-0.31546943592299015,0.07457678919554851,0.27034947971925244,-0.019483442765236836,-0.18521721524703316,0.2819643938698069,758,758,420,420,45.0,0.23076923076923078,13,0,0.16399202396816234,8.571878997352838,0.041353412885864804,0.11557390888051433,-0.019761036957206213,0.38451356717405694,0.01734565476829797,0.4344718030182685,"{""XLB"": 0.11716649567391488, ""XLK"": 0.11408804446790695, ""XLP"": 0.23627500772809626, ""XLU"": 0.18868297846481255, ""XLV"": 0.22828769285838954, ""XLY"": 0.11549978080687974}",-0.30386345866820397,-0.31546943592299004,-0.11843179590130315,-0.14184696347987735,-0.07493871744350433,-0.07871142127736985,-0.22177118171475652,-0.22205723913877862,False,False,False
recovery_sector_barbell_W_cyc50_mom126_ma50_top3,Recovery-oriented sector barbell,recovery_sector_barbell,long_rule,"W defensive/cyclical barbell; 50% cyclical budget, 126d momentum, 50d trend, top 3.",ETF-only,2007-01-03,2021-12-31,14.988095238095237,0.07647231841443491,0.07009319703369021,0.120042058019735,0.5066324323021536,-0.2947473541330946,0.07898170374811816,0.25945039825498645,-0.019006084796101486,-0.17205369374454016,0.2885823163950567,758,758,420,420,56.5,0.21428571428571427,14,0,0.15101432090161013,11.883810774067426,0.03483489120672556,0.10513158767335518,-0.011511131247180728,0.23527465254798147,0.00946489542446316,0.25933280381254964,"{""XLB"": 0.16773967237418383, ""XLK"": 0.16333245345254938, ""XLP"": 0.18213978657525776, ""XLU"": 0.14545202117827827, ""XLV"": 0.17598252161665515, ""XLY"": 0.16535354480307562}",-0.2830706204435769,-0.29474735413309516,-0.13664083147591555,-0.15072535514743324,-0.0690037246155919,-0.07214597633899034,-0.19056310221004902,-0.19197252071766058,False,False,False
recovery_sector_barbell_W_cyc35_mom63_ma50_top2,Recovery-oriented sector barbell,recovery_sector_barbell,long_rule,"W defensive/cyclical barbell; 35% cyclical budget, 63d momentum, 50d trend, top 2.",ETF-only,2007-01-03,2021-12-31,14.988095238095237,0.08979886284591809,0.08417698568568865,0.12932398273296117,0.5715181580115202,-0.33897728880930933,0.07524163758060613,0.2649111483584795,-0.020069424574805504,-0.19825417354365193,0.28148920594402504,758,758,420,420,69.0,0.07692307692307693,13,0,0.16309799446072668,10.341644751158313,0.055562754071242226,0.11321673345822614,-0.02505349909639487,0.4503639973527465,0.020799589460148926,0.4920571882446386,"{""XLK"": 0.1715390573594524, ""XLP"": 0.23683692299401388, ""XLU"": 0.18913170914960925, ""XLV"": 0.22883061248781494, ""XLY"": 0.17366169800910952}",-0.32489237872535737,-0.33897728880931055,-0.06444192202857102,-0.09119630344805807,-0.08034387704028678,-0.08602156089162016,-0.2196371888380665,-0.22043223862879247,False,False,False
recovery_sector_barbell_M_cyc50_mom126_ma50_top2,Recovery-oriented sector barbell,recovery_sector_barbell,long_rule,"M defensive/cyclical barbell; 50% cyclical budget, 126d momentum, 50d trend, top 2.",ETF-only,2007-01-03,2021-12-31,14.988095238095237,0.08824675930851766,0.08487787818085413,0.13091272171347243,0.5557512510853359,-0.25918657585004223,0.06566385941758236,0.34047580982579384,-0.020543727275033244,-0.14939149652312544,0.3229159877222558,620,620,423,423,59.5,0.25,16,0,0.16804050124584433,6.199077936254514,0.051825096315073926,0.11320356878375892,-0.014520984366176437,0.400397088021178,0.024520532110939408,0.4567116759332804,"{""XLK"": 0.2454224302835676, ""XLP"": 0.1876032305449905, ""XLU"": 0.14136521540099917, ""XLV"": 0.18649314040677975, ""XLY"": 0.2391159833636629}",-0.24894962330825554,-0.25918657585004146,-0.0966611037123647,-0.15534427546044582,-0.07688127424537283,-0.07737281654912076,-0.18192584358262076,-0.18398703863069799,False,False,False
recovery_SPY_vol12_trend100,Recovery-oriented fast trend plus volatility target,recovery_fast_vol_trend,long_rule,"Weekly unlevered SPY 12% volatility target, disabled below the 100d moving average; residual SHY.",ETF-only,2007-01-03,2021-12-31,14.988095238095237,0.06767242181413091,0.06335791665915402,0.09623316554362504,0.5282587443920885,-0.21770824385483512,0.07436583673430393,0.31083996001205155,-0.016010280741106536,-0.15472661678023414,0.2739859320632243,778,778,423,423,74.0,0.3076923076923077,13,0,0.1604849715562035,8.09546542829759,0.04325085749967217,0.08425549266429289,-0.026319206258579086,0.20681667769688947,0.0025415413629616967,0.1699761715647339,"{""SHY"": 0.17825843904617494, ""SPY"": 0.8217415609538251}",-0.06520052280339006,-0.11091453001919993,-0.03487824085410862,-0.038346689932239775,-0.046972348670877406,-0.06704824332613313,-0.07207027838240321,-0.12437189310971442,False,False,False
recovery_sector_barbell_W_cyc65_mom126_ma50_top2,Recovery-oriented sector barbell,recovery_sector_barbell,long_rule,"W defensive/cyclical barbell; 65% cyclical budget, 126d momentum, 50d trend, top 2.",ETF-only,2007-01-03,2021-12-31,14.988095238095237,0.07011761174568476,0.06109455970510891,0.12779111269876445,0.4399451021926733,-0.295347001775642,0.09790977779507021,0.2374075623728493,-0.02077330277158403,-0.1944067729171458,0.3121042365407838,754,754,424,424,53.0,0.2,15,0,0.148247853166074,16.92948596922382,0.021751411465372517,0.10359707681809094,-0.018452889261278527,0.1757114493712773,-0.011323705444931442,0.13105639396346305,"{""XLK"": 0.32060151766202083, ""XLP"": 0.12833979467226775, ""XLU"": 0.10248876911346054, ""XLV"": 0.12400124714573213, ""XLY"": 0.3245686714065187}",-0.27856090439711023,-0.2953470017756413,-0.16656753187278517,-0.1807684025287677,-0.08815802108487492,-0.08881624485384432,-0.15600198905004536,-0.1604473402591745,False,False,False
recovery_QQQ_vol8_trend50,Recovery-oriented fast trend plus volatility target,recovery_fast_vol_trend,long_rule,"Weekly unlevered QQQ 8% volatility target, disabled below the 50d moving average; residual SHY.",ETF-only,2007-01-03,2021-12-31,14.988095238095237,0.04488553382705818,0.040055379034873884,0.0689846333410512,0.3998982527532693,-0.13624857529333112,0.05288232810256471,0.32943855545222106,-0.011544849654030834,-0.09412420299323376,0.1978130858571283,675,675,433,433,140.0,0.0,9,1,0.17073398539527151,9.264654481612022,0.02301655012530701,0.05971077851500972,-0.019535021273986986,0.05526141628060887,0.006689224010113737,0.0,"{""QQQ"": 0.4135385217324468, ""SHY"": 0.5864614782675532}",-0.055702641408114206,-0.07404096236804425,-0.07311712438677476,-0.08285019810214733,-0.01302271840401703,-0.025804586677874775,-0.03703108606537053,-0.08364008749183394,False,False,False
recovery_sector_barbell_W_cyc65_mom63_ma50_top2,Recovery-oriented sector barbell,recovery_sector_barbell,long_rule,"W defensive/cyclical barbell; 65% cyclical budget, 63d momentum, 50d trend, top 2.",ETF-only,2007-01-03,2021-12-31,14.988095238095237,0.07510880093247985,0.06523844747989149,0.1291608779348553,0.4714750346409339,-0.3206251995412982,0.0832572433083285,0.2342573230049731,-0.020723545903052042,-0.18505643855248421,0.29402752646677754,757,757,434,434,44.0,0.3333333333333333,15,1,0.1562716592021394,18.440238082335405,0.05351133730836599,0.08973952356290815,-0.018921970431244883,0.37127729980145596,0.012760339275552202,0.21326449563145353,"{""XLK"": 0.3206015176620209, ""XLP"": 0.12833979467226778, ""XLU"": 0.10248876911346053, ""XLV"": 0.12400124714573214, ""XLY"": 0.3245686714065187}",-0.304194786870262,-0.32062519954129853,-0.05637684656536246,-0.06550291947941944,-0.07344251677835512,-0.07954514209936858,-0.15445993188023133,-0.1581069837726613,False,False,False
recovery_QQQ_vol12_trend50,Recovery-oriented fast trend plus volatility target,recovery_fast_vol_trend,long_rule,"Weekly unlevered QQQ 12% volatility target, disabled below the 50d moving average; residual SHY.",ETF-only,2007-01-03,2021-12-31,14.988095238095237,0.053721681570437774,0.04683438961103725,0.10027660091852668,0.3842727655562492,-0.20297985143371955,0.08409167207765057,0.2646650945450115,-0.016923724561643413,-0.1425218969522185,0.25522197335294905,790,790,434,434,124.0,0.09090909090909091,11,1,0.14951697215487872,13.110651374780543,0.018824173771210262,0.07762691648678866,-0.03188172161260616,0.2749834546657842,0.0003840653047908482,0.12589356632247817,"{""QQQ"": 0.6221740163187962, ""SHY"": 0.37782598368120385}",-0.1210098116487156,-0.14105712386359426,-0.1108386156736314,-0.12470804681169778,-0.02509199365969783,-0.038345228860449776,-0.06553541834198129,-0.12654676506079932,False,False,False
recovery_QQQ_vol10_trend50,Recovery-oriented fast trend plus volatility target,recovery_fast_vol_trend,long_rule,"Weekly unlevered QQQ 10% volatility target, disabled below the 50d moving average; residual SHY.",ETF-only,2007-01-03,2021-12-31,14.988095238095237,0.049866143075063096,0.04386554027714329,0.0857783846435254,0.391319037429116,-0.17189951426802363,0.06935728675170288,0.29008891204493115,-0.014436565538073392,-0.11839790405273509,0.23350947707762182,784,784,434,434,129.0,0.0,10,1,0.16124499128580239,11.460685610341597,0.02053678784348434,0.06986801445941926,-0.02620142327214947,0.1585043017868961,0.005833477346577576,0.09451945988880063,"{""QQQ"": 0.5176995815813662, ""SHY"": 0.4823004184186338}",-0.08880926654482657,-0.10686637334887128,-0.09204624441593456,-0.10389763887646453,-0.019054553145684383,-0.03207490776916233,-0.051327302979902845,-0.10523728889595474,False,False,False
recovery_sector_barbell_W_cyc65_mom126_ma50_top3,Recovery-oriented sector barbell,recovery_sector_barbell,long_rule,"W defensive/cyclical barbell; 65% cyclical budget, 126d momentum, 50d trend, top 3.",ETF-only,2007-01-03,2021-12-31,14.988095238095237,0.067216898633091,0.05914925866006571,0.11883388993685695,0.44099703277986085,-0.27447173052458174,0.08827524153372134,0.24489552532285666,-0.01919306530215639,-0.15949811719637197,0.2950523239301108,622,622,439,439,60.0,0.21428571428571427,14,0,0.14935182722186752,15.171588565238542,0.027784754717510296,0.09431770260396566,-0.00883678676824784,0.1555261416280609,-0.0023401036763862626,0.10127084988085783,"{""XLB"": 0.21853023350557518, ""XLK"": 0.21278853527507838, ""XLP"": 0.1277718698509359, ""XLU"": 0.10203523935649059, ""XLV"": 0.12345252111488564, ""XLY"": 0.21542160089703424}",-0.2627523440368471,-0.2744717305245814,-0.15471336630442134,-0.16206376417767698,-0.06324629736683507,-0.06653152716415145,-0.15872022587623402,-0.16133754957704183,False,False,False
recovery_SPY_vol8_trend50,Recovery-oriented fast trend plus volatility target,recovery_fast_vol_trend,long_rule,"Weekly unlevered SPY 8% volatility target, disabled below the 50d moving average; residual SHY.",ETF-only,2007-01-03,2021-12-31,14.988095238095237,0.03661326702682399,0.03084810196321741,0.06858063101109073,0.28751839195987805,-0.15933958225213618,0.05600617880505328,0.22978136699823773,-0.011451175857988827,-0.1455688970085557,0.19275412873141895,679,679,440,440,285.0,0.0,7,0,0.16646389621639848,11.150838110248053,0.023498075781505312,0.045442132653455314,-0.026399223005003303,0.0,-0.007527063474138562,0.0,"{""SHY"": 0.45295075252140504, ""SPY"": 0.5470492474785951}",-0.042838526624724205,-0.055546094048812944,-0.02199117463486422,-0.02534997324757715,-0.04697234867087807,-0.06704824332613324,-0.0557242217153926,-0.10064309010124972,False,False,False
recovery_sector_barbell_M_cyc65_mom126_ma50_top2,Recovery-oriented sector barbell,recovery_sector_barbell,long_rule,"M defensive/cyclical barbell; 65% cyclical budget, 126d momentum, 50d trend, top 2.",ETF-only,2007-01-03,2021-12-31,14.988095238095237,0.08257201590264596,0.0783025420718566,0.1347972922086367,0.5070607141085769,-0.23164231491226384,0.07148659619698007,0.35646343775281597,-0.021537058037086984,-0.12957942112928922,0.33962818496370617,623,623,441,441,37.5,0.3333333333333333,18,0,0.18166665266643872,7.900346959620175,0.04986787988751229,0.10491887581325532,-0.012796515623366922,0.3355393778954335,0.017017081679033375,0.36060365369340747,"{""XLK"": 0.32203667811308057, ""XLP"": 0.13255193933524875, ""XLU"": 0.09988225363450691, ""XLV"": 0.13176759995991225, ""XLY"": 0.3137615289572515}",-0.21745824906399036,-0.2287227688857325,-0.10324913205812414,-0.16728658278417985,-0.07385999781265318,-0.08457589710219582,-0.14955844744945446,-0.1531517642900192,False,False,False
recovery_QQQ_vol8_trend100,Recovery-oriented fast trend plus volatility target,recovery_fast_vol_trend,long_rule,"Weekly unlevered QQQ 8% volatility target, disabled below the 100d moving average; residual SHY.",ETF-only,2007-01-03,2021-12-31,14.988095238095237,0.06240582818905538,0.05922440904539972,0.0742514922119581,0.5931313522136834,-0.1398607848483866,0.05224248287374995,0.44619961382817364,-0.012270991548278229,-0.09189044447315664,0.23946668144301597,657,657,441,441,99.0,0.0,13,0,0.1832171832985163,5.9969929279060885,0.032081857876246955,0.08309673858674338,-0.013987268741240122,0.09761747187293184,0.007947997485116653,0.08061953931691819,"{""QQQ"": 0.4135385217324468, ""SHY"": 0.5864614782675532}",-0.010315941442172516,-0.053038376643991136,-0.07311712438677398,-0.08285019810214656,-0.03851465515090924,-0.05850847724606567,-0.037031086065370644,-0.08364008749183427,False,False,False
recovery_SPY_vol10_trend50,Recovery-oriented fast trend plus volatility target,recovery_fast_vol_trend,long_rule,"Weekly unlevered SPY 10% volatility target, disabled below the 50d moving average; residual SHY.",ETF-only,2007-01-03,2021-12-31,14.988095238095237,0.04013317242870529,0.03325908528560606,0.0817125759651428,0.2939721039964209,-0.19721017012635322,0.06871366668535916,0.20350457789774143,-0.013744235048833358,-0.1805679464447879,0.19482807235022181,696,696,441,441,152.0,0.0,9,1,0.16232045375015244,13.256836668174184,0.023629840239989264,0.05127305959968864,-0.033418117750822374,0.013898080741230973,-0.010368163739014946,0.0,"{""SHY"": 0.3157022491908948, ""SPY"": 0.6842977508091052}",-0.07294652110295052,-0.07768093704687884,-0.028441917897025437,-0.031856377277976855,-0.04697234867087774,-0.06704824332613335,-0.07207027838240332,-0.1243718931097143,False,False,False
recovery_SPY_vol12_trend50,Recovery-oriented fast trend plus volatility target,recovery_fast_vol_trend,long_rule,"Weekly unlevered SPY 12% volatility target, disabled below the 50d moving average; residual SHY.",ETF-only,2007-01-03,2021-12-31,14.988095238095237,0.04536912128515569,0.03779312779804633,0.09092431876368715,0.3269034459998522,-0.21472206679778383,0.07547156247124676,0.21129230899161572,-0.015309759031455952,-0.19500258789381653,0.19482807235022448,697,697,442,442,125.0,0.0,11,0,0.1562889888970198,14.541212599170734,0.02589438639972541,0.058545524144414385,-0.035675066768262265,0.048312375909993384,-0.009061125438019513,0.0,"{""SHY"": 0.17825843904617497, ""SPY"": 0.821741560953825}",-0.10224116948287965,-0.10776994975906029,-0.03487824085410829,-0.038346689932239775,-0.046972348670877184,-0.06704824332613302,-0.07207027838240354,-0.12437189310971442,False,False,False
recovery_sector_barbell_W_cyc65_mom126_ma100_top2,Recovery-oriented sector barbell,recovery_sector_barbell,long_rule,"W defensive/cyclical barbell; 65% cyclical budget, 126d momentum, 100d trend, top 2.",ETF-only,2007-01-03,2021-12-31,14.988095238095237,0.083555648748326,0.07624850455864696,0.13356617040790703,0.5165794176877285,-0.2635269384719957,0.08971941068693282,0.3170668214521273,-0.021402787097747338,-0.1785149951924705,0.3539243536325092,604,604,443,443,61.5,0.1875,16,0,0.16151726295004304,13.528814003163749,0.02174990259233267,0.12678389023989634,-0.015159381787831383,0.2759761747187293,-0.009519588640290122,0.3276409849086577,"{""XLK"": 0.32060151766202083, ""XLP"": 0.12833979467226778, ""XLU"": 0.10248876911346054, ""XLV"": 0.12400124714573213, ""XLY"": 0.3245686714065187}",-0.2417549760171368,-0.2593974560087796,-0.15118816772571553,-0.16780111250916674,-0.08116232290128722,-0.08182559659659383,-0.15600198905004525,-0.1604473402591744,False,False,False
recovery_sector_barbell_W_cyc50_mom126_ma50_top2,Recovery-oriented sector barbell,recovery_sector_barbell,long_rule,"W defensive/cyclical barbell; 50% cyclical budget, 126d momentum, 50d trend, top 2.",ETF-only,2007-01-03,2021-12-31,14.988095238095237,0.07880296784684049,0.07168206853727654,0.12614182755081155,0.5051742214079592,-0.30998668863227596,0.08632482608818327,0.25421403801090664,-0.020139777325092575,-0.1985816902361882,0.30164193130607786,783,783,445,445,69.0,0.15384615384615385,13,0,0.15716319725198385,13.24139129300451,0.03024124593879063,0.11241243279789903,-0.018841369032878474,0.22964923891462607,0.0025522340160755164,0.2978554408260524,"{""XLK"": 0.2458336969202095, ""XLP"": 0.18276056449517025, ""XLU"": 0.14594775802332396, ""XLV"": 0.1765823140385322, ""XLY"": 0.2488756665227642}",-0.29481994350685337,-0.3099866886322753,-0.14586835111232888,-0.15636930150272788,-0.0880370280507905,-0.08864749190722998,-0.18854878580992684,-0.19131177818076162,False,False,False
recovery_sector_barbell_W_cyc35_mom126_ma50_top2,Recovery-oriented sector barbell,recovery_sector_barbell,long_rule,"W defensive/cyclical barbell; 35% cyclical budget, 126d momentum, 50d trend, top 2.",ETF-only,2007-01-03,2021-12-31,14.988095238095237,0.08698806528065872,0.08182181302587721,0.12919739628679974,0.5528137971916477,-0.32579363380006954,0.07935634612031402,0.26700357605526714,-0.020203492446430486,-0.20354477579915953,0.29106393525768004,785,785,447,447,72.0,0.07142857142857142,14,0,0.1676943133462942,9.526027411221845,0.03817368002877264,0.12076926722590264,-0.024786734044160097,0.40469887491727335,0.01323322392877424,0.4511517077045274,"{""XLK"": 0.17153905735945238, ""XLP"": 0.2368369229940139, ""XLU"": 0.18913170914960925, ""XLV"": 0.22883061248781494, ""XLY"": 0.17366169800910955}",-0.3117981011958567,-0.3257936338000704,-0.12496632247026607,-0.14539871178483565,-0.08816892016395339,-0.08970056662367443,-0.22041380058769489,-0.22161124672665045,False,False,False
recovery_SPY_trend_20d,Recovery-oriented fast trend,recovery_fast_trend,long_rule,Weekly SPY above 20d moving average; otherwise SHY.,ETF-only,2007-01-03,2021-12-31,14.988095238095237,0.048879604738070404,0.034700218916309034,0.11961652826861705,0.30104970800367087,-0.2328115258225284,0.07968695319186349,0.20995354317350765,-0.020198323777219522,-0.13071994400804898,0.2004121860811081,751,751,448,448,94.0,0.0,11,0,0.11622815867405802,27.20800044775071,0.033584745825107065,0.05919256027372821,-0.030633120017845572,0.10225016545334216,-0.005506434415476269,0.020651310563939634,"{""SPY"": 1.0}",-0.1871875834440424,-0.20238953692277428,-0.077488106968295,-0.1042176213140088,-0.0798138705891952,-0.08737999289856457,-0.07207027838240343,-0.1243718931097143,False,False,False
recovery_QQQ_vol12_trend100,Recovery-oriented fast trend plus volatility target,recovery_fast_vol_trend,long_rule,"Weekly unlevered QQQ 12% volatility target, disabled below the 100d moving average; residual SHY.",ETF-only,2007-01-03,2021-12-31,14.988095238095237,0.07975991699114604,0.07531849827595893,0.10864289937189082,0.5817534634038044,-0.21016842132484648,0.0819006395337649,0.37950476331487143,-0.01808366039466899,-0.1430772178016262,0.3211095295900519,669,669,452,452,79.0,0.11764705882352941,17,0,0.16442781054665667,8.241231849688138,0.03216569527067592,0.11267297677072419,-0.025466602003736738,0.3510919920582396,0.007057279630179103,0.20413026211278792,"{""QQQ"": 0.6221740163187962, ""SHY"": 0.3778259836812038}",-0.056727015359248956,-0.1029505430274198,-0.11083861567363118,-0.12470804681169745,-0.06285127461689144,-0.08722715874624609,-0.06553541834198084,-0.12654676506079965,False,False,False
recovery_QQQ_vol10_trend100,Recovery-oriented fast trend plus volatility target,recovery_fast_vol_trend,long_rule,"Weekly unlevered QQQ 10% volatility target, disabled below the 100d moving average; residual SHY.",ETF-only,2007-01-03,2021-12-31,14.988095238095237,0.07176305619053269,0.06781810271069655,0.09254353047627295,0.5859698299577927,-0.1754938885520253,0.06766484589263085,0.40892054294676183,-0.015373371686466764,-0.11773506008669987,0.28729679072697745,668,668,452,452,84.0,0.0,15,0,0.1748702137339744,7.37349768152969,0.03175740040075237,0.09926700509247022,-0.020836338034949886,0.23891462607544672,0.007560568381860477,0.1437648927720413,"{""QQQ"": 0.5176995815813663, ""SHY"": 0.4823004184186338}",-0.03367375345364221,-0.07821495347730811,-0.09204624441593467,-0.10389763887646497,-0.050720105050205966,-0.07292246264178937,-0.05132730297990318,-0.10523728889595485,False,False,False
recovery_QQQ_trend_50d,Recovery-oriented fast trend,recovery_fast_trend,long_rule,Weekly QQQ above 50d moving average; otherwise SHY.,ETF-only,2007-01-03,2021-12-31,14.988095238095237,0.07229618428362383,0.06339046825718109,0.14118868958901468,0.42998848945085233,-0.3866907455702274,0.1296013044401744,0.18696124774595627,-0.024043638358149412,-0.20327011225745473,0.3263344434015871,805,805,452,452,85.0,0.09090909090909091,11,1,0.11575082793923903,16.671568901808033,-0.0005211716579502923,0.12371860711034932,-0.04250351851167333,0.37260092653871607,-0.036222399820494244,0.2283558379666402,"{""QQQ"": 1.0}",-0.3482311546096024,-0.3710895847359107,-0.1706197515023017,-0.196872196917801,-0.025629341864839228,-0.03920555424285377,-0.06794679549865279,-0.13224755155651946,False,False,False
recovery_SPY_vol12_trend20,Recovery-oriented fast trend plus volatility target,recovery_fast_vol_trend,long_rule,"Weekly unlevered SPY 12% volatility target, disabled below the 20d moving average; residual SHY.",ETF-only,2007-01-03,2021-12-31,14.988095238095237,0.040702425510646956,0.029231214419103813,0.08167373540027391,0.2998744914056242,-0.19681430221016138,0.06771227181399347,0.20680623843679952,-0.013696161146371547,-0.11549733077419377,0.166294522328438,749,749,452,452,285.0,0.0,7,0,0.12484111219142685,22.15825363324659,0.03666207910968278,0.04340234724187608,-0.028947153314548224,0.005294506949040371,0.0028687339755197883,0.0,"{""SHY"": 0.17825843904617497, ""SPY"": 0.8217415609538251}",-0.020171451212217972,-0.05876041161911649,-0.04918315550268049,-0.059827031941011244,-0.056907397127646364,-0.06466186522309869,-0.07207027838240332,-0.12437189310971442,False,False,False
recovery_SPY_vol10_trend20,Recovery-oriented fast trend plus volatility target,recovery_fast_vol_trend,long_rule,"Weekly unlevered SPY 10% volatility target, disabled below the 20d moving average; residual SHY.",ETF-only,2007-01-03,2021-12-31,14.988095238095237,0.035803890381134185,0.025484184361498352,0.07276105680838395,0.263978232574745,-0.1716206181846991,0.06123338542946389,0.20862231333185055,-0.012160230995450449,-0.10355476178163348,0.15719532442140283,734,734,452,452,351.0,0.0,5,0,0.13350861257753802,20.018369249024186,0.031160200658567394,0.03890855009836103,-0.02774460947395807,0.0,0.003642173931214465,0.0,"{""SHY"": 0.3157022491908948, ""SPY"": 0.6842977508091053}",-0.002767230420974931,-0.04818163899407624,-0.040446081366057984,-0.04939878119293961,-0.04737609580811497,-0.055208933908554525,-0.07207027838240321,-0.12437189310971442,False,False,False
recovery_SPY_vol8_trend20,Recovery-oriented fast trend plus volatility target,recovery_fast_vol_trend,long_rule,"Weekly unlevered SPY 8% volatility target, disabled below the 20d moving average; residual SHY.",ETF-only,2007-01-03,2021-12-31,14.988095238095237,0.03231768291984727,0.023651197850718786,0.06085502395117748,0.24864320224305594,-0.1375146935484981,0.051229294339888945,0.23501258000803824,-0.010092196141665895,-0.08264986336721003,0.1557761071604451,714,714,454,454,342.0,0.0,5,0,0.1576827215810368,16.85580444791345,0.02837583435399904,0.03495164375918702,-0.023353653724538792,0.0,0.0031865001374795643,0.0,"{""SHY"": 0.45295075252140504, ""SPY"": 0.5470492474785951}",0.014766830176248247,-0.04011661863943783,-0.03166141110287046,-0.038897123076055085,-0.03779937337124517,-0.04571095494647104,-0.05572422171539315,-0.10064309010125005,False,False,False
recovery_sector_barbell_W_cyc35_mom126_ma200_top2,Recovery-oriented sector barbell,recovery_sector_barbell,long_rule,"W defensive/cyclical barbell; 35% cyclical budget, 126d momentum, 200d trend, top 2.",ETF-only,2007-01-03,2021-12-31,14.988095238095237,0.09297483004129958,0.08927670207638494,0.13801915951448787,0.5644226096267649,-0.3228960581795899,0.07811598553246446,0.2879404306310497,-0.021289640332906694,-0.20440420699980621,0.312318126230849,771,771,460,460,37.0,0.13333333333333333,15,0,0.1689915245194231,6.77721200909426,0.043192715261087145,0.1274449094433785,-0.027821768475595365,0.442422236929186,0.011408443145925817,0.5599682287529786,"{""XLK"": 0.17153905735945235, ""XLP"": 0.23683692299401382, ""XLU"": 0.18913170914960925, ""XLV"": 0.22883061248781492, ""XLY"": 0.17366169800910955}",-0.3025934172831243,-0.32289605817959033,-0.11631452612661441,-0.1453987117848352,-0.10542955531094511,-0.10693220825278749,-0.25574529303958016,-0.256888469927423,False,False,False
recovery_SPY_vol10_trend100,Recovery-oriented fast trend plus volatility target,recovery_fast_vol_trend,long_rule,"Weekly unlevered SPY 10% volatility target, disabled below the 100d moving average; residual SHY.",ETF-only,2007-01-03,2021-12-31,14.988095238095237,0.05800678585729546,0.053942719992584376,0.08667612390830941,0.4736686137617957,-0.21111465528772155,0.06985568221391456,0.2747643728392036,-0.014479513821228506,-0.143646462541398,0.2384123349632692,789,789,466,466,161.0,0.2,10,0,0.16479990228151034,7.694928725458262,0.03771056114367166,0.0717454535549551,-0.03077723388403497,0.07478491065519524,-0.0010362135722503663,0.025814138204924543,"{""SHY"": 0.3157022491908948, ""SPY"": 0.6842977508091052}",-0.04124636229750822,-0.08700076732116546,-0.02844191789702566,-0.031856377277976855,-0.04697234867087796,-0.06704824332613324,-0.07207027838240376,-0.12437189310971442,False,False,False
recovery_QQQ_trend_100d,Recovery-oriented fast trend,recovery_fast_trend,long_rule,Weekly QQQ above 100d moving average; otherwise SHY.,ETF-only,2007-01-03,2021-12-31,14.988095238095237,0.11936937733373765,0.11385638637030038,0.14880426673906225,0.6982645468495089,-0.3081133452254008,0.11079676177003979,0.38742034119428614,-0.024618455512068465,-0.24873033226817054,0.5228554305551176,689,689,472,472,58.0,0.23809523809523808,21,0,0.1570131238934813,9.869568789870355,0.045147144331727285,0.17170932485660861,-0.04294602545365622,0.5221707478491066,0.0001432574421558197,0.37529785544082606,"{""QQQ"": 1.0}",-0.1651536908874861,-0.21602817009128683,-0.1706197515023017,-0.19687219691780067,-0.06409405662117718,-0.0890041854201924,-0.06794679549865301,-0.13224755155651957,False,False,False
recovery_SPY_vol8_trend100,Recovery-oriented fast trend plus volatility target,recovery_fast_vol_trend,long_rule,"Weekly unlevered SPY 8% volatility target, disabled below the 100d moving average; residual SHY.",ETF-only,2007-01-03,2021-12-31,14.988095238095237,0.05104965841950637,0.0475937306092149,0.07260656343334618,0.460781081693883,-0.17317445662577435,0.057557286927120546,0.2947874612352525,-0.012059585329693806,-0.11478475387386367,0.2149413128979698,764,764,473,473,319.0,0.0,5,0,0.17894410051541665,6.58537637870703,0.03477010687070625,0.06203498279837816,-0.025597299986360733,0.0,0.00026345166622609995,0.0,"{""SHY"": 0.452950752521405, ""SPY"": 0.547049247478595}",-0.01679746099526025,-0.0625558934459921,-0.02199117463486433,-0.025349973247577262,-0.04697234867087796,-0.0670482433261329,-0.05572422171539326,-0.10064309010125005,False,False,False
recovery_SPY_trend_50d,Recovery-oriented fast trend,recovery_fast_trend,long_rule,Weekly SPY above 50d moving average; otherwise SHY.,ETF-only,2007-01-03,2021-12-31,14.988095238095237,0.05507019031322069,0.04623773397311903,0.11896373459698467,0.3508860236771378,-0.33192041709301745,0.10163351678270353,0.1659138380083073,-0.020259129356286446,-0.19154134571359605,0.19482807235022226,821,821,475,475,94.0,0.0,12,0,0.12486126691325616,16.804941453022497,0.012925590047222268,0.08411032362421644,-0.052875561014045336,0.23295830575777632,-0.011590208049311435,0.164813343923749,"{""SPY"": 1.0}",-0.3249936718252908,-0.3319204170930179,-0.040545515173424196,-0.04405342605116758,-0.04697234867087707,-0.06704824332613302,-0.07207027838240287,-0.12437189310971442,False,False,False
recovery_QQQ_trend_150d,Recovery-oriented fast trend,recovery_fast_trend,long_rule,Weekly QQQ above 150d moving average; otherwise SHY.,ETF-only,2007-01-03,2021-12-31,14.988095238095237,0.11846467337186928,0.11488847105463451,0.16408797157067756,0.6432280030554911,-0.3133578636196729,0.11886516137319321,0.37804914803622613,-0.02668780653227199,-0.2490613355956789,0.4157083917849109,651,651,482,482,30.5,0.25,24,0,0.1346306865313615,6.401882458294285,0.03652838256899149,0.17660372871266383,-0.06298130344478448,0.5423560555923229,-0.0037029530145482603,0.5138999205718825,"{""QQQ"": 1.0}",-0.20154890171777218,-0.25011501688089455,-0.17061975150230124,-0.19687219691780022,-0.0542854291766689,-0.08900418542019262,-0.27804917711702226,-0.28886778860812556,False,False,False
recovery_QQQ_trend_75d,Recovery-oriented fast trend,recovery_fast_trend,long_rule,Weekly QQQ above 75d moving average; otherwise SHY.,ETF-only,2007-01-03,2021-12-31,14.988095238095237,0.09667195013542584,0.08996096682228849,0.14610450298735353,0.5717885564966899,-0.3687273606187622,0.13143198096686212,0.2621773170648374,-0.024593352789548002,-0.27416103605751574,0.4225451975114327,699,699,482,482,71.0,0.13333333333333333,15,1,0.13119058729899774,12.270274711730712,0.023946684360029336,0.14795660203297079,-0.012157702477246568,0.43381866313699535,-0.01260204439702739,0.3562351072279587,"{""QQQ"": 1.0}",-0.329141316025631,-0.35266925305531527,-0.17061975150230202,-0.196872196917801,-0.06409405662117751,-0.08900418542019273,-0.06794679549865246,-0.13224755155651924,False,False,False
recovery_QQQ_trend_20d,Recovery-oriented fast trend,recovery_fast_trend,long_rule,Weekly QQQ above 20d moving average; otherwise SHY.,ETF-only,2007-01-03,2021-12-31,14.988095238095237,0.07518261224270417,0.06100153579815104,0.1364992433310701,0.45932978099241906,-0.399935770126401,0.11230198121786875,0.18798671651436044,-0.02314922298347808,-0.1623038189942989,0.263213139260694,829,829,486,486,72.0,0.07692307692307693,13,1,0.11197056508084308,26.54113769167839,0.025752334890346118,0.109421785001514,-0.04874893677044756,0.3312375909993382,-0.01524733294216063,0.2926926131850675,"{""QQQ"": 1.0}",-0.3779410689420032,-0.39975753149709536,-0.04297837309034813,-0.07327106220056767,-0.11323662065464213,-0.12479930206654966,-0.06794679549865268,-0.13224755155651946,False,False,False
