candidate,family,split,cost_bps,TotalReturn,TotalCAGR,TotalSharpe,MaxDD,Calmar,ExcessReturn,ExcessCAGR,ExcessSharpe,AnnTurnover,Trades,TimeInMarket,NPeriods
buy_hold,control,development,15.0,21.351849093064324,0.8608651490874248,1.203479651980938,-0.8378314303414434,1.0274920681080137,20.215033261342068,0.841549671409576,1.1895469627482627,0.0,0,1.0,1826
buy_hold,control,validation,15.0,4.890167692655733,0.5573998692896043,1.0074128892604242,-0.7666881595920789,0.7270229262261886,4.470741292340278,0.5289217300131539,0.9796104721413972,0.0,0,1.0,1461
buy_hold,control,development,30.0,21.351849093064324,0.8608651490874248,1.203479651980938,-0.8378314303414434,1.0274920681080137,20.215033261342068,0.841549671409576,1.1895469627482627,0.0,0,1.0,1826
buy_hold,control,validation,30.0,4.890167692655733,0.5573998692896043,1.0074128892604242,-0.7666881595920789,0.7270229262261886,4.470741292340278,0.5289217300131539,0.9796104721413972,0.0,0,1.0,1461
price_trend_ma100,control,development,15.0,24.165591759276296,0.9054958198509897,1.3789707195857892,-0.6316192405029925,1.4336102540668245,22.887113163103344,0.8857398746297638,1.3614539673426427,11.193866374589266,56,0.5711938663745892,1826
price_trend_ma100,control,validation,15.0,6.329878525594339,0.6448494832494491,1.3113118028631416,-0.3782388783814581,1.7048736132278588,5.807868894000531,0.6147684470535915,1.27105995296526,11.242299794661191,45,0.5838466803559206,1461
price_trend_ma100,control,development,30.0,22.132688728208784,0.8736816367498923,1.350484707351203,-0.6404208820735565,1.3642304009842456,20.957442833423432,0.8542547918291086,1.332971881473715,11.193866374589266,56,0.5711938663745892,1826
price_trend_ma100,control,validation,30.0,5.851715076102511,0.6173603994634864,1.2745859112609246,-0.38848387172021637,1.5891532297848017,5.363735376476284,0.5877806328322686,1.2343371033098725,11.242299794661191,45,0.5838466803559206,1461
price_trend_ma200,control,development,15.0,32.6363389938277,1.0192705635344281,1.4440055889423054,-0.6800997976071936,1.498707347246014,30.92681668386836,0.9983261659224816,1.4271408215830759,2.7984665936473165,14,0.6144578313253012,1826
price_trend_ma200,control,validation,15.0,3.674500412135388,0.4700063081399104,1.0682431610668588,-0.6219867386160887,0.7556532622957003,3.3417190777343793,0.4431328613516281,1.0279943582064426,6.745379876796714,27,0.5722108145106092,1461
price_trend_ma200,control,development,30.0,31.938718508609107,1.0108288465852526,1.4372278184893001,-0.6824900986019633,1.4810893940525582,30.2646322748503,0.9899717597954167,1.4203630905555853,2.7984665936473165,14,0.6144578313253012,1826
price_trend_ma200,control,validation,30.0,3.4880178936182187,0.45513091688884577,1.0458963655647269,-0.6315760256132468,0.7206272854434641,3.168507213113756,0.4285289660978333,1.0056598908575236,6.745379876796714,27,0.5722108145106092,1461
net_outflow_w7_q70_hold7_ma100,net_outflow,development,15.0,17.079631579540195,0.7836113056453318,1.7009232878711136,-0.4123934189144156,1.9001547301800064,16.161469144516108,0.7651258420620317,1.6737592000096155,19.98904709748083,100,0.3537787513691128,1826
net_outflow_w7_q70_hold7_ma100,net_outflow,validation,15.0,5.7204547219984665,0.6095633850050355,1.5736788124189252,-0.35036357460189516,1.7398023915518595,5.242014394381194,0.5801382968112243,1.5190332779188915,18.737166324435318,75,0.3319644079397673,1461
net_outflow_w7_q70_hold7_ma100,net_outflow,development,30.0,14.548697002610547,0.7306461278799461,1.6205504128271413,-0.4220324140550117,1.7312559498918174,13.759013290543267,0.7127083657782438,1.5934224719843941,19.98904709748083,100,0.3537787513691128,1826
net_outflow_w7_q70_hold7_ma100,net_outflow,validation,30.0,5.008032971037522,0.565127864960445,1.4916884760679603,-0.36569039951820936,1.5453724399245672,4.580280974179127,0.5365130462912959,1.437008177984432,18.737166324435318,75,0.3319644079397673,1461
net_outflow_w7_q70_hold7_ma200,net_outflow,development,15.0,36.906238502474814,1.068088994655854,2.065236411707108,-0.37826064055179953,2.8236852586558987,34.98131909064822,1.0466566010801008,2.0383819396746263,14.791894852135815,74,0.38061336254107336,1826
net_outflow_w7_q70_hold7_ma200,net_outflow,validation,15.0,5.356016778791516,0.5872992871110905,1.5341315376553772,-0.3308794968158717,1.7749642778195822,4.903508992080478,0.5582804002278503,1.4794088762875588,16.738535249828885,67,0.32375085557837097,1461
net_outflow_w7_q70_hold7_ma200,net_outflow,development,30.0,32.90795315780024,1.0225194298534102,2.006442859226533,-0.3801151341141201,2.6900255687962797,31.185988090311284,1.0015582608992446,1.979612404741749,14.791894852135815,74,0.38061336254107336,1826
net_outflow_w7_q70_hold7_ma200,net_outflow,validation,30.0,4.748748163198633,0.5479728741189209,1.4597757358063876,-0.3447940659483849,1.5892758264608635,4.3394446857948115,0.5196708638403793,1.4050566732040615,16.738535249828885,67,0.32375085557837097,1461
net_outflow_w7_q70_hold30_ma100,net_outflow,development,15.0,42.20447674679233,1.1228857023416472,1.616957461784426,-0.4553998858727155,2.465713622632515,40.01068584487499,1.1008872597672026,1.5984280425201234,10.394304490690033,52,0.5454545454545454,1826
net_outflow_w7_q70_hold30_ma100,net_outflow,validation,15.0,7.206727785861201,0.6919443646328729,1.3972127016197218,-0.37823887838145775,1.8293845614015383,6.622401746742305,0.6610091276357244,1.3559062669610105,13.240930869267624,53,0.5516769336071184,1461
net_outflow_w7_q70_hold30_ma100,net_outflow,development,30.0,38.957452251189686,1.0899896546802004,1.5889604755685762,-0.4635463591829061,2.351414552368671,36.9284682390161,1.0683313670062722,1.570434623578679,10.394304490690033,52,0.5454545454545454,1826
net_outflow_w7_q70_hold30_ma100,net_outflow,validation,30.0,6.579522375571571,0.6586698075037283,1.3527157510778165,-0.3884838717202148,1.695488166824338,6.039822190543174,0.6283411248519961,1.3114151843724908,13.240930869267624,53,0.5516769336071184,1461
net_outflow_w7_q70_hold30_ma200,net_outflow,development,15.0,72.7231472882694,1.362197560238398,1.7852224486381576,-0.35756163398059415,3.809686025521206,68.97906358352397,1.3377149153534083,1.7669985773756811,3.5980284775465496,18,0.5815991237677984,1826
net_outflow_w7_q70_hold30_ma200,net_outflow,validation,15.0,4.2695773268976795,0.5146784212161468,1.1470861913807704,-0.6276791501752309,0.8199705551354743,3.8945077009681492,0.4869940611617245,1.1060473971126794,9.743326488706366,39,0.5475701574264202,1461
net_outflow_w7_q70_hold30_ma200,net_outflow,development,30.0,70.76659996594285,1.349531094098983,1.7758560661156881,-0.3601613125682107,3.747018480346626,67.12182320920446,1.325179335022134,1.757631602321262,3.5980284775465496,18,0.5815991237677984,1826
net_outflow_w7_q70_hold30_ma200,net_outflow,validation,30.0,3.9687759719574442,0.49259923546492423,1.1141715014635014,-0.63935244567077,0.7704658655807891,3.6151049230388796,0.4653175220823422,1.0731487785436566,9.743326488706366,39,0.5475701574264202,1461
net_outflow_w30_q70_hold7_ma100,net_outflow,development,15.0,6.222865634367386,0.48473126392716015,1.3731757042882586,-0.44864407315021326,1.0804361250635854,5.855806047175731,0.46933265923247425,1.3412282388590049,8.395399780941949,42,0.25410733844468786,1826
net_outflow_w30_q70_hold7_ma100,net_outflow,validation,15.0,0.7279170214440196,0.14641029330219002,0.63259273414494,-0.3129026817025431,0.4679099984236411,0.6048202496941368,0.12543766928197342,0.5657606999916428,10.992470910335387,44,0.24845995893223818,1461
net_outflow_w30_q70_hold7_ma100,net_outflow,development,30.0,5.781613820928201,0.46614038279516445,1.3343474465716323,-0.456096874867716,1.0220205585279694,5.436969289828673,0.450934185808739,1.302406505496072,8.395399780941949,42,0.25410733844468786,1826
net_outflow_w30_q70_hold7_ma100,net_outflow,validation,30.0,0.6180703307332942,0.12775194797725287,0.5735261860005817,-0.32504969294664166,0.393022823123306,0.5027964109723797,0.10712017995302325,0.5066304019371047,10.992470910335387,44,0.24845995893223818,1461
net_outflow_w30_q70_hold7_ma200,net_outflow,development,15.0,10.359667748779675,0.6253898098076007,1.739775922099652,-0.30514136097817424,2.0495084894516573,9.782385499671696,0.6085325689129626,1.7056671655560083,4.7973713033953995,24,0.25355969331872946,1826
net_outflow_w30_q70_hold7_ma200,net_outflow,validation,15.0,1.038899349603803,0.19480217458294669,0.810511159947301,-0.23935287421761586,0.8138702124204935,0.8936482202345077,0.17294426389322792,0.7399497385476403,6.4955509924709105,26,0.2245037645448323,1461
net_outflow_w30_q70_hold7_ma200,net_outflow,development,30.0,9.958382150706663,0.6137468438300027,1.716242382187624,-0.30514136097817435,2.011352514986986,9.401484246960756,0.5970100959995488,1.682135353408708,4.7973713033953995,24,0.25355969331872946,1826
net_outflow_w30_q70_hold7_ma200,net_outflow,validation,30.0,0.9612564626854081,0.1832691442538923,0.7737962905681862,-0.2506467316335451,0.7311850549954053,0.821534315193192,0.16162185509522153,0.7031947210872678,6.4955509924709105,26,0.2245037645448323,1461
net_outflow_w30_q70_hold30_ma100,net_outflow,development,15.0,8.078659945043015,0.554173210380343,1.2321556923008876,-0.40119892519426903,1.3812928589277764,7.61732115731191,0.5380554939995132,1.2081573518504294,9.194961664841182,46,0.37458926615553123,1826
net_outflow_w30_q70_hold30_ma100,net_outflow,validation,15.0,1.1484380545493336,0.2105253195459469,0.7305793999782147,-0.3782388783814591,0.5565935486241296,0.9953471665759113,0.18837437716095495,0.6764073467311169,9.243668720054757,37,0.35592060232717315,1461
net_outflow_w30_q70_hold30_ma100,net_outflow,development,30.0,7.473947029906515,0.5329059031098604,1.2004168532128405,-0.4065000885596962,1.3109613456618006,7.04332593435409,0.5170083178307567,1.1764191539027777,9.194961664841182,46,0.37458926615553123,1826
net_outflow_w30_q70_hold30_ma100,net_outflow,validation,30.0,1.0324243845543761,0.19385310454701954,0.6899290157819256,-0.38848387172021637,0.498999105647895,0.8875968510506347,0.1720067114128323,0.6357634185917038,9.243668720054757,37,0.35592060232717315,1461
net_outflow_w30_q70_hold30_ma200,net_outflow,development,15.0,11.747236303345533,0.6632676173417877,1.415928465265805,-0.33969927462006055,1.9525140820027505,11.099375418834763,0.6460157879062722,1.3912310751974093,4.7973713033953995,24,0.384446878422782,1826
net_outflow_w30_q70_hold30_ma200,net_outflow,validation,15.0,0.37582373658170276,0.08297140408484949,0.4049300935229033,-0.6133268281636934,0.13528089800550008,0.2777987895894398,0.0631569943826984,0.35080577213575637,6.745379876796714,27,0.34360027378507874,1461
net_outflow_w30_q70_hold30_ma200,net_outflow,development,30.0,11.297269630127419,0.6513623297552962,1.398932827596337,-0.3453634248456726,1.8860200093462727,10.672270460006834,0.6342337826776356,1.3742359283417955,4.7973713033953995,24,0.384446878422782,1826
net_outflow_w30_q70_hold30_ma200,net_outflow,validation,30.0,0.32102948059511527,0.0720312303330608,0.37518053102147303,-0.6225687996581917,0.1157000324664648,0.22690723868128915,0.05241671007917703,0.3210719658561182,6.745379876796714,27,0.34360027378507874,1461
reserve_decline_w30_q70_hold7_ma100,reserve_decline,development,15.0,6.222865634367386,0.48473126392716015,1.3731757042882586,-0.44864407315021326,1.0804361250635854,5.855806047175731,0.46933265923247425,1.3412282388590049,8.395399780941949,42,0.25410733844468786,1826
reserve_decline_w30_q70_hold7_ma100,reserve_decline,validation,15.0,0.7279170214440196,0.14641029330219002,0.63259273414494,-0.3129026817025431,0.4679099984236411,0.6048202496941368,0.12543766928197342,0.5657606999916428,10.992470910335387,44,0.24845995893223818,1461
reserve_decline_w30_q70_hold7_ma100,reserve_decline,development,30.0,5.781613820928201,0.46614038279516445,1.3343474465716323,-0.456096874867716,1.0220205585279694,5.436969289828673,0.450934185808739,1.302406505496072,8.395399780941949,42,0.25410733844468786,1826
reserve_decline_w30_q70_hold7_ma100,reserve_decline,validation,30.0,0.6180703307332942,0.12775194797725287,0.5735261860005817,-0.32504969294664166,0.393022823123306,0.5027964109723797,0.10712017995302325,0.5066304019371047,10.992470910335387,44,0.24845995893223818,1461
reserve_decline_w30_q70_hold7_ma200,reserve_decline,development,15.0,10.359667748779675,0.6253898098076007,1.739775922099652,-0.30514136097817424,2.0495084894516573,9.782385499671696,0.6085325689129626,1.7056671655560083,4.7973713033953995,24,0.25355969331872946,1826
reserve_decline_w30_q70_hold7_ma200,reserve_decline,validation,15.0,1.038899349603803,0.19480217458294669,0.810511159947301,-0.23935287421761586,0.8138702124204935,0.8936482202345077,0.17294426389322792,0.7399497385476403,6.4955509924709105,26,0.2245037645448323,1461
reserve_decline_w30_q70_hold7_ma200,reserve_decline,development,30.0,9.958382150706663,0.6137468438300027,1.716242382187624,-0.30514136097817435,2.011352514986986,9.401484246960756,0.5970100959995488,1.682135353408708,4.7973713033953995,24,0.25355969331872946,1826
reserve_decline_w30_q70_hold7_ma200,reserve_decline,validation,30.0,0.9612564626854081,0.1832691442538923,0.7737962905681862,-0.2506467316335451,0.7311850549954053,0.821534315193192,0.16162185509522153,0.7031947210872678,6.4955509924709105,26,0.2245037645448323,1461
reserve_decline_w30_q70_hold30_ma100,reserve_decline,development,15.0,8.078659945043015,0.554173210380343,1.2321556923008876,-0.40119892519426903,1.3812928589277764,7.61732115731191,0.5380554939995132,1.2081573518504294,9.194961664841182,46,0.37458926615553123,1826
reserve_decline_w30_q70_hold30_ma100,reserve_decline,validation,15.0,1.1484380545493336,0.2105253195459469,0.7305793999782147,-0.3782388783814591,0.5565935486241296,0.9953471665759113,0.18837437716095495,0.6764073467311169,9.243668720054757,37,0.35592060232717315,1461
reserve_decline_w30_q70_hold30_ma100,reserve_decline,development,30.0,7.473947029906515,0.5329059031098604,1.2004168532128405,-0.4065000885596962,1.3109613456618006,7.04332593435409,0.5170083178307567,1.1764191539027777,9.194961664841182,46,0.37458926615553123,1826
reserve_decline_w30_q70_hold30_ma100,reserve_decline,validation,30.0,1.0324243845543761,0.19385310454701954,0.6899290157819256,-0.38848387172021637,0.498999105647895,0.8875968510506347,0.1720067114128323,0.6357634185917038,9.243668720054757,37,0.35592060232717315,1461
reserve_decline_w30_q70_hold30_ma200,reserve_decline,development,15.0,11.747236303345533,0.6632676173417877,1.415928465265805,-0.33969927462006055,1.9525140820027505,11.099375418834763,0.6460157879062722,1.3912310751974093,4.7973713033953995,24,0.384446878422782,1826
reserve_decline_w30_q70_hold30_ma200,reserve_decline,validation,15.0,0.37582373658170276,0.08297140408484949,0.4049300935229033,-0.6133268281636934,0.13528089800550008,0.2777987895894398,0.0631569943826984,0.35080577213575637,6.745379876796714,27,0.34360027378507874,1461
reserve_decline_w30_q70_hold30_ma200,reserve_decline,development,30.0,11.297269630127419,0.6513623297552962,1.398932827596337,-0.3453634248456726,1.8860200093462727,10.672270460006834,0.6342337826776356,1.3742359283417955,4.7973713033953995,24,0.384446878422782,1826
reserve_decline_w30_q70_hold30_ma200,reserve_decline,validation,30.0,0.32102948059511527,0.0720312303330608,0.37518053102147303,-0.6225687996581917,0.1157000324664648,0.22690723868128915,0.05241671007917703,0.3210719658561182,6.745379876796714,27,0.34360027378507874,1461
reserve_decline_w90_q70_hold7_ma100,reserve_decline,development,15.0,7.977018574684317,0.5506794413711211,1.3743027613661203,-0.3573801585320586,1.5408786084628776,7.520892960324627,0.5345996924142677,1.3459981967511627,6.396495071193867,32,0.2864184008762322,1826
reserve_decline_w90_q70_hold7_ma100,reserve_decline,validation,15.0,3.5387056989655106,0.4592193982886772,1.3502895121218221,-0.3611078825160221,1.271695857451414,3.2153743493363596,0.4325246964842453,1.2918031779772983,6.4955509924709105,26,0.2737850787132101,1461
reserve_decline_w90_q70_hold7_ma100,reserve_decline,development,30.0,7.555510216778137,0.5358438919357742,1.347986097232617,-0.3641461567121963,1.4715077505521488,7.120795364381621,0.5199177468246785,1.3196881508777527,6.396495071193867,32,0.2864184008762322,1826
reserve_decline_w90_q70_hold7_ma100,reserve_decline,validation,30.0,3.365711931428213,0.44512111103503393,1.3198775539444296,-0.3715246826928503,1.1980929713976172,3.054700716160305,0.4186839963991944,1.261383480170372,6.4955509924709105,26,0.2737850787132101,1461
reserve_decline_w90_q70_hold7_ma200,reserve_decline,development,15.0,9.916670056897326,0.6125171262349984,1.5244445247748297,-0.3204269961522829,1.9115652975253676,9.361826027097974,0.5957911033173202,1.4949982966873856,5.197152245345016,26,0.29572836801752467,1826
reserve_decline_w90_q70_hold7_ma200,reserve_decline,validation,15.0,3.9333871100917994,0.4899362639271727,1.4368042811082244,-0.30731252853917956,1.594260625351336,3.581943077062671,0.46267994382294453,1.3772112139650865,2.4982888432580426,10,0.2655715263518138,1461
reserve_decline_w90_q70_hold7_ma200,reserve_decline,development,30.0,9.49902674849815,0.5999925592443636,1.5023457707286454,-0.32452482309140707,1.8488341000508521,8.965402503615362,0.5833962233746499,1.4729034476986862,5.197152245345016,26,0.29572836801752467,1826
reserve_decline_w90_q70_hold7_ma200,reserve_decline,validation,30.0,3.860017217942959,0.4843692790336278,1.4247735423930943,-0.30731252853918,1.5761455653503382,3.5137982054455685,0.45721466250257903,1.3651829434368046,2.4982888432580426,10,0.2655715263518138,1461
reserve_decline_w90_q70_hold30_ma100,reserve_decline,development,15.0,12.801196517034766,0.6898902257012614,1.4130792710994424,-0.3573801585320586,1.9304099828456902,12.100189260395707,0.6723729703875791,1.389378013848353,7.595837897042716,38,0.3652792990142388,1826
reserve_decline_w90_q70_hold30_ma100,reserve_decline,validation,15.0,3.789726318984198,0.47897646428454244,1.2825095842161998,-0.44192647480157465,1.0838374516928484,3.4485524689192824,0.4519235815401148,1.2301777725004261,6.995208761122519,28,0.3059548254620123,1461
reserve_decline_w90_q70_hold30_ma100,reserve_decline,development,30.0,12.035558585196103,0.6707204561256375,1.3869541050901308,-0.3641461567121963,1.84189903906014,11.373430616011888,0.653401647717851,1.3632571808214116,7.595837897042716,38,0.3652792990142388,1826
reserve_decline_w90_q70_hold30_ma100,reserve_decline,validation,30.0,3.592968944030262,0.46355848757404217,1.2529358421527477,-0.45112467402946266,1.0275618122004284,3.2658037499829735,0.4367870828305018,1.2006045356801829,6.995208761122519,28,0.3059548254620123,1461
reserve_decline_w90_q70_hold30_ma200,reserve_decline,development,15.0,19.899708972411933,0.8360455616148081,1.6281236194724815,-0.33969927462006066,2.461134374072155,18.83795346660146,0.8170097590154517,1.603868389645396,3.1982475355969333,16,0.3882803943044907,1826
reserve_decline_w90_q70_hold30_ma200,reserve_decline,validation,15.0,4.585307163600359,0.5368586791434851,1.4105964481387683,-0.33667934230659535,1.5945697038180542,4.187534206642693,0.5087521512337572,1.357292073896869,2.9979466119096507,12,0.30321697467488024,1461
reserve_decline_w90_q70_hold30_ma200,reserve_decline,development,30.0,19.402785071195105,0.8272351536489493,1.616797670478935,-0.33969927462006033,2.4351984695115343,18.36626515419906,0.8082905214884626,1.592545509294151,3.1982475355969333,16,0.3882803943044907,1826
reserve_decline_w90_q70_hold30_ma200,reserve_decline,validation,30.0,4.485656484805487,0.5299620500121311,1.3975898597723695,-0.3396722473661635,1.5602159261508255,4.094978546169018,0.5019815114009727,1.3442903091760767,2.9979466119096507,12,0.30321697467488024,1461
dual_accumulation_w30_q50_hold7_ma100,dual_accumulation,development,15.0,14.676764441424671,0.7334861305812213,1.5111408028136042,-0.3573801585320586,2.0523974626739783,13.880328574896252,0.7155132198376923,1.4864541446228365,10.79408543263965,54,0.380065717415115,1826
dual_accumulation_w30_q50_hold7_ma100,dual_accumulation,validation,15.0,1.787018500874756,0.29184019269729333,0.920637922841686,-0.30815308748652714,0.9470623678565381,1.5885022931608836,0.2682108354605446,0.8664860071742492,13.490759753593428,54,0.35592060232717315,1461
dual_accumulation_w30_q50_hold7_ma100,dual_accumulation,development,30.0,13.454129645920439,0.7055770216836736,1.4723395275806674,-0.3641461567121963,1.9376203996059966,12.719782342443482,0.6878928433439302,1.4476615586189043,10.79408543263965,54,0.380065717415115,1826
dual_accumulation_w30_q50_hold7_ma100,dual_accumulation,validation,30.0,1.57065812266851,0.2660210178205973,0.8616291918192934,-0.3173917349228862,0.8381472752755519,1.3875435254624877,0.24286269017619855,0.8074617963637638,13.490759753593428,54,0.35592060232717315,1461
dual_accumulation_w30_q50_hold7_ma200,dual_accumulation,development,15.0,20.529118774490154,0.8469674668177725,1.6801821220744382,-0.3204269961522829,2.6432462838282555,19.435147404586452,0.8278141308957885,1.655089270508024,5.99671412924425,30,0.3849945235487404,1826
dual_accumulation_w30_q50_hold7_ma200,dual_accumulation,validation,15.0,1.7806141217245712,0.2910979203306925,0.9396213317909402,-0.3495339738611697,0.8328172426704157,1.5825795843313277,0.26748526599524136,0.8835869686321289,9.99315537303217,40,0.33607118412046544,1461
dual_accumulation_w30_q50_hold7_ma200,dual_accumulation,development,30.0,19.57712415325126,0.8303455252941441,1.6580294708093848,-0.32452482309140707,2.5586502671330797,18.531504997145145,0.8113641530471192,1.6329456987993898,5.99671412924425,30,0.3849945235487404,1826
dual_accumulation_w30_q50_hold7_ma200,dual_accumulation,validation,30.0,1.618559217969744,0.2718739223161668,0.8940141479429342,-0.3630514328415114,0.748857868947875,1.4320578925150573,0.24861178867416944,0.8379887759231869,9.99315537303217,40,0.33607118412046544,1461
dual_accumulation_w30_q50_hold30_ma100,dual_accumulation,development,15.0,24.402977791731313,0.90907526209467,1.5423379566107736,-0.3573801585320586,2.5437205742722337,23.112887423210687,0.8892892232206937,1.5214915765560506,11.193866374589266,56,0.46823658269441404,1826
dual_accumulation_w30_q50_hold30_ma100,dual_accumulation,validation,15.0,2.3305842551696325,0.35064338136894446,0.9467976450584767,-0.4498529580159054,0.7794622111977906,2.093278370974546,0.3259307203262862,0.900935297977882,13.240930869267624,53,0.48323066392881586,1461
dual_accumulation_w30_q50_hold30_ma100,dual_accumulation,development,30.0,22.35253076387442,0.8772275458625032,1.508403700768643,-0.3641461567121963,2.408998501543494,21.166526881699887,0.8577708212352118,1.4875623886518508,11.193866374589266,56,0.46823658269441404,1826
dual_accumulation_w30_q50_hold30_ma100,dual_accumulation,validation,30.0,2.0758470296688336,0.32406005841748264,0.8974153151964174,-0.46891133121505024,0.6910902698336874,1.8566792045713094,0.29983241547223805,0.851563292433046,13.240930869267624,53,0.48323066392881586,1461
dual_accumulation_w30_q50_hold30_ma200,dual_accumulation,development,15.0,39.05126320177241,1.0909695607600622,1.726311149308455,-0.35931058215208544,3.0362856396427738,37.016819087354925,1.069293540284309,1.7054055863054574,4.7973713033953995,24,0.48630887185104055,1826
dual_accumulation_w30_q50_hold30_ma200,dual_accumulation,validation,15.0,1.0884974179465465,0.2019980332717386,0.6590041230892079,-0.6417769334119288,0.31474804212398333,0.9397398304534756,0.18001256965082213,0.6130699404094484,9.243668720054757,37,0.4702258726899384,1461
dual_accumulation_w30_q50_hold30_ma200,dual_accumulation,development,30.0,37.6292282369465,1.0759141680175643,1.7116008750772602,-0.3621625771668915,2.970804373091708,35.666981455003786,1.0543938119338336,1.6906992444167754,4.7973713033953995,24,0.48630887185104055,1826
dual_accumulation_w30_q50_hold30_ma200,dual_accumulation,validation,30.0,0.9753746205559728,0.18539141378619806,0.624340189375032,-0.6534455095680504,0.283713654882636,0.8346698344619548,0.1637089680676025,0.578419492160308,9.243668720054757,37,0.4702258726899384,1461
dual_accumulation_w30_q70_hold7_ma100,dual_accumulation,development,15.0,6.222865634367386,0.48473126392716015,1.3731757042882586,-0.44864407315021326,1.0804361250635854,5.855806047175731,0.46933265923247425,1.3412282388590049,8.395399780941949,42,0.25410733844468786,1826
dual_accumulation_w30_q70_hold7_ma100,dual_accumulation,validation,15.0,0.7279170214440196,0.14641029330219002,0.63259273414494,-0.3129026817025431,0.4679099984236411,0.6048202496941368,0.12543766928197342,0.5657606999916428,10.992470910335387,44,0.24845995893223818,1461
dual_accumulation_w30_q70_hold7_ma100,dual_accumulation,development,30.0,5.781613820928201,0.46614038279516445,1.3343474465716323,-0.456096874867716,1.0220205585279694,5.436969289828673,0.450934185808739,1.302406505496072,8.395399780941949,42,0.25410733844468786,1826
dual_accumulation_w30_q70_hold7_ma100,dual_accumulation,validation,30.0,0.6180703307332942,0.12775194797725287,0.5735261860005817,-0.32504969294664166,0.393022823123306,0.5027964109723797,0.10712017995302325,0.5066304019371047,10.992470910335387,44,0.24845995893223818,1461
dual_accumulation_w30_q70_hold7_ma200,dual_accumulation,development,15.0,10.359667748779675,0.6253898098076007,1.739775922099652,-0.30514136097817424,2.0495084894516573,9.782385499671696,0.6085325689129626,1.7056671655560083,4.7973713033953995,24,0.25355969331872946,1826
dual_accumulation_w30_q70_hold7_ma200,dual_accumulation,validation,15.0,1.038899349603803,0.19480217458294669,0.810511159947301,-0.23935287421761586,0.8138702124204935,0.8936482202345077,0.17294426389322792,0.7399497385476403,6.4955509924709105,26,0.2245037645448323,1461
dual_accumulation_w30_q70_hold7_ma200,dual_accumulation,development,30.0,9.958382150706663,0.6137468438300027,1.716242382187624,-0.30514136097817435,2.011352514986986,9.401484246960756,0.5970100959995488,1.682135353408708,4.7973713033953995,24,0.25355969331872946,1826
dual_accumulation_w30_q70_hold7_ma200,dual_accumulation,validation,30.0,0.9612564626854081,0.1832691442538923,0.7737962905681862,-0.2506467316335451,0.7311850549954053,0.821534315193192,0.16162185509522153,0.7031947210872678,6.4955509924709105,26,0.2245037645448323,1461
dual_accumulation_w30_q70_hold30_ma100,dual_accumulation,development,15.0,8.078659945043015,0.554173210380343,1.2321556923008876,-0.40119892519426903,1.3812928589277764,7.61732115731191,0.5380554939995132,1.2081573518504294,9.194961664841182,46,0.37458926615553123,1826
dual_accumulation_w30_q70_hold30_ma100,dual_accumulation,validation,15.0,1.1484380545493336,0.2105253195459469,0.7305793999782147,-0.3782388783814591,0.5565935486241296,0.9953471665759113,0.18837437716095495,0.6764073467311169,9.243668720054757,37,0.35592060232717315,1461
dual_accumulation_w30_q70_hold30_ma100,dual_accumulation,development,30.0,7.473947029906515,0.5329059031098604,1.2004168532128405,-0.4065000885596962,1.3109613456618006,7.04332593435409,0.5170083178307567,1.1764191539027777,9.194961664841182,46,0.37458926615553123,1826
dual_accumulation_w30_q70_hold30_ma100,dual_accumulation,validation,30.0,1.0324243845543761,0.19385310454701954,0.6899290157819256,-0.38848387172021637,0.498999105647895,0.8875968510506347,0.1720067114128323,0.6357634185917038,9.243668720054757,37,0.35592060232717315,1461
dual_accumulation_w30_q70_hold30_ma200,dual_accumulation,development,15.0,11.747236303345533,0.6632676173417877,1.415928465265805,-0.33969927462006055,1.9525140820027505,11.099375418834763,0.6460157879062722,1.3912310751974093,4.7973713033953995,24,0.384446878422782,1826
dual_accumulation_w30_q70_hold30_ma200,dual_accumulation,validation,15.0,0.37582373658170276,0.08297140408484949,0.4049300935229033,-0.6133268281636934,0.13528089800550008,0.2777987895894398,0.0631569943826984,0.35080577213575637,6.745379876796714,27,0.34360027378507874,1461
dual_accumulation_w30_q70_hold30_ma200,dual_accumulation,development,30.0,11.297269630127419,0.6513623297552962,1.398932827596337,-0.3453634248456726,1.8860200093462727,10.672270460006834,0.6342337826776356,1.3742359283417955,4.7973713033953995,24,0.384446878422782,1826
dual_accumulation_w30_q70_hold30_ma200,dual_accumulation,validation,30.0,0.32102948059511527,0.0720312303330608,0.37518053102147303,-0.6225687996581917,0.1157000324664648,0.22690723868128915,0.05241671007917703,0.3210719658561182,6.745379876796714,27,0.34360027378507874,1461
structural_scarcity_w365_qna_hold1_ma100,structural_scarcity,development,15.0,4.665358567499611,0.41436981810793827,1.549351057075093,-0.32300526594738854,1.2828577790909184,4.37731996855791,0.39969418286333225,1.5063219275138717,3.1982475355969333,16,0.1380065717415115,1826
structural_scarcity_w365_qna_hold1_ma100,structural_scarcity,validation,15.0,4.608481015347004,0.5384492498434839,1.478178408771681,-0.25933411623061453,2.0762761863721177,4.2090247776658165,0.5103112506012795,1.421579670098681,7.994524298425736,32,0.28268309377138945,1461
structural_scarcity_w365_qna_hold1_ma100,structural_scarcity,development,30.0,4.530705218176263,0.4075853765510178,1.5292239541525352,-0.32704482789869427,1.2462676115987128,4.249510332670153,0.39298001306040065,1.4862077882021485,3.1982475355969333,16,0.1380065717415115,1826
structural_scarcity_w365_qna_hold1_ma100,structural_scarcity,validation,30.0,4.347190993386554,0.5202213604395649,1.4423729794854325,-0.2692599560375355,1.932041318342356,3.9663260718140636,0.49241534247917684,1.385739211915458,7.994524298425736,32,0.28268309377138945,1461
structural_scarcity_w365_qna_hold1_ma200,structural_scarcity,development,15.0,6.431883077730832,0.49322194231134686,1.7311334166812646,-0.30514136097817435,1.616371968487829,6.054058891277047,0.47772931032766164,1.689248232163232,2.3986856516976998,12,0.16757940854326397,1826
structural_scarcity_w365_qna_hold1_ma200,structural_scarcity,validation,15.0,6.781718504914713,0.669615247374225,1.7359048914103226,-0.255459631886763,2.6212174597943667,6.2276137022021105,0.6390860181020368,1.6789959425769692,2.4982888432580426,10,0.28336755646817247,1461
structural_scarcity_w365_qna_hold1_ma200,structural_scarcity,development,30.0,6.298873034619064,0.48784130142379967,1.7163134993985976,-0.30514136097817424,1.5987386955998186,5.927808789605619,0.47240440766838443,1.6744404786943494,2.3986856516976998,12,0.16757940854326397,1826
structural_scarcity_w365_qna_hold1_ma200,structural_scarcity,validation,30.0,6.667398429014483,0.663453368190408,1.7251529754164445,-0.25545963188676324,2.5970967048308236,6.121422024111189,0.6330361297947233,1.6682158660301931,2.4982888432580426,10,0.28336755646817247,1461
