asset,start_day,length,n_quarters,earnings_mean,earnings_t,earnings_win_rate,placebo_mean,difference_mean,difference_t,difference_p,dev_difference,dev_difference_t,val_difference,val_difference_t,earnings_excess_mean,placebo_excess_mean,excess_difference_mean,excess_difference_t,excess_difference_p,dev_excess_difference,dev_excess_difference_t,val_excess_difference,val_excess_difference_t,both_subperiods_positive,both_subperiods_excess_positive,difference_q,excess_difference_q
XLF,13,8,72,0.01014851562416848,2.4238749864005564,0.7222222222222222,-0.0035408082185371154,0.013689323842705596,2.8866320660168223,0.005155461053896936,0.013795324892408674,1.7264482175700748,0.013583322793002516,2.5952748177332827,0.005957982948906478,-0.0025587141652006116,0.00851669711410709,3.0544681009274592,0.003173702049936569,0.009942414932829664,2.0602661335370223,0.007090979295384515,2.485730618547911,True,True,0.3452332479519812,0.6188718997376309
XLF,13,5,72,0.005026844053216611,1.4817613626703185,0.7083333333333334,-0.004839062554098016,0.009865906607314626,2.7237797821956766,0.008117777430565938,0.007619029733711934,1.4103966925885727,0.012112783480917318,2.485038368862599,0.0017527502693180559,-0.0022542126457515926,0.004006962915069649,1.8356764748486138,0.07059313745648146,0.002807886042538758,0.9006390925966193,0.0052060397876005395,1.6864695581965503,True,True,0.3452332479519812,1.0
XLY,13,3,72,0.004526969616156405,2.204117866256843,0.5833333333333334,-0.003397564492503829,0.007924534108660234,3.1280436318117344,0.0025519346007751684,0.00897282659151847,2.1004123947737297,0.006876241625801999,2.473749431290733,0.0018428266771526977,0.0002127002016539336,0.001630126475498764,1.0977824267611034,0.2760085751074517,0.003848795008707489,1.4631996577747444,-0.0005885420577099608,-0.44543590945694894,True,False,0.3452332479519812,1.0
XLI,13,3,72,0.0032119379184835004,1.6212525090506453,0.5555555555555556,-0.0045388160708623925,0.0077507539893458925,2.8363807627031634,0.005941337688281085,0.00806856835845099,1.9149884903222218,0.007432939620240797,2.0992269505614547,0.0005277949794797932,-0.0009285513767046302,0.0014563463561844234,0.9475827260305394,0.3465560053955308,0.00294453677564001,1.341118078557966,-3.184406327116301e-05,-0.014789349072924726,True,False,0.3452332479519812,1.0
RSP,13,3,72,0.002940110110380648,1.6707125619524055,0.5555555555555556,-0.004013639238770196,0.006953749349150844,2.6920077110337233,0.008852134562871313,0.005931922662603708,1.3949841195021817,0.00797557603569798,2.6690475477786593,0.00025596717137694086,-0.0004033745446124334,0.0006593417159893743,0.8683836481145473,0.3881102038786015,0.0008078910797927283,0.6792942718424467,0.0005107923521860202,0.5316091945632534,True,True,0.3452332479519812,1.0
XLF,13,3,72,0.004616102064122183,1.3722365395926361,0.625,-0.006034002080137825,0.010650104144260007,2.468984159342307,0.015957839665528332,0.010242588150484802,1.31098488749736,0.011057620138035214,2.909948885855371,0.001931959125118476,-0.0024237373859800626,0.0043556965110985385,1.6650304869623005,0.10031380712775473,0.005118556567673823,1.0984180897158977,0.0035928364545232544,1.4647766053629125,True,True,0.3457531927531139,1.0
XLI,13,5,72,0.003884205723245957,1.374657793491167,0.5833333333333334,-0.004104509312177072,0.007988715035423028,2.493560502053611,0.014978744231952048,0.009027509068597075,1.807892510532961,0.006949921002248981,1.7033978505533143,0.0006101119393474019,-0.0015196594038306482,0.00212977134317805,1.1996287501455154,0.23427150784634646,0.004216365377423899,1.540877688873981,4.3177308932201533e-05,0.019211077456730292,True,True,0.3457531927531139,1.0
SPY,13,3,72,0.002684142939003707,1.6433806503365556,0.6111111111111112,-0.0036102646941577627,0.0062944076331614696,2.4797362169679547,0.015522627088188882,0.005124031582810979,1.2043000109396749,0.00746478368351196,2.645924593988762,0.0,0.0,0.0,,,0.0,,0.0,,True,False,0.3457531927531139,1.0
SPY,13,5,72,0.003274093783898555,1.5431502420513574,0.6527777777777778,-0.002584849908346423,0.0058589436922449785,2.4788263649358506,0.015559037875042791,0.004811143691173176,1.2796674975152704,0.00690674369331678,2.3735180437588563,0.0,0.0,0.0,,,0.0,,0.0,,True,False,0.3457531927531139,1.0
RSP,13,5,72,0.003993752431336621,1.589318177626497,0.6944444444444444,-0.002593912419997562,0.006587664851334183,2.4012594739744073,0.018959864527808908,0.005087234514907182,1.158100297717476,0.008088095187761183,2.426474799593139,0.0007196586474380657,-9.062511651139163e-06,0.0007287211590892048,0.6683067225610773,0.5061047269600252,0.0002760908237340058,0.1544103270755274,0.0011813514944444038,0.9295778541669888,True,True,0.3494174187443147,1.0
XLU,13,3,72,0.004247863366062827,2.3902377410255675,0.6805555555555556,-0.0019927245473750264,0.006240587913437853,2.385828815437086,0.01971072618557673,0.005024722821396787,1.6400633113091194,0.007456453005478919,1.7436411592243968,0.0015637204270591194,0.0016175401467827363,-5.3819719723616826e-05,-0.024741978338026414,0.9803301795180733,-9.93087614141926e-05,-0.03217017368864481,-8.330678033041044e-06,-0.0026793169015120045,True,False,0.3494174187443147,1.0
XLY,13,5,72,0.005411644762615934,2.084417282369844,0.625,-0.0011501327430471682,0.006561777505663103,2.301051214343431,0.02432818157360036,0.006759318622738298,1.4433313873393696,0.006364236388587907,1.9138369493417398,0.002137550978717379,0.0014347171652992546,0.0007028338134181245,0.374368843587746,0.709245707336736,0.0019481749315651215,0.5840049360360097,-0.0005425073047288725,-0.30897643235852396,True,False,0.39533295057100587,1.0
XLE,13,8,72,0.007576119320483806,1.5183694359431847,0.5972222222222222,-0.0022335073622653714,0.009809626682749178,1.7465234236929763,0.08504487169125238,0.005205331008711254,0.7993286145834115,0.014413922356787102,1.5692273305374718,0.0033855866452218056,-0.0012514133089288676,0.0046369999541506736,1.0133553367461798,0.3143314169152469,0.0013524210491322464,0.30519091608542864,0.0079215788591691,0.9848433512374066,True,True,0.7807031944003192,1.0
XLE,13,5,72,0.007575803326225886,2.104078287319649,0.6527777777777778,-0.0009188617664272897,0.008494665092653175,1.954416748365978,0.05459069700305192,0.00899108704171054,1.332927645515101,0.007998243143595811,1.4335245294623533,0.0043017095423273305,0.0016659881419191333,0.002635721400408197,0.787422290563055,0.433655511496998,0.004179943350537364,0.9381243291783382,0.0010914994502790305,0.21628338917789963,True,True,0.7807031944003192,1.0
XLE,13,3,72,0.004761081616474261,1.677457010559626,0.6111111111111112,-0.0031122490988298,0.00787333071530406,1.8508457758679642,0.06835151300256372,0.008396092746652647,1.1128146936401602,0.007350568683955474,1.8109206990034306,0.002076938677470554,0.0004980155953279627,0.0015789230821425912,0.5721359075101268,0.5690370646116024,0.0032720611638416674,0.7501127380234089,-0.00011421499955648524,-0.033380655999647374,True,False,0.7807031944003192,1.0
XLY,10,8,72,0.009008964155924927,2.670534163567581,0.6527777777777778,0.001323444189589706,0.00768551996633522,1.8257117839553834,0.07209891673794558,0.008956704580939397,1.2416918616855093,0.006414335351731048,1.4425541721099042,0.0033700305362087154,0.0005993410041626033,0.0027706895320461123,1.3711709182219942,0.17464015373525185,0.004544454715148572,1.2426512790307376,0.0009969243489436526,0.5744347424951386,True,True,0.7807031944003192,1.0
XLU,13,5,72,0.004366113302194308,1.8742348143615193,0.6388888888888888,-0.001323914704008014,0.005690028006202322,1.850859540226243,0.06834950644624119,0.003027515944531207,0.6857343331943148,0.008352540067873438,1.9447071164436998,0.0010920195182957532,0.001260935204338409,-0.00016891568604265574,-0.06335896609697701,0.9496587017546612,-0.0017836277466419695,-0.5344882776765517,0.001445796374556658,0.3451036046956264,True,False,0.7807031944003192,1.0
XLU,13,8,72,0.006553176310216303,2.4668017623798835,0.6666666666666666,0.0010600011617602305,0.005493175148456073,1.7992321996823728,0.07623127963054206,0.001971826378065795,0.47947428854529694,0.00901452391884635,2.0058803600846615,0.002362643634954303,0.0020420952150967345,0.00032054841985756845,0.1005556827960902,0.9201865902138092,-0.0018810835815132121,-0.4716887493711082,0.002522180421228349,0.5039599701640096,True,False,0.7807031944003192,1.0
XLK,13,3,72,0.0018302866983946867,0.8367463412243792,0.5972222222222222,-0.003516514192147035,0.005346800890541722,1.9102809545200525,0.060136234326660376,0.002670933801008135,0.6296865408436981,0.008022667980075308,2.192991857872033,-0.0008538562406090204,9.375050201072744e-05,-0.0009476067426197478,-0.5733616368847054,0.5682115299169058,-0.0024530977818028443,-0.932505379024664,0.0005578842965633488,0.277826760588446,True,False,0.7807031944003192,1.0
IWM,13,3,72,0.002309138088066567,1.1309244185820229,0.5555555555555556,-0.0028824059723158496,0.005191544060382417,1.8822663869244816,0.06389808675831907,0.004035834415705637,0.8587980839183657,0.0063472537050591965,2.1515175515187406,-0.00037500485093713994,0.0007278587218419128,-0.0011028635727790529,-0.7057279851331907,0.48266650059265254,-0.0010881971671053425,-0.42249213438793126,-0.0011175299784527632,-0.617615656438123,True,False,0.7807031944003192,1.0
SPY,13,8,72,0.004190532675262,1.5313001092793463,0.6527777777777778,-0.0009820940533365038,0.005172626728598504,1.7294215873945487,0.08807933475285652,0.0038529099595790072,0.8739791010729921,0.006492343497618002,1.5858408374581046,0.0,0.0,0.0,,,0.0,,0.0,,True,False,0.7807031944003192,1.0
QQQ,13,3,72,0.0022655780981601587,1.0003456166121878,0.5416666666666666,-0.002786659476585827,0.005052237574745985,1.7679912635254105,0.08135846559876443,0.0017617316357396347,0.38808235931692703,0.008342743513752337,2.418038576835655,-0.00041856484084354845,0.0008236052175719354,-0.001242170058415484,-0.7287906127493066,0.468526923314132,-0.003362299947071345,-1.1705630295117107,0.0008779598302403771,0.48485564945163273,True,False,0.7807031944003192,1.0
XLU,10,8,72,0.008010515267584171,2.5777854092222636,0.7222222222222222,0.0017230073998840334,0.006287507867700138,1.6824116390176018,0.09688228900112177,0.0035230531613623045,0.6082295545388847,0.009051962574037972,1.90085083393574,0.002371581647867959,0.0009989042144569308,0.001372677433411028,0.4299529839006428,0.6685320008472231,-0.0008891967044285196,-0.2074580718458092,0.003634551571250576,0.7630099731520239,True,False,0.8213933197921194,1.0
XLI,10,8,72,0.006532253756015852,1.855781078929596,0.5416666666666666,2.120041427577009e-05,0.006511053341740081,1.4521985808065228,0.15085138825694425,0.008761478791795271,1.26369752418846,0.004260627891684892,0.7394426119955612,0.0008933201362996397,-0.0007029027711513325,0.0015962229074509722,0.7042712891579298,0.4835674771947415,0.004349228926004447,1.3928056524910524,-0.0011567831111025028,-0.35434393334371833,True,False,0.9171230385459404,1.0
RSP,10,8,72,0.0070495192021135696,2.0893334036231765,0.7083333333333334,0.000758832865764431,0.006290686336349138,1.5501369953845348,0.12555494580617418,0.007525666261008408,1.1338031221965132,0.005055706411689868,1.0618040815451752,0.001410585582397357,3.472968033732846e-05,0.0013758559020600285,1.0353069070540009,0.3040390303130263,0.003113416395217584,1.7438950525277839,-0.0003617045910975271,-0.1854214157852261,True,False,0.9171230385459404,1.0
XLI,13,8,72,0.0038913279554927465,1.042362656217212,0.5694444444444444,-0.0023855352076632263,0.006276863163155973,1.5523807458106376,0.12501758754062664,0.0065911429298766795,1.0755128871600415,0.005962583396435267,1.1116934775378084,-0.00029920471976925393,-0.0014034411543267225,0.0011042364345574688,0.5197830359776858,0.604831633409936,0.002738232970297672,0.8154765294627461,-0.0005297601011827345,-0.2019266010824534,True,False,0.9171230385459404,1.0
RSP,13,8,72,0.004458438200119808,1.3870303506593047,0.6388888888888888,-0.0010374164501940712,0.005495854650313879,1.5852266644277841,0.11735907892906071,0.002637283053784729,0.5010597475387453,0.008354426246843029,1.8409435045479496,0.0002679055248578073,-5.5322396857567265e-05,0.00032322792171537453,0.23061296610357054,0.8182787050203274,-0.0012156269057942782,-0.5964308392529418,0.0018620827492250272,0.9705757398727703,True,False,0.9171230385459404,1.0
XLY,10,5,72,0.004594836709174081,1.9998219044822731,0.6388888888888888,-0.0005556739296277863,0.005150510638801867,1.459753275926588,0.1487685494452019,0.00498763402482882,0.9166626855596007,0.005313387252774915,1.1622091188821604,0.0013893712312531019,-0.000967588574992673,0.002356959806245775,1.5179805780489608,0.13345971084098987,0.0037161271361719466,1.3525416720557766,0.000997792476319603,0.6841891787480728,True,True,0.9171230385459404,1.0
SPY,10,8,72,0.005638933619716212,1.968017614171009,0.6944444444444444,0.0007241031854271025,0.00491483043428911,1.43666434794003,0.15520543729238992,0.0044122498657908245,0.7725335192926825,0.005417411002787396,1.4059487304485536,0.0,0.0,0.0,,,0.0,,0.0,,True,False,0.9171230385459404,1.0
IWM,13,5,72,0.0037315357353672135,1.224943093928466,0.625,-0.0011725818356358333,0.004904117571003046,1.4492153387880904,0.1516800957925396,0.003432706726340332,0.5981046841783487,0.0063755284156657615,1.7419014571875453,0.00045744195146865826,0.0014122680727105897,-0.0009548261212419313,-0.4445807147653274,0.6579750744439972,-0.0013784369648328447,-0.3942790690962893,-0.0005312152776510179,-0.20866317207732354,True,False,0.9171230385459404,1.0
XLB,13,3,72,0.0009120849732858235,0.39954617734860254,0.5,-0.0037809077088229964,0.00469299268210882,1.4367580473544332,0.15517888545547517,0.004006998035421487,0.6978574855181264,0.005378987328796153,1.6767863738794535,-0.0017720579657178835,-0.00017064301466523395,-0.0016014149510526496,-0.8267307172005182,0.4111595048858645,-0.0011170335473894922,-0.3736582754991211,-0.002085796354715807,-0.8328037745017166,True,False,0.9171230385459404,1.0
XLU,10,5,72,0.006278385700446706,2.4086540108385086,0.6666666666666666,0.0016982859225778298,0.004580099777868876,1.4431370884652903,0.15337950980773984,0.004489949684801238,0.9289201745933388,0.004670249870936514,1.1163395687741509,0.003072920222525727,0.001286371277212943,0.0017865489453127838,0.7307474866681152,0.4673380433552446,0.0032184427961443655,0.9032346421682824,0.0003546550944812022,0.10487266125149772,True,True,0.9171230385459404,1.0
XLP,13,3,72,6.855410783985123e-05,0.04639856753478003,0.5972222222222222,-0.003281493615846092,0.0033500477236859433,1.4786576622074326,0.14365484975488954,0.00016299555258003794,0.07093932150292916,0.0065370998947918485,1.6898239475621113,-0.002615588831163856,0.0003287710783116705,-0.0029443599094755263,-1.5866304922843562,0.117040325610775,-0.004961036030230941,-1.8189330982332483,-0.0009276837887201109,-0.3695864312979665,True,False,0.9171230385459404,1.0
QQQ,1,8,72,0.010007067755904969,1.8900369256682137,0.6527777777777778,0.0025152927029525505,0.00749177505295242,1.4179323623850355,0.16058464026346358,0.005423275517008764,0.6087905766356659,0.009560274588896073,1.6478662848432017,0.0037899119101915233,-0.0006294327051791766,0.0044193446153707,2.0223263248298737,0.04691105811746652,0.004399583466854122,1.1919072206892998,0.004439105763887278,1.851305794957132,True,True,0.9210001426875117,1.0
QQQ,13,5,72,0.0031912654332909,1.1240184618578348,0.5277777777777778,-0.0009357627788462226,0.004127028212137123,1.3637496563246738,0.17695459218245646,0.002205513393654735,0.4574143208903182,0.00604854303061951,1.6343840112240875,-8.282835060765486e-05,0.0016490871295002003,-0.0017319154801078553,-1.050258971158522,0.2971607976705594,-0.002605630297518441,-1.1105002166945503,-0.0008582006626972693,-0.366482709663549,True,False,0.9585040409883059,1.0
XLK,13,5,72,0.002613874029194035,0.9688623382162379,0.5555555555555556,-0.0013497470004756264,0.003963621029669661,1.3746599164261812,0.17356006145469843,0.002971322816647478,0.6897956692284335,0.004955919242691845,1.274581919834133,-0.00066021975470452,0.0012351029078707966,-0.0018953226625753165,-1.176002421460673,0.2435220851906177,-0.0018398208745256984,-0.93536886382392,-0.0019508244506249346,-0.7554055799724242,True,False,0.9585040409883059,1.0
XLE,7,8,72,0.005635842807193215,1.0554653490301837,0.5555555555555556,-0.0026628404952037843,0.008298683302397001,1.325679039577373,0.18919568901100917,0.006883039951547009,0.6967346790802648,0.00971432665324699,1.2409674828796013,0.00032682151801823815,-0.0029182678241809526,0.0032450893421991905,0.7411271133475521,0.4610606381212922,0.006414645204201848,0.9438053552310343,7.553348019653332e-05,0.013562688054896181,True,True,0.9599562682632208,1.0
XLF,7,8,72,0.0032843351953503277,0.5929015154777701,0.5,-0.004030846026855072,0.0073151812222054,0.9104216694364092,0.36568070215444426,0.0032719637435115793,0.22140092640621178,0.011358398700899221,1.7403927676348736,-0.0020246860938246494,-0.004286273355832241,0.0022615872620075908,0.45036661369693665,0.65381835269707,0.002803568996166418,0.2978509645226699,0.0017196055278487637,0.4646855274170827,True,True,0.9599562682632208,1.0
XLF,10,8,72,0.0038151755085006176,0.7740900689964559,0.5555555555555556,-0.0027485393105866054,0.006563714819087223,1.1128183525524884,0.2695400152169131,0.005039183805183276,0.5230484709332531,0.00808824583299117,1.1650723368825666,-0.0018237581112155949,-0.003472642496013708,0.0016488843847981133,0.4227529075220418,0.67375319817664,0.0006269339393924519,0.09673932507120182,0.0026708348302037746,0.6023329186196059,True,True,0.9599562682632208,1.0
XLY,7,8,72,0.005098365061818115,1.60161060216745,0.625,-0.0008781612116174974,0.005976526273435613,1.2829100870812373,0.20369577472308356,0.0009282559506831292,0.12095712174850858,0.011024796596188095,2.0947909588061364,-0.00021065622735686216,-0.0011335885405946656,0.0009229323132378035,0.4810819050165354,0.6319375838927792,0.00045986120333796804,0.14220826379506296,0.0013860034231376389,0.6560738790814321,True,True,0.9599562682632208,1.0
XLI,7,8,72,0.00570694391352455,1.563762461828928,0.6666666666666666,-8.28613273394808e-05,0.005789805240864031,1.173023178110003,0.24470692851007275,0.0011507333144735038,0.13974804554225378,0.010428877167254559,1.9102190349848798,0.0003979226243495732,-0.00033828865631664904,0.0007362112806662222,0.33295744885550477,0.7401475851830087,0.0006823385671283427,0.2041439396111115,0.0007900839942041019,0.26842491548242325,True,True,0.9599562682632208,1.0
RSP,7,8,72,0.004994004905803076,1.5757238737193622,0.6111111111111112,-0.0007251068446495702,0.005719111750452646,1.242932297962929,0.217981855807173,0.0013268142153932806,0.1718574242905482,0.010111409285512012,2.0146267466621257,-0.00031501638337190187,-0.0009805341736267386,0.0006655177902548366,0.5209055611867385,0.6040534214417894,0.0008584194680481195,0.41222631221819833,0.0004726161124615537,0.3127244828254183,True,True,0.9599562682632208,1.0
QQQ,4,8,72,0.007744292307918615,1.5768172532100928,0.6805555555555556,0.0021621652828721855,0.0055821270250464294,1.1174987227653654,0.2675483389082213,0.0004224325588007298,0.0577674145963312,0.010741821491292129,1.5797175932297511,0.0037051874683722177,-8.207688513672432e-05,0.003787264353508942,1.981388759470778,0.051420932155787705,0.0033193794183176187,0.9701423621603745,0.004255149288700266,2.4154265376511557,True,True,0.9599562682632208,1.0
XLE,10,5,72,0.00484476737350568,1.1211859004800395,0.5694444444444444,-0.0007003738382324722,0.005545141211738152,1.0462741369285715,0.2989834290048197,0.010304884397502396,1.193691243481034,0.0007853980259739087,0.12717278318921008,0.001639301895584701,-0.0011122884835973587,0.00275159037918206,0.75290129788436,0.4539984440174401,0.009033377508845523,1.434751741702164,-0.0035301967504814034,-1.0068631439743776,True,False,0.9599562682632208,1.0
XLF,1,8,72,0.008617346971468069,1.335205851265293,0.625,0.0033987109605720903,0.005218636010895979,0.8720570544970269,0.38611675650665706,0.009346782755435015,0.8968609241412503,0.0010904892663569426,0.18248964864062847,0.002400191125754623,0.0002539855524403633,0.00214620557331426,0.6553411613354626,0.5143659503615551,0.008323090705280374,1.5160989890907095,-0.004030679558651853,-1.2046271414833496,True,False,0.9599562682632208,1.0
SPY,7,8,72,0.005309021289174977,1.842253417682593,0.6666666666666666,0.0002554273289771682,0.005053593960197809,1.2207460375354857,0.22622085283634455,0.00046839474734516114,0.06641049643675741,0.009638793173050457,2.235952107488641,0.0,0.0,0.0,,,0.0,,0.0,,True,False,0.9599562682632208,1.0
QQQ,10,8,72,0.007384696343501623,1.9312124796189547,0.6805555555555556,0.0025289355841998937,0.004855760759301729,1.1001434245880164,0.27498576168002786,0.003248931219251063,0.443275239599195,0.006462590299352396,1.2881264566811872,0.0017457627237854106,0.001804832398772791,-5.906967498738036e-05,-0.027639082733687544,0.9780275511581451,-0.0011633186465397612,-0.3850926041641097,0.0010451792965650005,0.34207099328340523,True,False,0.9599562682632208,1.0
XLB,13,5,72,0.0019463725698221372,0.5541522907926786,0.5833333333333334,-0.0028887506429884804,0.004835123212810617,1.2342817781028492,0.22116769645977855,0.0028592176894655544,0.44391518559677184,0.006811028736155681,1.502427924849398,-0.0013277212140764179,-0.00030390073464205754,-0.0010238204794343604,-0.40172973898090775,0.689089644634339,-0.0019519260017076222,-0.47440634006021093,-9.571495716109867e-05,-0.03126342711599044,True,False,0.9599562682632208,1.0
XLF,7,3,72,0.0026921533707484208,0.7586585662156999,0.5833333333333334,-0.0020044652861184275,0.004696618656866849,0.8477453183161926,0.3994286457344908,0.0030108917888492562,0.30922278538725945,0.006382345524884441,1.1739886621488942,0.0005299161096548136,-0.0017861113183866642,0.0023160274280414777,0.7096999130754671,0.4802145747128147,0.0036599998231888736,0.5994706932650451,0.000972055032894082,0.4026373852664458,True,True,0.9599562682632208,1.0
QQQ,1,5,72,0.007261826712446516,1.7935855439168389,0.6666666666666666,0.0028113462472672615,0.004450480465179254,1.0525900077272423,0.29609812419464293,0.005700005846034588,0.822222699755588,0.0032009550843239204,0.6482565603767998,0.002530274114674647,-0.0005052417793319011,0.003035515894006548,1.7447629153769098,0.08535320737231289,0.0030654473811830485,1.1050161453324168,0.0030055844068300475,1.4037116837244095,True,True,0.9599562682632208,1.0
QQQ,4,5,72,0.00409906460162014,1.0328162237087601,0.6388888888888888,-0.0001925680516517132,0.004291632653271853,1.055532204850562,0.2947605469335778,0.0009688248495672955,0.14947678078352203,0.007614440456976412,1.540579974912664,0.002216458578225307,-0.0007225964338451509,0.002939055012070458,1.6990545448942798,0.09368695887857287,0.0030843653873128293,1.065139870055451,0.0027937446368280863,1.4419982047357929,True,True,0.9599562682632208,1.0
XLU,4,3,72,0.00255256197789979,0.9058470436257263,0.5555555555555556,-0.0015368414692753425,0.004089403447175132,1.3174628533757629,0.1919192446935086,0.0014524178087877149,0.3153610506781417,0.00672638908556255,1.6087807519884327,0.0013457114949263524,-0.002555182267530231,0.0039008937624565834,1.6791673820215607,0.09751541674176789,0.004037463820436392,1.3988631202246335,0.0037643237044767746,1.0220878561928226,True,True,0.9599562682632208,1.0
XLB,10,8,72,0.003457493151370402,0.7177018410405032,0.6666666666666666,-0.0005938195058307663,0.004051312657201167,0.7571357346080831,0.4514739241981431,0.0023641141142913703,0.2654880944070037,0.005738511200110967,0.9471989314710954,-0.0021814404683458103,-0.0013179226912578687,-0.0008635177770879415,-0.27627874990077045,0.7831366077906784,-0.0020481357514994542,-0.43479796527452763,0.00032110019732357116,0.0770563767646348,True,False,0.9599562682632208,1.0
XLF,7,5,72,0.0020831701699455963,0.4447405064532515,0.5555555555555556,-0.0019112299079938873,0.003994400077939483,0.6209958380403028,0.5365909396958516,0.004440351337963696,0.3777702576434033,0.003548448817915271,0.6512374174210008,-0.0005740619493151565,-0.0032095585570983865,0.0026354966077832298,0.5744896027884231,0.5674523566246147,0.005324563129187144,0.6117285023326837,-5.3569913620683964e-05,-0.017652064865512882,True,False,0.9599562682632208,1.0
XLI,10,5,72,0.004174427076440638,1.5319767663197237,0.5833333333333334,0.00019133468179036086,0.0039830923946502774,1.0338157116744147,0.3047308842684895,0.003885003532019712,0.7038652057150131,0.004081181257280843,0.7481295691140704,0.0009689615985196595,-0.0002205799635745258,0.0011895415620941851,0.6655920255652883,0.5078285217289454,0.002613496643362839,1.161326162916969,-0.00023441351917446852,-0.08404994245041197,True,False,0.9599562682632208,1.0
XLK,10,8,72,0.00649273475051682,1.8202602277957058,0.5972222222222222,0.002551788451817332,0.003940946298699487,0.9340382197829262,0.3534499743483688,0.003986687943980666,0.5978399245948972,0.0038952046534183097,0.7393409618497686,0.0008538011308006077,0.0018276852663902294,-0.0009738841355896218,-0.4866472724639278,0.6280072132942557,-0.00042556192181015775,-0.17509095528259047,-0.0015222063493690859,-0.47375870936737685,True,False,0.9599562682632208,1.0
RSP,10,5,72,0.003869323821592501,1.5818789765375383,0.5972222222222222,1.418685833274221e-05,0.0038551369632597587,1.0935129565733737,0.2778648842003935,0.003730976654325899,0.7265976852713749,0.003979297272193618,0.8112899841675355,0.000663858343671522,-0.00039772778703214443,0.0010615861307036664,1.1729326346191462,0.24474300218981374,0.002459469765669026,2.169794203670512,-0.00033629750426169343,-0.24226543011263502,True,False,0.9599562682632208,1.0
XLV,4,8,72,0.006512323170242618,1.571438215352329,0.6944444444444444,0.0028237538969755616,0.0036885692732670566,0.8091353314365792,0.4211405714446567,0.0029470555344645244,0.499090166324508,0.004430083012069589,0.6302114870475811,0.0024732183306962214,0.0005795117289666518,0.0018937066017295694,0.6792029437877911,0.49921753020192955,0.0058440023939814135,1.201412197140892,-0.0020565891905222743,-0.7780960983866626,True,False,0.9599562682632208,1.0
IWM,10,8,72,0.006339310136006508,1.6739738317028665,0.6805555555555556,0.002888864693754269,0.003450445442252239,0.7209429000913755,0.4733118628926562,0.00463191561691017,0.5856179370170385,0.002268975267594308,0.41224388619711,0.0007003765162902955,0.0021647615083271662,-0.0014643849920368708,-0.6127838799673113,0.5419771179391617,0.0002196657511193458,0.0599675019312496,-0.003148435735193087,-1.016722102013322,True,False,0.9599562682632208,1.0
XLK,7,3,72,0.003579753499409514,1.4131208555333812,0.5972222222222222,0.00019725207034515294,0.0033825014290643613,0.995836688614861,0.3227113760817992,0.0001800274613693941,0.034686972132633186,0.006584975396759328,1.4994838764500416,0.001417516238315907,0.0004156060380769163,0.0010019102002389907,0.8542244550603677,0.39585371083159115,0.0008291354957090118,0.48724993381915904,0.0011746849047689694,0.7170293195147921,True,True,0.9599562682632208,1.0
XLY,13,8,72,0.004402902287642345,1.384519821201788,0.5833333333333334,0.0011313553908673167,0.0032715468967750285,0.8966929458311053,0.3729131767656383,0.002863293462944406,0.501514929187886,0.003679800330605651,0.7954556641762633,0.0002123696123803448,0.0021134494442038207,-0.0019010798318234757,-0.8865589953153901,0.3783095178204316,-0.000989616496634601,-0.26836423484472727,-0.002812543167012351,-1.2565918959603695,True,False,0.9599562682632208,1.0
XLV,1,5,72,0.006222886190513584,2.658336777655269,0.6805555555555556,0.002985859899211468,0.0032370262913021153,1.1196128801844345,0.26665207975647026,0.0017066170550899108,0.39084068217892437,0.00476743552751432,1.2428761383795028,0.0014913335927417143,-0.00033072812738769455,0.0018220617201294088,0.78645726844892,0.4342167814043843,-0.000927941409761629,-0.255112189217437,0.004572064850020447,1.6050545919835884,True,False,0.9599562682632208,1.0
XLK,1,8,72,0.007445057403046869,1.4509001425673353,0.6388888888888888,0.004213940876342656,0.0032311165267042133,0.6469020906052999,0.5197812710828525,0.00046711014013399134,0.05540367345325359,0.0059951229132744355,1.1001249234134896,0.0012279015573334235,0.001069215468210929,0.00015868608912249457,0.07468564422309647,0.9406748602565226,-0.0005565819100206503,-0.15803310094773987,0.0008739540882656395,0.3603370213913905,True,False,0.9599562682632208,1.0
XLV,1,8,72,0.006724230523528428,1.6755967232547906,0.6666666666666666,0.0035246878740743393,0.003199542649454089,0.7531039872438573,0.4538774181165494,0.0011482581362266418,0.16871690445878312,0.005250827162681536,1.0167586992814097,0.0005070746778149825,0.0003799624659426123,0.00012711221187237018,0.04625905889860963,0.9632336386973228,0.00012456608607200017,0.028795253223551722,0.00012965833767274016,0.037554204414925844,True,True,0.9599562682632208,1.0
XLV,4,3,72,0.0024336197122477744,0.9607241806379371,0.5972222222222222,-0.0007623968351121338,0.003196016547359908,1.1115608140146351,0.2700769121820092,0.002266135092245436,0.5252527381382531,0.00412589800247438,1.0696799733714395,0.0012267692292743367,-0.0017807376333670221,0.003007506862641359,1.7054040741383183,0.09249086415846328,0.004851181103894113,1.5582614001521764,0.0011638326213886047,0.7042021343734297,True,True,0.9599562682632208,1.0
XLY,1,5,72,0.006854829759256565,1.8403521988506963,0.6388888888888888,0.0036725548898949084,0.003182274869361657,0.7692912013698341,0.4442722057822735,0.002215386385400338,0.3134708100154357,0.004149163353322976,0.9414166068281877,0.0021232771614846965,0.00035596686329574586,0.0017673102981889508,1.0449059266961498,0.2996109910955809,-0.00041917207945120185,-0.17547313491374048,0.003953792675829103,1.6668223265238649,True,False,0.9599562682632208,1.0
XLE,4,3,72,0.0030321192101668035,0.7743044620187786,0.5555555555555556,-7.390198304119133e-05,0.003106021193207995,0.6810257153875381,0.49807039092156635,0.0011154800645509346,0.174065513623028,0.005096562321865055,0.7763319972927352,0.001825268727193366,-0.0010922427812960797,0.0029175115084894457,0.9641323677544058,0.3382519767729511,0.0037005260761996117,0.9070353173075509,0.0021344969407792796,0.47176179830315174,True,True,0.9599562682632208,1.0
SPY,1,8,72,0.006217155845713446,1.2937214602347473,0.6666666666666666,0.003144725408131727,0.003072430437581719,0.6852847669582304,0.49539560079313266,0.0010236920501546416,0.13431581064236622,0.005121168825008796,1.062632717829386,0.0,0.0,0.0,,,0.0,,0.0,,True,False,0.9599562682632208,1.0
QQQ,1,3,72,0.005723330777694667,1.9559922524411921,0.625,0.0027030425379974974,0.0030202882396971695,0.960909737905159,0.33985866661597697,0.004190099559209832,0.891634659723948,0.0018504769201845063,0.4371318459300297,0.001493688244629862,8.3051182797601e-05,0.0014106370618322608,1.1416573911260746,0.2574322812120245,0.0012593538251033098,0.620861460774974,0.0015619202985612118,1.0834107097968853,True,True,0.9599562682632208,1.0
QQQ,13,8,72,0.0039647420167530055,1.1966447310227537,0.5833333333333334,0.0010897569031046855,0.0028749851136483204,0.759352031911196,0.4501558342010483,0.0002029717147199122,0.03797521793024554,0.0055469985125767285,1.0268335928324719,-0.00022579065850899464,0.0020718509564411893,-0.002297641614950184,-1.2882931130040336,0.20182655827706364,-0.003649938244859095,-1.7615077887816963,-0.000945344985041273,-0.3241167885064191,True,False,0.9599562682632208,1.0
SPY,10,5,72,0.003205465477920979,1.3470815716780675,0.6388888888888888,0.0004119146453648866,0.0027935508325560923,0.8701040635407277,0.38717579003967384,0.0012715068886568729,0.2615757992127133,0.004315594776455312,1.0155194131117546,0.0,0.0,0.0,,,0.0,,0.0,,True,False,0.9599562682632208,1.0
XLB,10,5,72,0.001898257026548133,0.5390690016240213,0.5833333333333334,-0.0007973603469914788,0.0026956173735396115,0.6247303350012472,0.5341506309041255,0.00016889506880137425,0.026203450833747026,0.005222339678277849,0.9005916146656643,-0.001307208451372846,-0.0012092749923563655,-9.793345901648059e-05,-0.0391951779573486,0.9688447819870019,-0.0011026118198554985,-0.30058422616895275,0.0009067449018225373,0.26379193192569933,True,False,0.9599562682632208,1.0
XLK,13,8,72,0.0032909379261498607,0.9794523223592556,0.5972222222222222,0.0006432337455053966,0.0026477041806444637,0.7036224380957329,0.4839690959552693,0.0004412976252547024,0.09076766545620003,0.004854110736034225,0.8382497370383529,-0.00089959474911214,0.0016253277988419006,-0.0025249225479540404,-1.3368328990837868,0.18554503112277598,-0.003411612334324305,-1.7350867319338548,-0.0016382327615837762,-0.5040821454108406,True,False,0.9599562682632208,1.0
XLV,4,5,72,0.0023002409889021328,0.6226706676749547,0.6388888888888888,-0.000260880657626052,0.0025611216465281847,0.6776674441752446,0.50018498950537,0.0026893988415113918,0.45862568136783427,0.0024328444515449776,0.5012041058468177,0.00041763496550729917,-0.0007909090398194896,0.001208544005326789,0.5570546441030899,0.5792419581694255,0.004804939379256926,1.286980962842349,-0.002387851368603348,-1.1360125387461413,True,False,0.9599562682632208,1.0
QQQ,4,3,72,0.002460436401506642,0.860930390072526,0.5972222222222222,-6.610247870159995e-05,0.0025265388802082423,0.7951020399991143,0.429204158089608,0.0004972492118725987,0.10127931617237429,0.004555828548543885,1.1173098022289243,0.0012535859185332048,-0.0010844432769564884,0.002338029195489693,1.7938612323647658,0.07709309494818033,0.003082295223521276,1.6248368180781823,0.0015937631674581103,0.8824682279971632,True,True,0.9599562682632208,1.0
XLY,1,3,72,0.005466658892840455,1.8522136887326965,0.6666666666666666,0.003000222197790605,0.0024664366950498504,0.7613528655198928,0.4489678009531837,0.0034397289179173684,0.691108848810265,0.0014931444721823321,0.3543825333654555,0.0012370163597756503,0.00038023084259070853,0.0008567855171849418,0.661127869860924,0.5106700264722126,0.0005089831838108461,0.2703923340037555,0.0012045878505590375,0.6667944358574205,True,True,0.9599562682632208,1.0
XLP,10,8,72,0.0035342893458874536,1.603232958976442,0.6111111111111112,0.0010824411676413031,0.0024518481782461504,0.8101777405777333,0.42054524246989894,0.0005897826612195776,0.1498375737755547,0.004313913695272723,0.9310958360011048,-0.002104644273828759,0.0003583379822142006,-0.0024629822560429592,-1.0609596657866736,0.29230398655228557,-0.0038224672045712466,-1.2866212452228214,-0.0011034973075146723,-0.3068501709216809,True,False,0.9599562682632208,1.0
XLP,7,5,72,0.004709578028586466,2.7501138103934313,0.6388888888888888,0.002556261369719073,0.0021533166588673935,0.9527323545852202,0.34395800883711863,0.0005276345572111991,0.16969590407083113,0.003778998760523588,1.1442974464201736,0.002052345909325714,0.0012579327206145737,0.00079441318871114,0.4325420683796958,0.666658482505508,0.0014118463484346475,0.5430959864461361,0.0001769800289876327,0.0673481649800738,True,True,0.9599562682632208,1.0
SPY,1,3,72,0.004229642533064805,1.9283387283920213,0.6666666666666666,0.0026199913551998963,0.0016096511778649085,0.6317261206447785,0.5295946823447628,0.0029307457341065223,0.7727594870358292,0.0002885566216232945,0.08379886487447373,0.0,0.0,0.0,,,0.0,,0.0,,True,False,0.9599562682632208,1.0
XLP,10,5,72,0.0031295827781354906,1.7873830535109705,0.6388888888888888,0.0015362001622513581,0.0015933826158841327,0.6438740057182691,0.5217316793651857,0.00031772164862063943,0.10235831399473949,0.002869043583147626,0.7378815283072944,-7.588269978548816e-05,0.0011242855168864714,-0.0012001682166719596,-0.6011569943938462,0.5496499533801966,-0.0009537852400362334,-0.35269195480042365,-0.0014465511933076857,-0.4861434657070504,True,False,0.9599562682632208,1.0
XLE,1,8,72,0.0062488444747370074,0.8368538512755624,0.5555555555555556,0.0021880936573420093,0.004060750817394998,0.5545986792337435,0.5809120852176013,0.004421429372150145,0.4120520297074741,0.0037000722626398513,0.36571349738867204,3.168862902356203e-05,-0.0009566317507897176,0.0009883203798132798,0.1902135226128472,0.8496846199920877,0.0033977373219955037,0.5672086495945401,-0.0014210965623689443,-0.1659692698705541,True,False,0.9634272528131025,1.0
XLE,4,8,72,0.0019403963984397704,0.3100679869564193,0.5416666666666666,-0.0011103634525721812,0.0030507598510119516,0.44293121747956177,0.6591620990967665,0.0031395644553936695,0.2960790630417361,0.002961955246630234,0.3310962423151449,-0.0020987084411066264,-0.003354605620581091,0.0012558971794744643,0.26298793741972515,0.7933215416363988,0.006036511314910558,0.8160931864337493,-0.0035247169559616295,-0.5833729256906625,True,False,0.9634272528131025,1.0
XLF,10,5,72,0.0006407560201590026,0.13923801305327935,0.5277777777777778,-0.0022221262001692523,0.002862882220328255,0.5436929242737675,0.5883559814790064,0.0008152604001494426,0.09309713517078179,0.004910504040507068,0.8234041807354331,-0.0025647094577619764,-0.002634040845534139,6.933138777216279e-05,0.02200124165526892,0.9825086806902468,-0.00045624648850743014,-0.08409034801316684,0.0005949092640517557,0.1807304528413046,True,False,0.9634272528131025,1.0
XLE,4,5,72,0.0012215045590546541,0.22740373283436016,0.5277777777777778,-0.0014486255681796626,0.002670130127234317,0.46928223352994136,0.6403058556304436,0.00043079527246021106,0.04724549913852517,0.004909464982008423,0.7092309021771392,-0.0006611014643401794,-0.0019786539503731005,0.001317552486032921,0.3656135135917604,0.7157405185032594,0.0025463358102057448,0.48921879864154133,8.87691618600972e-05,0.017575222580450047,True,True,0.9634272528131025,1.0
IWM,10,5,72,0.002751738522699205,1.003174669708071,0.6111111111111112,0.0008303768551062519,0.0019213616675929535,0.4788151468929289,0.6335414703525692,0.000435181377047235,0.07748801813642864,0.0034075419581386717,0.58731880435185,-0.0004537269552217736,0.0004184622097413653,-0.0008721891649631388,-0.45704786956826826,0.649032001494867,-0.0008363255116096378,-0.2946049631550571,-0.00090805281831664,-0.3503982311516848,True,False,0.9634272528131025,1.0
XLB,4,5,72,0.0032510928996926755,0.6888453809429359,0.5833333333333334,0.001395778300204926,0.0018553145994877494,0.3523869639836073,0.7255919663214061,0.0013074834563403864,0.1733755384671636,0.0024031457426351125,0.32235752386115774,0.001368486876297842,0.0008657499180114883,0.0005027369582863536,0.20617600188813387,0.8372435071771867,0.00342302399408592,1.015997337548226,-0.0024175500775132134,-0.68976211093819,True,False,0.9634272528131025,1.0
XLK,1,3,72,0.004900683651313373,1.6957127946270105,0.6388888888888888,0.003141397365668432,0.0017592862856449416,0.5639757763168964,0.5745478135647686,0.0033594581938296117,0.7333867351730597,0.0001591143774602717,0.037144209602818924,0.0006710411182485686,0.0005214060104685355,0.00014963510778003318,0.11491747453415459,0.9088349129170994,0.00042871245972308917,0.20534532013225104,-0.00012944224416302282,-0.08161170529321743,True,False,0.9634272528131025,1.0
IWM,7,5,72,0.0021196373778762934,0.6399710054368642,0.5416666666666666,0.00040903541528577157,0.0017106019625905218,0.3796144890420328,0.7053646999749164,0.00019513764079481954,0.027950643524864777,0.0032260662843862243,0.5573013868176925,-0.0005375947413844592,-0.0008892932338187276,0.00035169849243426834,0.17762147364728004,0.8595260380193713,0.0010793494320182678,0.3940197634390598,-0.00037595244714973123,-0.12993133638755192,True,False,0.9634272528131025,1.0
XLF,4,5,72,0.0032433934185615468,0.6249755906452759,0.625,0.0016590300822633824,0.0015843633362981643,0.2846727676844822,0.7767235322785043,0.00015587850408550608,0.01706131789832055,0.0030128481685108227,0.46443939240203785,0.0013607873951667132,0.0011290017000699449,0.0002317856950967685,0.08253751839656337,0.9344515371417755,0.00227141904183104,0.4729685546268921,-0.001807847651637503,-0.6131235046283771,True,False,0.9634272528131025,1.0
XLB,4,3,72,0.0032732683916947883,0.9272755115629243,0.5555555555555556,0.0017877295543127997,0.0014855388373819886,0.37363431856615237,0.7097897663975197,0.0010667126968666358,0.19554031286569565,0.0019043649778973412,0.3248537211008498,0.002066417908721351,0.0007693887560579112,0.0012970291526634395,0.6892901107374635,0.49288731040986916,0.003651758708515313,1.435842813895566,-0.0010577004031884342,-0.38416935842502964,True,False,0.9634272528131025,1.0
SPY,1,5,72,0.004731552597771869,1.5359825454196427,0.6527777777777778,0.0033165880265991626,0.0014149645711727065,0.43025370609553043,0.6683142831338394,0.0026345584648515396,0.47757328419523404,0.000195370677493873,0.053446643144778476,0.0,0.0,0.0,,,0.0,,0.0,,True,False,0.9634272528131025,1.0
XLK,1,5,72,0.005262425858192379,1.3320920610244045,0.6666666666666666,0.004104181048306917,0.0011582448098854624,0.29287794015613583,0.770469716924839,0.002055072899826126,0.31392392668378877,0.00026141671994479865,0.05766563504473259,0.0005308732604205104,0.0007875930217077545,-0.00025671976128724405,-0.1523826819399538,0.8793173238816083,-0.0005794855650254137,-0.2061645001726465,6.604604245092565e-05,0.034767849754053476,True,False,0.9634272528131025,1.0
RSP,1,8,72,0.005116855458874513,0.9677816447173496,0.6111111111111112,0.004020324211532266,0.0010965312473422471,0.22062427489143938,0.8260181974794035,0.0006301476144826028,0.07339918124359972,0.0015629148802018915,0.3035960021209398,-0.0011003003868389329,0.0008755988034005388,-0.0019758991902394715,-1.6652067176496401,0.1002785241253183,-0.0003935444356720389,-0.22474209111543733,-0.0035582539448069045,-2.2491207688971437,True,False,0.9634272528131025,1.0
XLY,10,3,72,0.00357610521633492,1.6767627658833244,0.5833333333333334,0.0025614485647262697,0.0010146566516086501,0.3657563274427336,0.7156344071557219,0.0019737970379420607,0.4695067661550498,5.551626527523933e-05,0.015111294161803011,0.0011794552257532993,-0.0007974737601863621,0.0019769289859396613,1.525844076142147,0.13149124917775096,0.002431485306253404,1.1370262629653551,0.0015223726656259189,1.0204334576645864,True,True,0.9634272528131025,1.0
XLU,1,5,72,0.0009955409433099948,0.3662395893082111,0.5416666666666666,4.971030097144518e-05,0.0009458306423385498,0.2979591025859665,0.7666045563124975,0.0015500866192306758,0.2984486576187923,0.00034157466544642364,0.0916649863028945,-0.003736011654461874,-0.0032668777256277173,-0.0004691339288341566,-0.15977690339253445,0.8735104967982852,-0.001084471845620864,-0.3038488593224279,0.00014620398795255063,0.031018159269014006,True,False,0.9634272528131025,1.0
QQQ,10,3,72,0.00416269811608733,1.6634444182148072,0.6666666666666666,0.0035435757895954847,0.0006191223264918449,0.20909828215664397,0.8349702857713555,0.000782216812930782,0.16523004971906238,0.0004560278400529077,0.12572840211673827,0.0017660481255057092,0.00018465346468285305,0.0015813946608228561,1.2953705000319762,0.19938846052344633,0.0012399050812421251,0.6157407017962312,0.0019228842404035871,1.3647953047478514,True,True,0.9634272528131025,1.0
XLU,10,3,72,0.003611476606222084,1.8328119271310839,0.6805555555555556,0.0031285340784017856,0.00048294252782029836,0.22525850600463965,0.8224252803615044,0.00032125481957042773,0.09654831473860082,0.000644630236070169,0.23420778842954637,0.0012148266156404635,-0.00023038824651084604,0.0014452148621513098,0.7247626477450004,0.470979448171692,0.0007789430878817708,0.25207221805925606,0.0021114866364208484,0.8245383333892634,True,True,0.9634272528131025,1.0
XLV,10,3,72,0.004628321120168354,2.6390051353676416,0.6111111111111112,0.004262821449332464,0.00036549967083589056,0.17666838782314423,0.8602718584935157,0.0005827245285449182,0.20300972985595156,0.00014827481312686285,0.049090551470234445,0.002231671129586733,0.0009038991244198313,0.001327772005166902,0.7521366569753241,0.4544551786842055,0.0010404127968562614,0.38914780081068034,0.0016151312134775424,0.689257879493972,True,True,0.9807353745783002,1.0
XLV,7,5,72,0.003928818174606885,1.477623353648144,0.5555555555555556,0.003620209547608248,0.00030860862699863697,0.10080931584200732,0.9199859653825957,0.000354325490950337,0.08509530950510251,0.000262891763046937,0.057804089267676405,0.0012715860553461325,0.002321880898503749,-0.0010502948431576164,-0.5005190867709289,0.6182576331204505,0.0012385372821737853,0.34499028182806024,-0.003339126968489018,-1.544003986355007,True,False,0.9911451008265534,1.0
XLU,4,8,72,0.006507808530483772,1.7003370614323963,0.7083333333333334,0.0009527967367164875,0.005555011793767284,1.1964698058645222,0.23549341799518453,-0.003274997131895103,-0.5658812338555332,0.014385020719429669,2.044479515350262,0.0024687036909373746,-0.0012914454312924221,0.003760149122229797,1.0139126745264049,0.31406723707662165,-0.0003780502723782143,-0.07403045175149493,0.007898348516837808,1.4732397462884177,False,False,0.9599562682632208,1.0
QQQ,7,8,72,0.007062905154635991,2.0386064758373696,0.7361111111111112,0.001980696744593165,0.0050822084100428265,1.0503415512647514,0.2971231065963332,-0.0018284237658685665,-0.22545576087635796,0.011992840585954219,2.3302428296230526,0.001753883865461014,0.0017252694156159969,2.8614449845017055e-05,0.013628260028752337,0.9891647812216782,-0.0022968185132137275,-0.7083257758732581,0.0023540474129037617,0.8858066610190195,False,False,0.9599562682632208,1.0
XLU,7,8,72,0.007371818031071402,2.4072541170663913,0.6944444444444444,0.00249835556632721,0.004873462464744193,1.1376012938347373,0.2591115121971658,-0.0011722977334776687,-0.1945406002606762,0.010919222662966055,1.8184158625673144,0.002062796741896425,0.0022429282373500415,-0.00018013149545361643,-0.04632903832901216,0.9631780598692512,-0.0016406924808228297,-0.2988760938313628,0.0012804294899155968,0.2296909909191369,False,False,0.9599562682632208,1.0
XLY,1,8,72,0.008048756849456995,1.5116645805315232,0.625,0.0032896609389662687,0.004759095910490726,0.8801014743468903,0.38177364223983673,-0.0005388893601226053,-0.059770777865121354,0.010057081181104058,1.6822300612165595,0.0018316010037435493,0.0001449355308345418,0.0016866654729090075,0.7217408438432215,0.4728240868230954,-0.001562581410277247,-0.41688054783621986,0.0049359123560952615,1.801810791548065,False,False,0.9599562682632208,1.0
XLK,7,8,72,0.005951211094579663,1.7153068031757635,0.7222222222222222,0.001340705253755673,0.004610505840823989,0.9534459762439186,0.3435989897516147,-0.0008669407273221544,-0.10601958401032127,0.010087952408970135,1.9675211207896663,0.0006421898054046857,0.0010852779247785048,-0.0004430881193738191,-0.2172647927047825,0.8286251353420996,-0.0013353354746673154,-0.4612431954654327,0.0004491592359196772,0.15454133788795357,False,False,0.9599562682632208,1.0
IWM,7,8,72,0.004184107660628162,1.1668135195568388,0.5,-0.0003419983592777526,0.004526106019905915,0.8359979733106702,0.40596075587669916,-0.0011152109958167415,-0.1299253770631258,0.010167423035628571,1.5428820507910552,-0.0011249136285468155,-0.0005974256882549209,-0.0005274879402918946,-0.23024708828421542,0.8185618826072317,-0.0015836057431619028,-0.4795306555097937,0.0005286298625781135,0.16452055142896446,False,False,0.9599562682632208,1.0
XLE,10,8,72,0.00728945474323033,1.4731549464916052,0.6388888888888888,0.0027961635663574383,0.004493291176872891,0.8088260259890178,0.4213173156075134,0.01254916136893526,1.4199722021302017,-0.003562579015189477,-0.540789450167346,0.0016505211235141176,0.0020720603809303356,-0.0004215392574162181,-0.0957933857242337,0.9239545367042897,0.008136911503144436,1.237734225684783,-0.008979990017976872,-1.6086872294426096,False,False,0.9599562682632208,1.0
XLU,4,5,72,0.002344697807666727,0.5919264397582454,0.6111111111111112,-0.0020319844910226636,0.004376682298689391,1.0615427368462091,0.292040916535618,-0.0035300264811070885,-0.5743422818424669,0.01228339107848587,2.3373478350636847,0.0004620917842718937,-0.0025620128732161012,0.003024104657487995,1.0175679247604719,0.3123383345494548,-0.0014144859433615547,-0.33318550015512355,0.007462695258337545,1.8269951287919701,False,False,0.9599562682632208,1.0
XLB,7,8,72,0.0036089353716230593,0.8443851097723029,0.5694444444444444,-0.0002508286640200234,0.003859764035643082,0.7128104479243897,0.4782992501376503,-0.002413620242804945,-0.2652320252001258,0.01013314831409111,1.7404196077080165,-0.001700085917551918,-0.0005062559929971916,-0.0011938299245547264,-0.4205212520351168,0.6753747813525564,-0.002882014990150106,-0.656156111110371,0.0004943551410406533,0.13584200381584763,False,False,0.9599562682632208,1.0
XLF,1,3,72,0.005158432203508713,1.7108119161334512,0.6527777777777778,0.001726250171448015,0.003432182032060698,0.9998622292541118,0.3207727287918984,0.00858617245605587,1.5690480572686434,-0.0017218083919344747,-0.42591479417452677,0.000928789670443908,-0.0008937411837518813,0.0018225308541957893,1.0036306913355684,0.3189649444340017,0.005655426721949348,1.977656651605395,-0.002010365013557769,-0.9625908666100071,False,False,0.9599562682632208,1.0
XLU,1,8,72,0.0025413007971552995,0.5965431371170969,0.6111111111111112,-0.0008000933525380954,0.003341394149693395,0.7845120770594417,0.43534943290311584,-0.0029553843431056126,-0.4143879959406288,0.009638172642492402,2.1302898390517155,-0.0036758550485581462,-0.003944818760669822,0.0002689637121116761,0.06697872387196316,0.9467868964346676,-0.003979076393260254,-0.6738169498398011,0.004517003817483606,0.8313656712643225,False,False,0.9599562682632208,1.0
QQQ,7,3,72,0.003832998725744922,1.420162173527423,0.5833333333333334,0.0006093471534942336,0.0032236515722506884,0.8850948456953502,0.37909322027045966,-0.0003040691928985453,-0.05398472435457936,0.0067513723373999225,1.4600192622475885,0.0016707614646513148,0.0008277011212259969,0.0008430603434253179,0.6333792520157673,0.5285210483296534,0.00034503884144107235,0.16947147976381757,0.0013410818454095636,0.7705986635244794,False,True,0.9599562682632208,1.0
XLV,13,3,72,-0.00014459994195644484,-0.068646791325366,0.5,-0.003360244448589841,0.0032156445066333964,1.1773784926237028,0.2429762144233029,-2.946500570971061e-07,-6.949077055097174e-05,0.00643158366332389,1.88076162807004,-0.002828742880960152,0.0002500202455679214,-0.003078763126528073,-1.7673863250742494,0.08146050115063672,-0.005124326232868077,-1.8722967507248571,-0.00103320002018807,-0.48269657235665847,False,False,0.9599562682632208,1.0
XLV,10,8,72,0.003910127501576686,1.2601092891769639,0.5138888888888888,0.0007223675795496637,0.0031877599220270217,0.9185741431653237,0.3614284705911156,-0.0005318386956249054,-0.09703627852249361,0.006907358539678949,1.6266770334338794,-0.0017288061181395269,-1.7356058774388912e-06,-0.001727070512262088,-0.607423455680474,0.5455077908506897,-0.004944088561415729,-1.1508009600724478,0.0014899475368915535,0.40181037040582934,False,False,0.9599562682632208,1.0
XLP,7,8,72,0.005123108937083383,2.554628855137044,0.6527777777777778,0.0020463467416170825,0.0030767621954663005,1.0859160621612503,0.2811893398780679,-0.0011528727499814572,-0.2963406846153347,0.007306397140914058,1.803491048184327,-0.00018591235209159459,0.0017909194126399142,-0.0019768317647315087,-0.735276716334298,0.4645929156474333,-0.0016212674973266185,-0.386944101342567,-0.002332396032136399,-0.6800351508757864,False,False,0.9599562682632208,1.0
XLV,13,5,72,-0.0006939432019101485,-0.2591686469459465,0.4305555555555556,-0.0035279387549101804,0.002833995553000032,0.9729040618379557,0.33390399252733105,-0.0011268874705886228,-0.24852338080943118,0.006794878576588687,1.8868321711742666,-0.003968036985808703,-0.0009430888465637575,-0.0030249481392449463,-1.384390686287425,0.1705746340222018,-0.005938031161761799,-1.7295746390813682,-0.00011186511672809281,-0.04198692949164549,False,False,0.9599562682632208,1.0
XLV,13,8,72,0.0007245566414664645,0.22916738658336147,0.5138888888888888,-0.002045700919612358,0.0027702575610788227,0.7647534704556537,0.4469528007197547,-0.00018615648839246288,-0.03562285300578876,0.005726671610550109,1.1356212502190925,-0.003465976033795536,-0.0010636068662758544,-0.002402369167519682,-0.9312737617628076,0.3548678543294277,-0.00403906644797147,-0.9825608851441782,-0.0007656718870678931,-0.2427652640920924,False,False,0.9599562682632208,1.0
XLE,7,3,72,0.0008076739463446256,0.2543328935904399,0.5555555555555556,-0.0019556678624130155,0.0027633418087576415,0.7001371071826022,0.4861295666216865,-0.003430423122410551,-0.6984794110114388,0.008957106739925834,1.4747700578803251,-0.0013545633147489815,-0.0017373138946812524,0.0003827505799322708,0.117318615546159,0.9069388199455617,-0.0027813150880709337,-0.5764247745790295,0.003546816247935475,0.8067254316209361,False,False,0.9599562682632208,1.0
QQQ,7,5,72,0.0050350923672005015,1.641918931276217,0.6666666666666666,0.0022965322167769336,0.0027385601504235683,0.7054345418064141,0.4828479223800871,-0.0005320466145944716,-0.08826189316985862,0.006009166915441608,1.2216608267812958,0.0023778602479397493,0.0009982035676724345,0.0013796566802673146,0.8305304851449717,0.4090230446132717,0.00035216517662897684,0.13833195813512855,0.0024071481839056524,1.1157742702854039,False,True,0.9599562682632208,1.0
IWM,7,3,72,0.0014795404878280216,0.5742984872160473,0.5833333333333334,-0.0011625481543644071,0.002642088642192429,0.6426371758457468,0.5225294336297085,-0.0015842435859459807,-0.2649945378371222,0.006868420870330839,1.217686140490803,-0.0006826967732655855,-0.0009441941866326438,0.0002614974133670584,0.1601546899430007,0.873213997577376,-0.0009351355516063629,-0.4502029931472669,0.0014581303783404798,0.5754834031043008,False,False,0.9599562682632208,1.0
XLV,7,8,72,0.005726694351564223,1.9580738260727497,0.6111111111111112,0.0032070898857264694,0.002519604465837754,0.7038703636991519,0.48381561585899535,-0.0018971176529165024,-0.4252573435760682,0.006936326584592011,1.2463756796014047,0.00041767306238924614,0.002951662556749301,-0.002533989494360055,-0.8134229010122063,0.41869513694139837,-0.0023655124002616634,-0.4471855132300169,-0.002702466588458446,-0.8007705789443826,False,False,0.9599562682632208,1.0
XLP,13,5,72,-3.714833702022111e-05,-0.019771986647002696,0.5,-0.0024751805092691334,0.0024380321722489123,0.9663723530652687,0.33713813803918763,-0.00100233250225835,-0.34489719657332546,0.005878396846756175,1.4384269165884793,-0.003311242120918776,0.00010966939907728947,-0.0034209115199960657,-1.6603621341716728,0.10125213970513183,-0.005813476193431527,-2.224218116526372,-0.001028346846560605,-0.32415677250645697,False,False,0.9599562682632208,1.0
SPY,7,3,72,0.0021622372610936073,1.0300083651221021,0.5972222222222222,-0.0002183539677317634,0.0023805912288253706,0.7988005576345621,0.42707012648166875,-0.0006491080343396176,-0.1472969621543284,0.005410290491990359,1.3487982504161533,0.0,0.0,0.0,,,0.0,,0.0,,False,False,0.9599562682632208,1.0
XLV,10,5,72,0.004030098350633663,1.684002146135709,0.6666666666666666,0.0018420559224207986,0.0021880424282128643,0.7489693925674654,0.45634986038544423,-0.0011205997928253409,-0.27896323297609754,0.0054966846492510695,1.3004983311199967,0.0008246328727126841,0.0014301412770559119,-0.0006055084043432279,-0.26957382393389073,0.7882700642835461,-0.0023921066814822137,-0.7594390862704004,0.001181089872795758,0.36684838857101854,False,False,0.9599562682632208,1.0
XLP,4,8,72,0.00614865793340589,2.207168324740566,0.6805555555555556,0.004090029447460708,0.002058628485945182,0.6512687338283054,0.5169754670041002,-0.001372369123575998,-0.32786562599720676,0.005489626095466362,1.1613458641090852,0.002109553093859493,0.001845787279451798,0.0002637658144076947,0.1099625004041092,0.9127493389912249,0.0015245777359408907,0.486364838228482,-0.0009970461071255013,-0.27210005578450014,False,False,0.9599562682632208,1.0
XLP,7,3,72,0.0020351620717319933,1.3431898305928964,0.5694444444444444,0.0005286965039872568,0.0015064655677447362,0.6978753216431611,0.48753443682628417,-0.0014195240275028942,-0.5745914179953675,0.004432455162992367,1.2631862506939824,-0.000127075189361614,0.0007470504717190202,-0.0008741256610806341,-0.4762717743161311,0.6353431761266417,-0.0007704159931632765,-0.2605319305455327,-0.0009778353289979919,-0.44077298902125017,False,False,0.9599562682632208,1.0
XLF,10,3,72,-0.0008615413025646843,-0.18832029967908803,0.5277777777777778,0.002220809728716774,-0.0030823510312814584,-0.6355619324481574,0.5271052319588391,-0.0020964852281425694,-0.23564279247515135,-0.004068216834420347,-1.0102434147058774,-0.0032581912931463047,-0.0011381125961958578,-0.002120078696950447,-0.6157985997881832,0.5399965835955052,-0.0016387969598312263,-0.2514795632865621,-0.002601360434069668,-1.0983401356810008,False,False,0.9599562682632208,1.0
XLE,10,3,72,-0.00014202896307824144,-0.03621519147558527,0.5416666666666666,0.0036640889477974406,-0.003806117910875682,-0.9119981108740193,0.36485597166227873,0.0036707155463833662,0.5754868391788791,-0.01128295136813473,-2.1801158952837096,-0.002538678953659862,0.0003051666228848088,-0.0028438455765446707,-0.9503731848659291,0.34514663408168167,0.004128403814694709,0.881577793331042,-0.009816094967784052,-2.8796059202202486,False,False,0.9599562682632208,1.0
XLF,4,3,72,-0.0015189820648081748,-0.3755715805307209,0.5138888888888888,0.003574385486100872,-0.005093367550909046,-1.0199394725725135,0.31122004403336295,-0.010084847917516916,-1.1485861038024987,-0.00010188718430117729,-0.0214033465105993,-0.0027258325477816123,0.0025560446878459837,-0.0052818772356275955,-2.1705848020465774,0.033308212022009245,-0.0074998019058682384,-1.7288195845050267,-0.0030639525653869525,-1.3808262726387643,False,False,0.9599562682632208,1.0
XLY,4,8,72,0.004476588319007764,0.8352670498463364,0.6527777777777778,0.0012618246346940089,0.003214763684313755,0.5871491657604598,0.5589660833725602,-0.004375119136966556,-0.5704877913434633,0.010804646505594066,1.4005108796981807,0.0004374834794613665,-0.0009824175333149009,0.0014199010127762673,0.6991221182563659,0.4867597332986339,-0.001478172277449668,-0.5001929141835036,0.004317974303002203,1.5743925225236752,False,False,0.9634272528131025,1.0
XLB,13,8,72,0.0011912880047457888,0.2752771863713087,0.5416666666666666,-0.0016575242019378242,0.002848812206683613,0.5877564303095509,0.5585605937215272,-0.002845539929034416,-0.3568767738112418,0.008543164342401642,1.562775399664646,-0.002999244670516212,-0.0006754301486013204,-0.0023238145219148915,-0.7308690711126554,0.46726423229311276,-0.006698449888613424,-1.2957544615743986,0.0020508208447836407,0.5645243491204398,False,False,0.9634272528131025,1.0
XLB,4,8,72,0.00465924445037205,0.9037920273086023,0.625,0.002356043043116668,0.002303201407255382,0.39406156996936526,0.6947166499726676,-0.0004309584410795909,-0.05478668130857751,0.005037361255590355,0.5767078857945258,0.0006201396108256534,0.0001118008751077585,0.0005083387357178949,0.19180422361287527,0.8484430608554485,0.002465988418437298,0.6109263108979397,-0.0014493109470015081,-0.4186309783682575,False,False,0.9634272528131025,1.0
XLY,4,5,72,0.002505105149886575,0.5774285695218129,0.5694444444444444,0.00022915834592779504,0.0022759468039587802,0.5123914202069821,0.6099674369452953,-0.004066278922250128,-0.5902469358947127,0.008618172530167688,1.5659621005550115,0.0006224991264917416,-0.0003008700362656426,0.0009233691627573842,0.52015328425797,0.604574900994359,-0.0019507383845045944,-0.7018126475483961,0.003797476710019363,1.77305537713805,False,False,0.9634272528131025,1.0
XLB,1,8,72,0.006813844314180356,1.147798287750229,0.5694444444444444,0.004690986605183077,0.0021228577089972786,0.34968027835272253,0.7276137625033683,0.005227729149039997,0.5450840628308823,-0.0009820137310454394,-0.13007664213682027,0.0005966884684669099,0.00154626119705135,-0.00094957272858444,-0.3346722089829981,0.738859052497484,0.0042040370988853555,1.1417762891559013,-0.006103182556054235,-1.455340226272204,False,False,0.9634272528131025,1.0
XLK,7,5,72,0.004169054343014915,1.4011583537058216,0.6111111111111112,0.0020542450379588077,0.0021148093050561076,0.5633207533035289,0.574991283639259,-0.0012870809530362108,-0.2145418680127161,0.005516699563148426,1.2175698318284065,0.0015118222237541625,0.0007559163888543083,0.0007559058348998541,0.4529680564974874,0.6519529748857997,-0.0004028691618127624,-0.15027134971732478,0.0019146808316124707,0.9532619626537936,False,False,0.9634272528131025,1.0
QQQ,10,5,72,0.0033661921628698,1.1334059473514804,0.6527777777777778,0.0013072367461539622,0.0020589554167158384,0.5534196705422595,0.5817146621717378,-0.0013034950807185785,-0.23284328273409644,0.005421405914150255,1.102703977409924,0.00016072668494882135,0.0008953221007890755,-0.0007345954158402542,-0.4050001342756627,0.6866950952307551,-0.0025750019693754514,-0.8921691733177789,0.001105811137694943,0.5034821789962681,False,False,0.9634272528131025,1.0
XLK,4,8,72,0.005263125267714697,1.097169749606343,0.5833333333333334,0.0032566343051029945,0.002006490962611703,0.40726259715445545,0.685040418714414,-0.0044887239770355775,-0.6135320952927898,0.008501705902258983,1.3034592449694655,0.0012240204281683002,0.0010123921370940845,0.00021162829107421562,0.10813647007126102,0.914192452237289,-0.0015917771175186887,-0.45093150424974415,0.00201503369966712,1.1848137694145933,False,False,0.9634272528131025,1.0
RSP,7,3,72,0.0011649431302936262,0.5104934887745931,0.5694444444444444,-0.0007777222888268459,0.0019426654191204722,0.5598042945996982,0.5773748521620454,-0.002294783088099658,-0.45296088816255187,0.006180113926340602,1.3126425411125713,-0.0009972941307999808,-0.0005593683210950826,-0.0004379258097048983,-0.4569094185179711,0.6491310366129056,-0.0016456750537600403,-1.1235449350311415,0.0007698234343502438,0.6289213596681887,False,False,0.9634272528131025,1.0
XLI,7,3,72,0.00155474799529748,0.6075024520724928,0.625,-0.00033907920120481886,0.0018938271965022989,0.5383883256370067,0.591992919523847,-0.002648408804537935,-0.4883570126103731,0.006436063197542533,1.453324127146613,-0.000607489265796127,-0.00012072523347305547,-0.00048676403232307156,-0.3799648731893029,0.7051057445192632,-0.0019993007701983173,-1.019244200797168,0.0010257727055521743,0.626591515957187,False,False,0.9634272528131025,1.0
SPY,4,8,72,0.004039104839546397,0.9318888696628318,0.6388888888888888,0.0022442421680089098,0.0017948626715374874,0.4085882505951156,0.6840716037431857,-0.0028969468595168887,-0.47778664833320367,0.006486672202591863,1.0221916151855144,0.0,0.0,0.0,,,0.0,,0.0,,False,False,0.9634272528131025,1.0
RSP,7,5,72,0.0023953940282530387,0.8040955739351145,0.5833333333333334,0.0007260427396519624,0.001669351288601076,0.4288751622431349,0.669312559050754,-0.00010804290486090335,-0.016932770990176663,0.0034467454820630555,0.7598725812360303,-0.0002618380910077141,-0.0005722859094525368,0.0003104478184448227,0.29062397157927644,0.7721861477426074,0.000776168886362545,0.4267463820617604,-0.00015527324947289966,-0.13571173875686693,False,False,0.9634272528131025,1.0
XLY,4,3,72,0.0023600865350901284,0.7381122189145414,0.5138888888888888,0.0006929962733513552,0.0016670902617387734,0.48469075252409843,0.6293877258006259,-0.0025572596696916802,-0.4802740066293255,0.005891440193169227,1.3651088515650853,0.001153236052116691,-0.0003253445249035332,0.0014785805770202243,1.4590690982990182,0.14895624981730635,2.778634195699699e-05,0.020605302695600305,0.0029293748120834515,1.962694007905174,False,True,0.9634272528131025,1.0
IWM,13,8,72,0.002563915018483235,0.6080470548639793,0.5972222222222222,0.0011044763217633428,0.001459438696719892,0.322483744483556,0.7480339532263153,-0.0027325270481886135,-0.3743321281144631,0.0056514044416283975,1.0529868183868933,-0.0016266176567787656,0.002086570375099847,-0.0037131880318786122,-1.2513053730347803,0.21493040126945598,-0.006585437007767621,-1.4143670118075478,-0.0008409390559896038,-0.22823680856271278,False,False,0.9634272528131025,1.0
XLK,10,5,72,0.0024810015716768257,0.8345283980835091,0.625,0.0010842916026344272,0.0013967099690423987,0.3621475663466664,0.7183174483631333,-0.0008781808618460544,-0.15457932286771808,0.0036716007999308517,0.6966446858041764,-0.000724463906244153,0.0006723769572695407,-0.0013968408635136936,-0.8793265253691668,0.38219069370585373,-0.002149687750502927,-0.9346257238659627,-0.0006439939765244602,-0.29047242247260646,False,False,0.9634272528131025,1.0
XLK,4,5,72,0.0024419566859745826,0.6060694271230039,0.6111111111111112,0.0010750157098118984,0.001366940976162684,0.33820347755826113,0.7362078913259766,-0.0031104121581664807,-0.4836330257364986,0.005844294110491848,1.1987351106595232,0.0005593506625797489,0.0005449873276184608,1.4363334961288135e-05,0.008341150912109933,0.9933681945402891,-0.0009948716204209466,-0.3549843237219854,0.001023598290343523,0.5044305309847612,False,False,0.9634272528131025,1.0
SPY,7,5,72,0.0026572321192607526,1.0354384826055023,0.625,0.0012983286491044992,0.0013589034701562534,0.4286806240770942,0.6694534824576609,-0.0008842117912234484,-0.17560734046941356,0.0036020187315359553,0.9260765459873208,0.0,0.0,0.0,,,0.0,,0.0,,False,False,0.9634272528131025,1.0
SPY,4,5,72,0.0018826060233948336,0.463271970250165,0.6527777777777778,0.0005300283821934377,0.0013525776412013958,0.34204797397146386,0.7333252125127786,-0.002115540537745534,-0.3294730163618781,0.004820695820148326,1.0390596281240403,0.0,0.0,0.0,,,0.0,,0.0,,False,False,0.9634272528131025,1.0
XLP,13,8,72,-4.0014927618548584e-05,-0.016862082805182147,0.5833333333333334,-0.0013589868377687428,0.0013189719101501943,0.453534258116017,0.651547271131343,-0.0019193418704956467,-0.5736111129681979,0.004557285690796035,0.96036379129859,-0.004230547602880549,-0.0003768927844322389,-0.00385365481844831,-1.4544710903153002,0.15022248128706422,-0.005772251830074654,-1.7108179282206624,-0.0019350578068219665,-0.47088804659209965,False,False,0.9634272528131025,1.0
XLU,7,5,72,0.0038625000165558756,1.7432384317272027,0.6111111111111112,0.002551657137573571,0.0013108428789823047,0.3988498734787395,0.6912008902608208,-0.005155387119461016,-1.193874539207333,0.007777072877425625,1.629194852991912,0.001205267897295123,0.0012533284884690718,-4.806059117394876e-05,-0.014647637848888225,0.9883543763335069,-0.004271175328237568,-0.9804750419254529,0.004175054145889669,0.8579286943071294,False,False,0.9634272528131025,1.0
XLI,7,5,72,0.0026336968454944245,0.7678708458278435,0.6111111111111112,0.0013418565078832248,0.0012918403376112,0.3015989397794002,0.7638394245239972,-0.0011896846840020706,-0.16388912196579217,0.0037733653592244704,0.8158930965206622,-2.3535273766327964e-05,4.3527858778725594e-05,-6.706313254505356e-05,-0.03966720907004423,0.9684697751801478,-0.0003054728927786222,-0.11123668191974989,0.00017134662768851505,0.08512350672999522,False,False,0.9634272528131025,1.0
XLE,1,5,72,0.0035610768395796027,0.67438701633763,0.5416666666666666,0.00230474967273595,0.001256327166843653,0.22790454900961024,0.8203755034890542,0.005054921216095251,0.628279145228283,-0.0025422668824079445,-0.3345941985596363,-0.0011704757581922662,-0.001011838353863213,-0.0001586374043290533,-0.04228925586669426,0.966386812685402,0.0024203627512437106,0.5343897937296836,-0.0027376375599018174,-0.4550252539496404,False,False,0.9634272528131025,1.0
XLB,7,3,72,0.0018066495148911217,0.6256142879112973,0.5833333333333334,0.0005723740323752858,0.0012342754825158358,0.3189920646893412,0.7506691214137114,-0.0024935466775162507,-0.4356251373994596,0.004962097642547922,0.9517471812172171,-0.0003555877462024854,0.0007907280001070492,-0.0011463157463095345,-0.7274025709979396,0.4693712502171868,-0.001844438643176633,-0.7176628887770851,-0.0004481928494424362,-0.24155395987117712,False,False,0.9634272528131025,1.0
RSP,4,8,72,0.0034772003191206632,0.7668680608978427,0.625,0.00225061454496823,0.0012265857741524334,0.24827852956857768,0.8046356137195241,-0.002585490530914111,-0.38365132777992733,0.005038662079218978,0.6935766031223309,-0.0005619045204257338,6.372376959320099e-06,-0.0005682768973850539,-0.5355726383854927,0.5939276832617557,0.0003114563286027778,0.18255238465990942,-0.0014480101233728855,-1.140239089151917,False,False,0.9634272528131025,1.0
XLY,7,5,72,0.001784856400512515,0.56172255615093,0.5833333333333334,0.0006573096863100591,0.0011275467142024557,0.2746785718985143,0.7843608772286962,-0.002555345249000333,-0.40280750915077107,0.004810438677405245,0.9198837647563595,-0.0008723757187482377,-0.00064101896279444,-0.00023135675595379771,-0.14155570263430947,0.8878318484791909,-0.001671133457776885,-0.7075007183615206,0.0012084199458692894,0.5330158594089744,False,False,0.9634272528131025,1.0
XLE,1,3,72,0.00454513281102054,1.14447715415705,0.5555555555555556,0.0035325750495350974,0.001012557761485443,0.23172022305952594,0.8174218716350529,0.003565655368134829,0.5237575843048449,-0.0015405398451639432,-0.27780873978348114,0.00031549027795573566,0.0009125836943352012,-0.0005970934163794656,-0.18928848506097093,0.8504067970069709,0.0006349096340283065,0.14734737716227453,-0.0018290964667872377,-0.39250480481635125,False,False,0.9634272528131025,1.0
XLY,7,3,72,0.0005554290916222538,0.22131545237114947,0.5416666666666666,-0.0004373458551409891,0.000992774946763243,0.2798167089241764,0.780431724458063,-0.0038841872255103143,-0.7517231191181971,0.0058697371190368,1.2235644899862725,-0.0016068081694713533,-0.00021899188740922575,-0.0013878162820621276,-1.0049865881599664,0.31831617094324205,-0.003235079191170697,-1.603316758231721,0.0004594466270464417,0.24662372590667844,False,False,0.9634272528131025,1.0
XLP,4,5,72,0.0027742345478655264,1.072665808274296,0.5694444444444444,0.0020783889886154183,0.0006958455592501081,0.2535027454476453,0.8006123675684401,-0.0021805345606250226,-0.49394718361488443,0.0035722256791252387,1.0967714988336088,0.000891628524470693,0.0015483606064219807,-0.0006567320819512877,-0.287555840259959,0.7745244049080477,-6.499402287948874e-05,-0.01966895109477351,-0.0012484701410230867,-0.3904761271725531,False,False,0.9634272528131025,1.0
XLV,1,3,72,0.004403903066819222,2.834236885597409,0.6111111111111112,0.0038229686484590863,0.0005809344183601357,0.251933476034174,0.8018203230910242,-0.0015277122016175858,-0.5212685485353068,0.002689581038337857,0.7538488413087034,0.00017426053375441738,0.0012029772932591902,-0.001028716759504773,-0.5163799211388139,0.6071937087559024,-0.004458457935724108,-1.451885327570686,0.0024010244167145625,0.9802362657305078,False,False,0.9634272528131025,1.0
XLP,1,5,72,0.0034899901162522653,1.791280562065834,0.625,0.004137900957330156,-0.000647910841077891,-0.2822071495425966,0.7786056886152384,0.00013681561990253673,0.04340888086798692,-0.0014326373020583187,-0.4240073199783538,-0.0012415624815196036,0.0008213129307309938,-0.0020628754122505974,-0.8373334291596404,0.40521490962597617,-0.002497742844949003,-0.6560812524870072,-0.0016280079795521916,-0.5117579683649529,False,False,0.9634272528131025,1.0
XLP,1,3,72,0.002761565179829039,2.124258738074932,0.6111111111111112,0.003506960943777306,-0.0007453957639482671,-0.41870885508346356,0.6766928531672531,-0.00019170343197832027,-0.08995451117408315,-0.0012990880959182138,-0.4509547426822041,-0.001468077353235766,0.0008869695885774096,-0.0023550469418131756,-1.1884488002224645,0.23861669935442956,-0.0031224491660848427,-1.086474613218139,-0.0015876447175415084,-0.5744477462382264,False,False,0.9634272528131025,1.0
XLI,1,3,72,0.0023317062243364043,0.8274822521029539,0.5694444444444444,0.003143308654210002,-0.0008116024298735981,-0.2567065963414375,0.7981476965389253,3.4013108390726354e-05,0.006605934218390784,-0.0016572179681379226,-0.4428755606448649,-0.0018979363087284007,0.000523317299010106,-0.0024212536077385066,-1.828576025666912,0.07166337038345501,-0.002896732625715796,-1.332040404799533,-0.0019457745897612172,-1.2635690578877945,False,False,0.9634272528131025,1.0
XLB,10,3,72,0.0015097467590867641,0.4538639732726591,0.6527777777777778,0.0023557170372359854,-0.0008459702781492211,-0.22850226962882375,0.8199126476612469,-0.0006146215861268759,-0.09764649168063193,-0.0010773189701715664,-0.2694340744865242,-0.0008869032314948564,-0.0010032052876766465,0.00011630205618179016,0.059315528248134096,0.9528674299523353,-0.00015693331781553268,-0.0492367749138312,0.000389537430179113,0.16709961998927708,False,False,0.9634272528131025,1.0
XLI,4,5,72,0.0011883856429534144,0.2948101700330316,0.5833333333333334,0.0021375058386916617,-0.0009491201957382475,-0.21312046990043582,0.8318437593876934,-0.0013235355857417212,-0.193685838747971,-0.0005747048057347736,-0.09890720873525288,-0.0006942203804414191,0.0016074774564982242,-0.002301697836939643,-1.2773326466919976,0.20564604226574587,0.0007920049520038127,0.28693481428233875,-0.0053954006258830995,-2.4109752186397957,False,False,0.9634272528131025,1.0
SPY,10,3,72,0.0023966499905816205,1.0915905815369338,0.6666666666666666,0.003358922324912632,-0.0009622723343310114,-0.3702460599575524,0.7123013854857247,-0.00045768826831134313,-0.10718094653805033,-0.0014668564003506796,-0.48477248760589586,0.0,0.0,0.0,,,0.0,,0.0,,False,False,0.9634272528131025,1.0
XLU,1,3,72,0.00025352674509490327,0.11483612807064242,0.5277777777777778,0.0012633251438311927,-0.0010097983987362893,-0.3817475022016707,0.7037888127815666,0.0004913785504778784,0.13751927820470686,-0.002510975347950457,-0.6379549682717068,-0.003976115787969902,-0.0013566662113687037,-0.002619449576601198,-1.0988151043884429,0.27556088080832514,-0.002439367183628644,-0.8568852502211874,-0.0027995319695737516,-0.7240353371932244,False,False,0.9634272528131025,1.0
XLI,4,3,72,0.0013891719876775008,0.46490028446016607,0.5416666666666666,0.0025330907908168807,-0.0011439188031393797,-0.3227075500667088,0.7478651494146847,-0.0010173277810448522,-0.1938301776676296,-0.0012705098252339074,-0.2624722368315848,0.0001823215047040632,0.0015147499925619921,-0.0013324284878579288,-0.7972889022900916,0.42794158230412394,0.001567718230603825,0.6408508261083513,-0.004232575206319682,-1.9187156777217356,False,False,0.9634272528131025,1.0
IWM,10,3,72,0.0026302860362418462,1.061615207874011,0.6111111111111112,0.00405145350386679,-0.0014211674676249443,-0.44567157358487786,0.6571905449908279,0.0011737940950415915,0.2564660672217978,-0.0040161290302914805,-0.8997557703308189,0.00023363604566022564,0.0006925311789541587,-0.00045889513329393304,-0.27095439711713853,0.7872122871806144,0.0016314823633529346,0.76998214204843,-0.002549272629940801,-0.9706240106933575,False,False,0.9634272528131025,1.0
XLI,10,3,72,0.0026872657823527723,1.1197435796272501,0.625,0.0041207869679107285,-0.0014335211855579556,-0.4880317932764108,0.6270311031139865,-0.00021498650296687064,-0.04532787062774003,-0.002652055868149041,-0.752374188076076,0.000290615791771152,0.0007618646429980963,-0.00047124885122694436,-0.41696017205911706,0.6779655483203382,0.00024270176534447248,0.16572539730825844,-0.0011851994677983613,-0.6832991613679841,False,False,0.9634272528131025,1.0
XLI,1,8,72,0.0036964611976851767,0.700329276379982,0.625,0.00530783011586265,-0.0016113689181774735,-0.30229048060664054,0.7633144172520483,-0.0009347022011718294,-0.10715856673697761,-0.0022880356351831174,-0.36557417318832136,-0.002520694648028269,0.0021631047077309232,-0.004683799355759192,-2.1197911322875544,0.037520455313246,-0.001958394251326471,-0.6071507182808837,-0.007409204460191913,-2.472630066686508,False,False,0.9634272528131025,1.0
IWM,4,3,72,-0.00045328386423485064,-0.12449668209433802,0.5,0.001455783184734244,-0.0019090670489690946,-0.4689410226272967,0.6405485440395228,-0.0030497635376504273,-0.46321545269628306,-0.0007683705602877619,-0.15744209121073152,-0.0016601343472082881,0.00043744238647935553,-0.002097576733687644,-1.4157887921927925,0.161209268172281,-0.00046471752600175015,-0.21256950633093438,-0.003730435941373537,-1.871373452019476,False,False,0.9634272528131025,1.0
XLI,1,5,72,0.0027965312188644683,0.7744684192519131,0.6388888888888888,0.004816241862762808,-0.0020197106438983392,-0.49715230323414367,0.6206177114664319,0.0014624354488849303,0.214849899794256,-0.005501856736681608,-1.232239307907964,-0.0019350213789074006,0.001499653836163645,-0.0034346752150710455,-1.8520526548861955,0.06817576304725924,-0.0011721230159666095,-0.4260250484977174,-0.005697227414175481,-2.3083713370903425,False,False,0.9634272528131025,1.0
IWM,1,5,72,0.0010508500096867311,0.23846585186530467,0.5277777777777778,0.0032151360720504792,-0.0021642860623637484,-0.4545334843516871,0.6508315467481285,0.0020823191443198868,0.2546279962688603,-0.0064108912690473835,-1.3065278717691085,-0.003680702588085138,-0.00010145195454868323,-0.0035792506335364546,-1.4772091176184645,0.14404175168176445,-0.0005522393205316528,-0.17215357556201483,-0.006606261946541256,-1.8318895878155514,False,False,0.9634272528131025,1.0
RSP,4,3,72,0.000979816064501479,0.3133964630783193,0.5277777777777778,0.0016292237183552093,-0.0006494076538537304,-0.19328346793146994,0.8472888392625165,-0.0031172794174571697,-0.6004562959821551,0.001818464109749709,0.42278266169964285,-0.00022703441847195867,0.0006108829201003209,-0.0008379173385722796,-1.1783236597259916,0.2426017873068234,-0.0005322334058084925,-0.5915648655497983,-0.0011436012713360666,-1.0283134818197897,False,False,0.9718901391540631,1.0
XLB,7,5,72,0.0013665453368770985,0.35770381343038893,0.5416666666666666,0.0006512779956029282,0.0007152673412741703,0.16064858351148925,0.87282640121104,-0.0020729018272434303,-0.28562035048580586,0.003503436509791771,0.6703853434737637,-0.001290686782383654,-0.0006470506535015708,-0.0006436361288820831,-0.3056711039694093,0.760749503412815,-0.0011886900360199818,-0.34956613857097935,-9.858222174418458e-05,-0.03894309486445878,False,False,0.9807353745783002,1.0
RSP,1,3,72,0.003745960530351763,1.3196266318379721,0.625,0.003278006944455961,0.0004679535858958019,0.1528093652662417,0.8789820576549352,0.002945884129721942,0.5905698177830632,-0.002009976957930338,-0.5614895909177264,-0.0004836820027130419,0.0006580155892560647,-0.0011416975919691067,-1.2115822013565336,0.2296893289619568,1.513839561541947e-05,0.010000239873997962,-0.0022985335795536327,-2.068709780690143,False,False,0.9807353745783002,1.0
XLV,7,3,72,0.001709325089731103,0.9356557999143362,0.5694444444444444,0.0013447168284918018,0.00036460826123930107,0.15132673189777188,0.8801471310318079,-0.0007379616385155027,-0.2737429513326034,0.001467178160994105,0.36434503315662087,-0.0004529121713625042,0.0015630707962235651,-0.0020159829675860694,-1.1161631473460305,0.26811562098362157,-8.88536041758851e-05,-0.02726700916302824,-0.003943112330996253,-2.542917870721226,False,False,0.9807353745783002,1.0
RSP,1,5,72,0.003503213162651781,0.9551056524207687,0.5833333333333334,0.00412094521849302,-0.0006177320558412387,-0.1587521713269861,0.8743148312151062,0.001624473751780972,0.23635287823129036,-0.0028599378634634495,-0.7669985374153282,-0.0012283394351200877,0.0008043571918938575,-0.002032696627013945,-1.8198621490187405,0.07299531179378406,-0.0010100847130705677,-0.5866261850855194,-0.0030553085409573224,-2.140682016785406,False,False,0.9807353745783002,1.0
RSP,4,5,72,0.0012529561235312542,0.29562644240922076,0.6111111111111112,0.0007178870663259675,0.0005350690572052867,0.12357518384920424,0.9020008085081247,-0.0025932137502857936,-0.3858101455952776,0.003663351864696367,0.6652261332162105,-0.0006296498998635794,0.0001878586841325298,-0.0008175085839961092,-0.8669361259188813,0.38889748643881433,-0.00047767321254025955,-0.3998807642721917,-0.0011573439554519588,-0.7849007244527112,False,False,0.9911451008265534,1.0
XLU,7,3,72,0.001101645582469207,0.6391846607286105,0.5555555555555556,0.0007420916979525039,0.000359553884516703,0.13265708949025462,0.8948398291385046,-0.005643949694970253,-1.7885962061609093,0.0063630574640036585,1.5086966260755064,-0.0010605916786244002,0.0009604456656842673,-0.0020210373443086673,-0.7087500594182178,0.48080030090537274,-0.004994841660630635,-1.1872642902111519,0.0009527669720133,0.2477797660658297,False,False,0.9911451008265534,1.0
RSP,10,3,72,0.003057776619403448,1.2955397917227247,0.6388888888888888,0.003397696130274432,-0.0003399195108709839,-0.1191180695495677,0.9055182114765297,0.0023179616728461593,0.5083883438287894,-0.002997800694588127,-0.8709911031490436,0.0006611266288218275,3.877380536180006e-05,0.0006223528234600274,0.7191936525381306,0.47438215119280197,0.0027756499411575025,2.1624073298494473,-0.0015309442942374478,-1.4430446284002625,False,False,0.9911451008265534,1.0
XLK,4,3,72,0.0008962048214042771,0.30002851756243,0.5416666666666666,0.0012387062694864338,-0.0003425014480821567,-0.103895220470945,0.9175454220007724,-0.003603842813881828,-0.7345011862965407,0.0029188399177175147,0.6625227525651056,-0.00031064566156916037,0.00022036547123154544,-0.0005310111328007058,-0.3871501096722748,0.6998031448941182,-0.0010187968022331512,-0.5007809534199749,-4.322546336826056e-05,-0.02317098201853447,False,False,0.9911451008265534,1.0
XLF,4,8,72,0.00043167503897649354,0.07556744370119184,0.5833333333333334,0.0010963373396246775,-0.0006646623006481841,-0.10754635937303907,0.9146588792093062,-0.0043461709144002,-0.4554665007667706,0.003016846313103832,0.37967968866132196,-0.0036074298005699034,-0.001147904828384232,-0.0024595249721856716,-0.6901894303866705,0.49232508100797484,-0.0014492240548833113,-0.2260350079523668,-0.0034698258894880316,-1.0782550621219347,False,False,0.9911451008265534,1.0
XLF,1,5,72,0.0034711502296031144,0.8043467324295809,0.6666666666666666,0.0039069574194731845,-0.0004358071898700698,-0.09306131626254448,0.9261169522829559,0.003604079228179533,0.4319309017138139,-0.004475693607919672,-1.0428699163595516,-0.0012604023681687547,0.0005903693928740214,-0.001850771761042776,-0.763133727143262,0.44791191025399046,0.0009695207633279933,0.2558315619404679,-0.004671064285413546,-1.5529921958056283,False,False,0.9922681631603099,1.0
IWM,4,5,72,0.0005312894162753317,0.11382760295937497,0.5555555555555556,0.00014028033345814955,0.00039100908281718214,0.07956701624000344,0.936805469884015,-0.00070481913593693,-0.09833079944680387,0.0014868373015712944,0.2179669813109107,-0.0013513166071195018,-0.00038974804873528814,-0.0009615685583842138,-0.47755424855122397,0.6344344046566734,0.001410721401808604,0.53770972457426,-0.0033338585185770315,-1.0965147489200402,False,False,0.9934762423083049,1.0
XLI,4,8,72,0.004019906663933814,0.9058652361053442,0.6388888888888888,0.0037853041065521644,0.00023460255738164975,0.04731720974723742,0.9623932573220114,-0.001621224661572747,-0.2289741391922621,0.0020904297763360466,0.2974022039789881,-1.9198175612582708e-05,0.0015410619385432549,-0.0015602601141558375,-0.8103598206540525,0.42044130674636915,0.0012757221979441417,0.39326866742848604,-0.004396242426255817,-2.1823754974012926,False,False,0.9934762423083049,1.0
XLB,1,5,72,0.0045625501547506475,1.002703193219139,0.6111111111111112,0.004351135706302094,0.0002114144484485538,0.04265637766675088,0.9660951882943293,0.0046033993922626375,0.5955712345292251,-0.0041805704953655305,-0.6710244990767185,-0.00016900244302122145,0.0010345476797029311,-0.0012035501227241525,-0.511332026973564,0.61070513707718,0.001968840927411098,0.6977524345659039,-0.004375941172859403,-1.172025212607814,False,False,0.9934762423083049,1.0
SPY,4,3,72,0.0012068504829734375,0.4252079103369022,0.5555555555555556,0.0010183407982548884,0.00018850968471854912,0.06039718922328174,0.9520089836848813,-0.0025850460116486774,-0.5174059711381244,0.0029620653810857756,0.7882144687989121,0.0,0.0,0.0,,,0.0,,0.0,,False,False,0.9934762423083049,1.0
IWM,1,8,72,0.0029409170673951094,0.5019008066846469,0.5555555555555556,0.0027658260623621925,0.0001750910050329169,0.03132430193138984,0.975098799233469,0.00263968561148481,0.28176740655510435,-0.0022895036014189763,-0.3682776032818508,-0.0032762387783183363,-0.00037889934576953456,-0.002897339432548802,-1.1810603352062026,0.24151999300801202,0.0016159935613301684,0.4932789298023864,-0.007410672426427772,-2.094406771300202,False,False,0.9934762423083049,1.0
XLB,1,3,72,0.0034921728622007877,0.97087760416226,0.5416666666666666,0.0033683653192673932,0.0001238075429333947,0.03066602731843992,0.975621925412753,0.003577639932018007,0.6021119744432027,-0.0033300248461512177,-0.606529850896697,-0.0007374696708640169,0.0007483739640674968,-0.0014858436349315138,-0.6869745920640493,0.49433652331610256,0.0006468941979114848,0.2193967027119378,-0.0036185814677745123,-1.1428188967284778,False,False,0.9934762423083049,1.0
XLP,10,3,72,0.0035861605334585045,2.7411124862592655,0.625,0.003637344267360106,-5.1183733901601696e-05,-0.027432179692432484,0.9781919924266387,0.0015962570841186617,0.6316641641573739,-0.0016986245519218651,-0.6168445680886764,0.001189510542876884,0.0002784219424474744,0.0009110886004294096,0.5291859867055718,0.5983271036662624,0.002053945352430005,0.7997802760381213,-0.00023176815157118565,-0.10014468028749932,False,False,0.9934762423083049,1.0
XLK,10,3,72,0.0038875509085798507,1.5817159578643547,0.6666666666666666,0.003998557489311811,-0.00011100658073196089,-0.03767397628559899,0.970053353545293,0.0007906270967974903,0.16785184579344087,-0.001012640258261412,-0.28095731393819245,0.0014909009179982302,0.0006396351643991798,0.0008512657535990504,0.7019357718750721,0.4850139540932047,0.0012483153651088334,0.594770156766686,0.0004542161420892674,0.3644891051535748,False,True,0.9934762423083049,1.0
XLP,4,3,72,0.0013866753853950175,0.7259173804800577,0.5277777777777778,0.001546764107001548,-0.0001600887216065303,-0.06891993031652714,0.9452470908839429,-0.0020976301238183246,-0.5350154869527861,0.0017774526806052639,0.7079300528109778,0.0001798249024215801,0.0005284233087466595,-0.0003485984063250794,-0.20769712219351194,0.8360600638578966,0.00048741588783035274,0.248973945818005,-0.0011846127004805115,-0.43093841527095533,False,False,0.9934762423083049,1.0
IWM,1,3,72,0.00232380420901228,0.6847386608963955,0.6111111111111112,0.002580713122590232,-0.00025690891357795187,-0.07088348293374377,0.9436897724057056,0.003067506514146166,0.5319584537580394,-0.00358132434130207,-0.812848605746183,-0.0019058383240525248,-3.92782326096644e-05,-0.0018665600914428604,-0.9892155124807039,0.3259169870663358,0.00013676078003964365,0.05605607530017248,-0.0038698809629253645,-1.3462082297833264,False,False,0.9934762423083049,1.0
XLE,7,5,72,-0.0011149420596684538,-0.22310106785022432,0.5555555555555556,-0.0010107972839595487,-0.00010414477570890497,-0.01981877912411915,0.9842435283127304,0.0008183622275636453,0.09755637236038019,-0.0010266517789814552,-0.15914794562274742,-0.003772174178929206,-0.002309125933064048,-0.0014630482458651585,-0.35466504807103516,0.7238918316442585,0.0017025740187870937,0.2563610783173273,-0.004628670510517411,-0.9378095055055101,False,False,0.9944429431138986,1.0
IWM,4,8,72,0.0017732659986289426,0.3469123354729853,0.6388888888888888,0.0017434753749867135,2.9790623642229124e-05,0.005289550895390118,0.9957944030157073,-0.0021170849446651213,-0.28804741622432956,0.0021766661919495798,0.2523401621603716,-0.0022658388409174546,-0.0005007667930221962,-0.0017650720478952582,-0.7994584001358273,0.4266912161782125,0.0007798619148517674,0.2818086892949929,-0.004310006010642284,-1.2574443239395563,False,False,0.9968141956031117,1.0
XLP,1,8,72,0.005576331048621795,1.834769741147546,0.6527777777777778,0.00556385584053442,1.2475208087375481e-05,0.004006908080325658,0.9968141956031118,-0.0023711610317583703,-0.49548673607634053,0.0023961114479331214,0.5971328563782254,-0.0006408247970916501,0.0024191304324026933,-0.0030599552294943433,-1.0238656944900904,0.30937459070538936,-0.003394853081913012,-0.703207697788539,-0.0027250573770756744,-0.7579776739263938,False,False,0.9968141956031117,1.0
