offset,ExcessCAGR,ExcessSharpe,MaxDD
20,-0.039825733738307,-0.042211456920348944,-0.20886953525867036
21,0.08508114306771386,0.4702127383457559,-0.1506070576114703
22,0.10745996295208671,0.56195397004762,-0.1506070576114702
23,0.08577524050395713,0.4744300883939887,-0.15060705761147053
24,0.06336819326625553,0.3816399315533139,-0.1506070576114702
25,0.0396714248390615,0.28411946485399964,-0.15060705761147064
26,-0.0133477596216931,0.056042501521556536,-0.15632881196319015
27,0.023150864359718026,0.2142389915803993,-0.15632881196319015
28,0.06720161734395225,0.3918070826494319,-0.1563288119631897
29,0.10771721053539118,0.5490021871696757,-0.15632881196318982
30,0.08833458009271067,0.4733452387294395,-0.15632881196318993
31,0.08894237085035495,0.4755570962699235,-0.15632881196319004
32,0.046636297130725035,0.30970562070378066,-0.15632881196319015
33,0.02470135274036922,0.22049436300110042,-0.15632881196318982
34,0.04128008562758656,0.2897464059096592,-0.1563288119631897
35,-0.024772405965706845,0.0071747564211803805,-0.1563288119631897
36,0.0293862236418867,0.23984747252501115,-0.1676614930153305
37,-0.04955636859033641,-0.12054225367289884,-0.16766149301533018
38,-0.06553972715686962,-0.18257595051754677,-0.17059256255504696
39,-0.05565287111853734,-0.13942580255180045,-0.1713138147417378
40,-0.04684980727174781,-0.09836821259839522,-0.1676614930153303
41,-0.035179064872182364,-0.0455160857121421,-0.172044876625831
42,-0.02175668349638271,0.018346144676749533,-0.170888550096143
43,-0.03613239496243281,-0.04343672925923137,-0.18174284824934817
44,-0.0034578817342072465,0.10053838020992138,-0.170888550096143
45,0.013206795648170733,0.17068978443672128,-0.17088855009614334
46,-0.057075624348505105,-0.14720208527047543,-0.2041759180173479
47,-0.13926054809152144,-0.5603833543440351,-0.2756082423100895
48,-0.10859445769704068,-0.4059571110756418,-0.23955652316322884
49,-0.13917144186221464,-0.5257387385588561,-0.22101968953618079
50,-0.09250576379699205,-0.29468927474876405,-0.20029084221780502
51,-0.09775963308100055,-0.31882464652831766,-0.19136373608026536
52,-0.08108020890430268,-0.24234119738965007,-0.1782341129038929
53,-0.09850827438760978,-0.3304144381606207,-0.18043302627688662
54,-0.09157759161339696,-0.2930996145876602,-0.1781548949767019
55,-0.08444439489900157,-0.25828753227929674,-0.1806341329083856
56,-0.0823677958244341,-0.24943329928103028,-0.17815489497670123
57,-0.050818994500338444,-0.10986265046055557,-0.17815489497670178
58,-0.13851878302426068,-0.5590344263930128,-0.21680362555898403
59,-0.14747472839054754,-0.5912163814743275,-0.22494473489864697
60,-0.13882089948457177,-0.5423025982490808,-0.21707811002862465
61,-0.09823310382645112,-0.33984195022621516,-0.18018295983159283
62,-0.08126616658314112,-0.25916855010285,-0.17815489497670212
63,-0.07376499590315144,-0.22448805105419636,-0.17815489497670178
64,-0.07069921943221469,-0.2109203865547261,-0.17815489497670156
65,-0.0910980362174032,-0.30904229241299125,-0.17815489497670156
66,-0.009408838360654648,0.0771162431665967,-0.17815489497670245
67,0.016545885743064703,0.18704236267295352,-0.17815489497670145
68,0.0027479213113157375,0.12901315898373855,-0.17815489497670167
69,-0.02206038493435636,0.02036453454114267,-0.17815489497670234
70,-0.06281679787024164,-0.1694147083097093,-0.17815489497670167
71,-0.02998908184102611,-0.01594607669839954,-0.17815489497670256
72,-0.018273290256260233,0.035870517620136336,-0.17815489497670223
73,-0.01428224564353997,0.05279187959378599,-0.17815489497670134
74,0.019216648139447567,0.19797196224798974,-0.17815489497670167
75,0.06825892711039394,0.3979339475025448,-0.178154894976702
76,0.03787630322145685,0.27555997468298926,-0.17815489497670234
77,-0.04379926117936317,-0.07155836495913975,-0.17910046032499327
78,-0.05551368942301782,-0.12809894250547676,-0.18211158818807716
79,-0.026058142828546238,0.004721023158272502,-0.17815489497670156
80,-0.06779062861130003,-0.18312184653293417,-0.17815489497670178
81,-0.1321937867205356,-0.5336146838794661,-0.19844548477759028
82,-0.11562505117180977,-0.44515388657660254,-0.22207024423151045
83,-0.020920477443443164,0.00993353838336565,-0.15931026922163527
84,-0.05806794637174317,-0.166004618369248,-0.17381551590256528
85,-0.06649592179684372,-0.19089929464036845,-0.18117518656961018
86,-0.11586717746637731,-0.43673584941045823,-0.18176804016039205
87,-0.1972673856524455,-0.854523528750891,-0.24112272802982837
88,-0.1972190003249179,-0.8947884004552451,-0.24107710154784978
89,-0.2680377104788303,-1.3498157294085615,-0.30801966375439893
90,-0.21033336749691856,-0.9616147293153539,-0.2534735730392852
91,-0.15523026710034915,-0.6684945235482254,-0.2001998126054505
92,-0.15047457690276922,-0.611467595002846,-0.19895930488254887
93,-0.1770176970387437,-0.7419431451906665,-0.23387682511422803
94,-0.08817373647491711,-0.3023235146280255,-0.1493960328454843
95,-0.07829253312107287,-0.23075719965895194,-0.15189222945260072
96,-0.117270465073543,-0.4385289406379218,-0.17437786411538136
97,-0.1035351366596301,-0.3873044940869297,-0.17040457388687646
98,-0.11241720602134264,-0.43981050297659047,-0.20089598276118648
99,-0.08262290946290884,-0.2893742518427653,-0.17738160411072312
100,-0.08132427959428101,-0.28224010034091357,-0.19227703957375641
101,-0.07155857249529296,-0.24955252972224218,-0.20144819214939547
102,0.020820378616040136,0.2025170240866895,-0.13913204903089094
103,-0.009184151382180983,0.061025398204547616,-0.13852216465700606
104,-0.12904110262556878,-0.5621127330481566,-0.18462611970330955
105,-0.12654495419891443,-0.5268255666183376,-0.1624562381087119
106,-0.09716395059211991,-0.4020272163023041,-0.14284762678391538
107,-0.11555324705505832,-0.4859018926040833,-0.16509335152154248
108,-0.05577726006687356,-0.17571691514398044,-0.13827782747817097
109,-0.03592857388051429,-0.07848522950217826,-0.13541888835891114
110,-0.004600146263002647,0.08688406690583335,-0.16976893922158787
111,-0.0115517757009308,0.05122344943425542,-0.14346371958915694
112,-0.12549692844972582,-0.5274691434217522,-0.19861757499959265
113,-0.07048129799982428,-0.23496787350663378,-0.18753038694909396
114,0.0350230432723746,0.26906317166732413,-0.15109196884191634
115,0.14326326405875767,0.7328892402268298,-0.13128708342740203
116,0.14782108964246699,0.7757044671559742,-0.1280254087953262
117,0.19637238376879407,0.9753283395482142,-0.09398733123654202
118,0.2532094589668381,1.1612225649922896,-0.09398733123654202
119,0.27601051710647884,1.246672838760978,-0.09398733123654202
120,0.31491765361146506,1.3587583443674185,-0.09398733123654202
121,0.23868478041369223,1.1016366090222844,-0.11033722209768304
122,0.26398357927724625,1.1943851280130744,-0.09398733123654202
123,0.3393241311334405,1.5236964977186522,-0.09398733123654202
124,0.2291087242434735,1.056378100722659,-0.09828908236318634
125,0.19136215395395206,0.8924607298115532,-0.09569111344617154
126,0.24472017307882687,1.0863934427967512,-0.09569111344617132
127,0.15015612842009896,0.746543809353841,-0.13143067954475884
128,0.07151495839946875,0.4242334406415161,-0.14560386499012168
129,0.12708127068489983,0.6512672582518981,-0.1130744377535845
130,0.10254178891824628,0.5376895343942855,-0.09569111344617187
131,0.14235720595011658,0.7114652902243769,-0.0956911134461721
132,0.10780752230176116,0.5805107075167,-0.09569111344617154
133,0.18088738383179148,0.8739880462551015,-0.09826910881216722
134,0.30708098760670266,1.4016480322156837,-0.09569111344617176
135,0.2526987879532592,1.1704497384383539,-0.09921560647518735
136,0.17033642395923332,0.809680444969035,-0.09921560647518801
137,0.11464460497984796,0.59749608386032,-0.11340938781360055
138,0.10424426333819725,0.5535758509152288,-0.11340938781360044
139,0.05422675859336046,0.35000535431666346,-0.11581155711867497
140,0.008913517677943128,0.14986097524625713,-0.14482979855287093
141,0.035356078292230864,0.2684309733359585,-0.12939713192010427
142,0.02333702725809972,0.2147281473733517,-0.15325677696970208
143,-0.05647694901615663,-0.14278121856668405,-0.1927940916955866
144,-0.09794893728118537,-0.3350706702017985,-0.22098187774989964
145,-0.0721706188156892,-0.21033976509199928,-0.2015280920016076
146,-0.010711774290060094,0.06110857499180217,-0.17581076510442273
147,-0.0020128814271942463,0.10032249773566716,-0.17810362589166118
148,0.05368826484175693,0.34522622463262753,-0.15277340735699974
149,0.07675377335907951,0.44291120941958606,-0.15060705761147042
150,0.13026231750987094,0.6539544718865902,-0.1506070576114703
151,0.13288716742447582,0.6796226199794729,-0.15060705761147053
152,0.10900787382202215,0.5723230470026851,-0.16555885170991702
153,0.08307875016333832,0.46555119333278844,-0.1656551129566235
154,0.11577037587705985,0.5959208995122884,-0.15632881196318993
155,0.10540593131009324,0.556667401130436,-0.17180616687967787
156,0.109347242864406,0.5739946005497987,-0.17586461883920512
157,0.11595311094375771,0.604437236837326,-0.1470220953290794
158,0.1613551523617951,0.7831330096790518,-0.14141526204501886
159,0.20548638253802687,0.9451557926330822,-0.11655963803576774
160,0.2444904844275082,1.084237011737365,-0.10962442262598693
161,0.18414785361085562,0.8549693879621136,-0.12822280512931683
162,0.1344513835137635,0.6521595337298867,-0.13276438722512884
163,0.059407618834891984,0.3638131016491788,-0.16522587150787127
164,0.04071983687687064,0.287088819816171,-0.18810386122659906
165,0.08583906466269298,0.4730901910717745,-0.13580728600528702
166,0.05248853486984073,0.337685171195176,-0.14282844418235874
167,0.10106450520639498,0.5291416064909434,-0.11365191160398336
168,0.12658847618400948,0.6591474302398155,-0.09921560647518779
169,0.0886428748375232,0.4963902906293127,-0.1293188949835098
170,0.11584600355591212,0.6095921285385958,-0.1365395644263161
171,0.09685987799627949,0.5339089857909074,-0.1365395644263161
172,0.1007036831496726,0.5290982587238928,-0.170888550096144
173,0.08775377077600988,0.47876272893363164,-0.17088855009614323
174,0.05041812279833424,0.32857634600511604,-0.16426640230501344
175,-0.04200816493394843,-0.05911980974302844,-0.17159078378572534
176,-0.1292041404944022,-0.4797990826048781,-0.18264513570346674
177,-0.15340603757761484,-0.6065725599720299,-0.18674750139135032
178,-0.20840584511725124,-0.9357454864800044,-0.1920575236847294
179,-0.16815055047742744,-0.7371585656451106,-0.19797096858823082
180,-0.12462651857864271,-0.4942807130352878,-0.18685005898275764
181,-0.1264306853213122,-0.5049827986251942,-0.1873573261962348
182,-0.09160366072166837,-0.3276767394388981,-0.17823956590810752
183,-0.12845783005149147,-0.5412013225866018,-0.17233249763804537
184,-0.10544425013398184,-0.42820808735164567,-0.15632881196319026
185,-0.11965189572769175,-0.5053398080405099,-0.15632881196319026
186,-0.1225107223444325,-0.5265244646501984,-0.1564539961278355
187,-0.11140111201114056,-0.46487452803518187,-0.15632881196319026
188,-0.09032806183491104,-0.3785697438003843,-0.17815489497670156
189,-0.09332377973483186,-0.40309866318794396,-0.1755355054846902
190,-0.1328261578496357,-0.6458005445930245,-0.20739268433718994
191,-0.21571649052250907,-1.2326697727845766,-0.22066294079522597
192,-0.23992519369458432,-1.3929723926088047,-0.23069978324250595
193,-0.20655310724662757,-1.1694239226391359,-0.23630123552244597
194,-0.134087516121965,-0.7014864134044244,-0.19899957577913485
195,-0.07065433522971964,-0.2951771101402714,-0.19788626110779894
196,-0.059371031352224435,-0.23277447853388603,-0.1764132640088153
197,0.06131970041163903,0.411597337080746,-0.17088855009614312
198,0.09241875236597408,0.5654105939443625,-0.17088855009614268
199,0.16646905812107682,0.9151434915248383,-0.1708885500961438
200,0.16929184821643184,0.9113521957792742,-0.17088855009614312
201,0.07830261889404011,0.4806264999958392,-0.17815489497670223
202,0.07351621184534585,0.4582964061116,-0.17815489497670223
203,0.07884094901038474,0.47287453304025545,-0.17815489497670212
204,0.014617227613038963,0.17299753814469998,-0.1781548949767019
205,0.044358707681367404,0.30957251055985613,-0.17815489497670134
206,0.08192978205126389,0.4772970403438036,-0.17815489497670178
207,0.07646834209917586,0.4552244987188909,-0.178154894976702
208,0.073660484957349,0.4396115921603135,-0.17815489497670134
209,0.1312978797086548,0.6776276962183259,-0.178154894976702
210,0.1160545242806752,0.6134768936529784,-0.17815489497670223
211,0.17988985615209074,0.8575768216611312,-0.17815489497670167
212,0.11513495397974616,0.607494047703693,-0.17815489497670267
213,0.06131801214367116,0.37696637970613406,-0.17815489497670223
214,0.06137478074660696,0.3763400405822439,-0.178154894976702
215,0.11576209998050824,0.5982457840953588,-0.17815489497670123
216,0.10370770501881932,0.5543968610027851,-0.17815489497670145
217,0.06277125398151706,0.38321728379337083,-0.17815489497670223
218,0.006593896983097425,0.139210743517629,-0.17815489497670145
219,0.04972099234770977,0.33024853609733607,-0.17815489497670156
220,0.08494689051805482,0.4763724624370663,-0.17815489497670212
221,0.0829171484853275,0.46859699377008135,-0.17815489497670212
222,0.0015441953003934028,0.11901015370107657,-0.17815489497670167
223,-0.02926772389652077,-0.012079172230888715,-0.178154894976702
224,0.007141182567600879,0.1473915017632057,-0.17815489497670212
225,-0.012453184403295903,0.06352718111921991,-0.17815489497670178
226,-0.07625492886772134,-0.22806414174437473,-0.17815489497670134
227,-0.12085181294412639,-0.4544046214757755,-0.20074382294626014
228,-0.14352793242805906,-0.571205938145078,-0.22135690210441228
229,-0.05415137620674104,-0.12391253198396401,-0.178154894976702
230,-0.05863075872666035,-0.13909276792523742,-0.17815489497670123
231,-0.07316687510370012,-0.20319850359449465,-0.178154894976702
232,-0.11629175778925482,-0.4023868945239818,-0.20751988003119415
233,-0.10606521159271465,-0.3556737185586186,-0.1979966675783239
234,-0.07318128508654598,-0.2031410591075474,-0.18307701748044758
235,-0.13085561071347107,-0.4798438321534933,-0.22729817523225526
236,-0.13185382494732867,-0.4767070556300242,-0.2107447392495313
237,-0.05429008116722234,-0.11798510198274761,-0.16528443276150662
238,-0.0005094022232891016,0.11529858591135796,-0.16479962008398552
239,0.025980423562058652,0.2261660874315235,-0.14983227952846023
240,0.06467677878166711,0.38069620428044715,-0.14983227952846023
241,0.012371464123173803,0.17172387782709453,-0.15077600084625276
242,0.0796674824532313,0.4372097357346216,-0.14983227952846023
243,0.07665272637931908,0.4298159767024186,-0.17574997967265582
244,0.031874307240976396,0.25034910015281164,-0.19833954354039618
245,0.07853153167661975,0.4362414340254135,-0.14983227952846023
246,0.07345577026615291,0.41710543441207515,-0.15375782356680945
247,0.08656300277624052,0.4653083521411336,-0.1530138572314279
248,0.12340882020805988,0.6095093455383418,-0.14983227952846023
249,0.07450674718110495,0.4179151061329101,-0.14983227952846023
250,0.036667507037571934,0.2695111453819712,-0.16374282415362573
251,-0.021838056413788776,0.023221674430219257,-0.16727022318764828
252,0.013607033136881608,0.1753113774579488,-0.16099691597655363
253,0.004659061977527967,0.13740935613798486,-0.15187927121924616
254,-0.01755474965251902,0.0441448691246445,-0.14983227952846023
255,-0.03966265925382961,-0.06443143906600284,-0.15757683357233754
256,-0.06941300059811417,-0.2046054365398891,-0.1552411418279751
257,-0.12748641289325469,-0.4925020577315849,-0.2067749454966873
258,-0.1714405774535721,-0.7377932007267048,-0.24673053975871728
259,-0.13871624535177973,-0.5653060138809631,-0.21698336839128107
260,-0.09630194784512736,-0.3542220400469426,-0.17842773602049178
261,-0.0966428439874859,-0.355787341238087,-0.17873755239370126
262,-0.0959154550006509,-0.3504022168111478,-0.1768544179483842
263,-0.09512274517350883,-0.3622615569422097,-0.18913283783820278
264,-0.09391431360925573,-0.3632358123755295,-0.21039524578219326
265,-0.09423405301319043,-0.36541764012613515,-0.2244811910363056
266,-0.11284897784349068,-0.46371054196531303,-0.1926323785937506
267,-0.12959117587954616,-0.5864098651062972,-0.207418850388416
268,-0.10875190057568118,-0.4627024535274185,-0.2049265727620927
269,-0.09377190998955443,-0.38173885894443865,-0.1960512150110646
270,-0.14820002426944723,-0.7148749298613389,-0.2147827008418376
271,-0.15746962977548518,-0.7757019630991037,-0.22452325182228916
272,-0.1409633614056517,-0.6626340067622294,-0.19321102344895724
273,-0.1573033289723056,-0.7561382826079517,-0.17739139580486218
274,-0.14163065241365613,-0.6467536594196416,-0.1725647504725777
275,-0.1578866144758856,-0.7802785714197761,-0.17554438691637253
276,-0.15995637969985954,-0.7908517989629085,-0.16886728382753324
277,-0.12097026774277453,-0.6376563455700813,-0.1796885212879149
278,-0.11291609684540704,-0.6096440797219782,-0.20279313532393817
279,-0.04110588309619889,-0.156654340141256,-0.19148735761937064
280,-0.03678873127339122,-0.13456541130826447,-0.1694867048343638
281,-0.08753732745479126,-0.3993814577650232,-0.16309299651435905
282,-0.09404438856252173,-0.4112916479053166,-0.1738438120821787
283,-0.13180501512736975,-0.6350400273144615,-0.20485308094775068
284,-0.16763965213895726,-0.8458712275632999,-0.23662235868276948
285,-0.15512786111361,-0.7883252293770143,-0.20129093525177355
286,-0.15945480921101163,-0.8271232278639389,-0.21158166257810473
287,-0.09578772531812219,-0.4887319473700935,-0.1906889713996508
288,-0.08438566366690148,-0.41560805380502036,-0.19345080462905861
289,-0.137716115701093,-0.7763000508308145,-0.2071141694550379
290,-0.023934847240773993,-0.037506478505171144,-0.18800065049512982
291,-0.02672964109809628,-0.05145806761652717,-0.18622377383290278
292,0.1350441404631042,0.8384364685959496,-0.11376798111515929
293,0.10432113298560308,0.6768220074957232,-0.14101672737805382
294,0.1523406982056621,0.9508802642836022,-0.13584195954302836
295,0.19904765830911741,1.2252742485202877,-0.093265106925155
296,0.26355425844683644,1.5451518072623893,-0.06223987856827584
297,0.22065361579165632,1.2440858716854544,-0.06844038978836942
298,0.18300064147048944,1.058144649856868,-0.07787546057692207
299,0.1910289400477101,1.077114396998451,-0.09524177404212386
300,0.1949056713727022,1.112324687288578,-0.10418483346869145
301,0.0969653770142409,0.5982477503088832,-0.11011611383477649
302,0.08766535880650417,0.5466957129952681,-0.13160206554458675
303,0.1197046949552365,0.6861252955888459,-0.11077798427352514
304,0.1604478250426271,0.8557891515821162,-0.09522576563073415
305,0.16170468027207408,0.8384363247657404,-0.09626286169529452
306,0.0019258656617535674,0.1176453555363692,-0.1617013547253937
307,0.019238434232836443,0.1966610791901443,-0.1818122571895765
308,-0.008686618855594519,0.07216398777676454,-0.1660031009659979
309,-0.07982109886247868,-0.2540765127189385,-0.20774480894808645
310,-0.07085898473047658,-0.20972680859807363,-0.22424634961480638
311,-0.039799431494249915,-0.06373787392924457,-0.20932250526310392
312,-0.03471174331951543,-0.04929288399634073,-0.1895801619452071
313,0.045070091987851946,0.3077165703812755,-0.1833859273503894
314,0.09075196032897481,0.49842230214476907,-0.15914732539920262
315,0.027175541398254177,0.2313095193539815,-0.16581003549860562
316,0.01882689099140067,0.19554338734331053,-0.16581003549860562
317,-0.008154412549633339,0.08217129125385886,-0.15705589485092986
318,-0.03336731311898944,-0.026035006032743637,-0.1563288119631896
319,-0.04581029536825232,-0.08339865412897544,-0.16589383735657648
320,-0.08606416473435752,-0.2765771960861117,-0.18332339977543366
321,-0.10393929128191315,-0.3601273455611775,-0.20886074108276453
322,-0.12827605468421477,-0.48249789858736214,-0.24623226325197856
323,-0.11842113033106094,-0.44723325255584595,-0.24904019355048124
324,-0.07146635084777653,-0.2108895714061616,-0.20090812394709012
325,-0.07484768135312048,-0.23046497600456184,-0.2301734110856688
326,-0.1107151065963492,-0.40354483275336056,-0.21941545398965434
327,0.011731122938897887,0.16081062041701039,-0.1280577589650025
328,-0.03762918572267038,-0.07254755624115906,-0.14735533193244077
329,-0.012372670737912483,0.04715023228364866,-0.1316469921222141
330,-0.02792090110484191,-0.02547379255775375,-0.14983227952846045
331,-0.044934442748085335,-0.10898348060496758,-0.1582036277764608
332,0.06701312729396047,0.40641118111162455,-0.14983227952846023
333,0.06727966008794506,0.4136680066686776,-0.15255716544161024
334,0.14439931810635764,0.7242957374713654,-0.1390710494231735
335,0.16444027369319736,0.8029468747239611,-0.15477666003512203
336,0.19168093991852575,0.9373148587236854,-0.15923393977213673
337,0.21318281933983885,1.0180841059364394,-0.15145960220676502
338,0.20737552098470702,0.9672601126027779,-0.13837908857734882
339,0.11978199695439606,0.6260809604967799,-0.17165065117333334
340,0.12399517840857466,0.6403714985951036,-0.16066595772835646
341,0.14616592101891257,0.7348002480204872,-0.133015856791036
342,0.11381966999454929,0.6065645505455579,-0.13759188302523762
343,0.10512332492539223,0.5848300101362006,-0.1279854260877229
344,0.028057996258646467,0.23620641655691796,-0.14125964731962526
345,0.002515132064667247,0.11702815912317567,-0.15600447830030761
346,-0.016999865170923112,0.017757476638518552,-0.15619192072907062
347,0.013654071963138836,0.16777574238180168,-0.14113717361808176
348,0.015686168798636713,0.1775219871618981,-0.13216052482792628
349,-0.029306727602222526,-0.047582609446429884,-0.15442920579491304
350,-0.03763267449198748,-0.08919163535178319,-0.14348591720943327
351,0.011621291391926247,0.15726851958170562,-0.1469995526892982
352,-0.007265287196799974,0.0613049602744564,-0.13892985745909647
353,0.003594170672211794,0.11605971156443858,-0.127029392988796
354,-0.028871668166707276,-0.06371238889605317,-0.13318651099235856
355,-0.016087645599193623,0.005658628479606823,-0.12087330555213271
356,0.023255894935645394,0.21931576852705675,-0.09569111344617176
357,0.006882935642961829,0.12569824894112858,-0.09569111344617187
358,0.02233549323319073,0.21450099569699563,-0.09569111344617187
359,-0.03182156855100593,-0.09495459770134619,-0.11053378675058512
360,-0.019856633892894715,-0.024639063015215398,-0.11889862483964808
361,0.028167530140061015,0.24641256760816976,-0.11093830251286374
362,-0.0528090208366746,-0.22168684025841934,-0.15960929599210139
363,-0.03765009047904666,-0.13487902213047634,-0.1374089872609513
364,0.012810892981552247,0.15973545235149816,-0.143333015658611
365,0.0785381474483855,0.5233890599986313,-0.12242079234332515
366,0.038288513336696584,0.30179473242376964,-0.14408931588878415
367,0.012749776781092903,0.16012768547032236,-0.12514323490680435
368,0.013616308952981937,0.16482535083148242,-0.11707258025500666
369,0.14963471649097193,0.8254576842121044,-0.1156137693563325
370,0.15487926093589022,0.8253477011109815,-0.15060705761147064
371,0.1592661720975237,0.8419602929123962,-0.1506070576114703
372,0.20360809777580435,1.0091345585144764,-0.15060705761147042
373,0.20425336920294734,1.0118690791160097,-0.1506070576114702
374,0.2377638043094279,1.1341998012098622,-0.1506070576114702
375,0.17761418751719216,0.8931789188165377,-0.15060705761147042
376,0.1660063372059526,0.8462145951735027,-0.15632881196319004
377,0.14993080016984317,0.7859055946119515,-0.15632881196319037
378,0.2055430107755709,1.0130190591574044,-0.15632881196319004
379,0.17867166783471,0.931613362926586,-0.15632881196318948
380,0.16341630869821877,0.8484483688688219,-0.1563288119631896
381,0.16395297936231845,0.8496831956598859,-0.15632881196319004
382,0.17326394535792256,0.8849037475185676,-0.15632881196319037
383,0.15352035821437338,0.7987064100587224,-0.15632881196318982
384,0.1543687718982374,0.751621757810995,-0.15632881196319004
385,0.13664594647011152,0.6814697368369951,-0.15632881196319004
386,0.1473028374277907,0.7200665881853284,-0.16766149301532995
387,0.07090408867817799,0.4211559159813795,-0.1676614930153304
388,0.016248153474496707,0.1821803703199388,-0.1676614930153305
389,-0.0342660306511684,-0.04859512753438399,-0.1676614930153305
390,0.029360697211419096,0.2409114432248557,-0.16766149301533062
391,0.008624310796262247,0.14793290146239896,-0.17204487662583257
392,0.1382151656498849,0.6810130153873322,-0.17088855009614334
393,0.14770858744108373,0.7160485674341787,-0.170888550096143
394,0.15190784926058787,0.7275228829858718,-0.17088855009614312
395,0.1441216282461315,0.6939327895696457,-0.17088855009614323
396,0.11736518499044069,0.5901189467892958,-0.17088855009614323
397,0.07679711787167487,0.4304701583277187,-0.17088855009614334
398,0.017848495430383915,0.19175896186362465,-0.17088855009614312
399,-0.060081629805167625,-0.13517627506649027,-0.18165656678972864
400,-0.11338747507320135,-0.37826305535357935,-0.20652427722848488
401,-0.13451370071933266,-0.4814846592463365,-0.22104870340977478
402,-0.1331784619553339,-0.47120049081438364,-0.22683505007255877
403,-0.11686855211984815,-0.39556668639946413,-0.21488365485042304
404,-0.11770238558754043,-0.39789496417263603,-0.2131073602656426
405,-0.1153125009832997,-0.38522633964912556,-0.1957081571549114
406,-0.09533279540536621,-0.2920176114282751,-0.18895818342542692
407,-0.03836994107345226,-0.03697207489793335,-0.17815489497670167
408,-0.04228346335165223,-0.05262499102364284,-0.178154894976702
409,-0.04557703115734624,-0.06342511716725814,-0.17815489497670178
410,-0.10336856056106969,-0.3325453470141978,-0.18485086722089195
411,-0.03102615505844064,-0.0026692617291770694,-0.17815489497670178
412,-0.07295148245470495,-0.1853519706237737,-0.17815489497670178
413,-0.007210852708412041,0.09468852989787614,-0.178154894976702
414,0.02194097374684234,0.21114697716331188,-0.17815489497670167
415,0.006486231271251031,0.14986542031941702,-0.1781548949767019
416,-0.008676483664473822,0.08873534651937018,-0.17815489497670134
417,0.045872862407397186,0.3036033658270494,-0.17815489497670256
418,-0.0485887417689671,-0.07976324534539023,-0.17815489497670178
419,-0.05973878896814333,-0.12587730995892035,-0.17815489497670167
420,-0.024883812723305643,0.0215362360596421,-0.178154894976702
421,0.004300500411819286,0.1382376778910012,-0.178154894976702
422,-0.1097413989418029,-0.35539167697097,-0.19064404978012295
423,-0.1461749014569782,-0.5719701286987844,-0.22376305795911844
424,-0.12833116542546896,-0.48288458256052186,-0.20754268646102458
425,-0.14520293586771615,-0.5704854332120766,-0.2228795217169669
426,-0.10448337186375511,-0.3746707174567468,-0.1858645443946898
427,-0.11842806678164308,-0.4409462732808341,-0.19854056483459004
428,-0.08979201064246478,-0.29219856800492033,-0.17433015212231018
429,-0.10757378442512966,-0.3822067381145626,-0.18867389121650757
430,-0.07782619994643147,-0.24475741615282065,-0.1766077126259864
431,-0.11624751437128855,-0.44435329634323933,-0.21325421308096748
432,-0.09517869624213238,-0.3389534732065501,-0.22180296423693935
433,-0.11451794156183492,-0.4451442545408547,-0.2591137008008141
434,-0.007186866483371079,0.07412590682866581,-0.1879249659010339
435,-0.02032700741587079,0.009839045628887547,-0.19161530653193892
436,0.0028692373657843717,0.12180786847212316,-0.20843468687041733
437,0.050063335685703425,0.33189558291526977,-0.19366576905142086
438,0.06182806328902313,0.3891172811033384,-0.17486322944236077
439,0.08036868793227359,0.4615282026396379,-0.17106162536855363
440,0.10698373424703922,0.5748421211271167,-0.1725498243088397
441,0.0018896790508033945,0.11862865761346432,-0.17083192280009285
442,0.030005837926615042,0.2440117132546856,-0.15841469945073994
443,-0.06682046528073471,-0.2172178136433888,-0.14983227952846057
444,-0.06993858983431989,-0.22083399309125604,-0.16799182799349943
445,-0.05562169449041465,-0.1463991269760703,-0.17493500795268246
446,-0.19916476697194818,-0.9251175907135344,-0.2127336857475478
447,-0.17492872789039648,-0.7677664481257453,-0.21654999442411793
448,-0.07365053284204004,-0.2629927773887672,-0.16515385969354768
449,-0.08340819341264705,-0.31328766647289463,-0.1814785099988364
450,-0.0350133384372433,-0.06512178654856957,-0.15477666003512192
451,0.14674728138488913,0.7230879022339239,-0.15923393977213673
452,0.09187086858090776,0.5022089544985971,-0.1514596022067649
453,0.07723139504676935,0.4396645955695828,-0.13837908857734904
454,-0.03638054486208964,-0.05501433506526741,-0.171650651173333
455,-0.02440646510335076,0.0010398342121689052,-0.18087326195876685
456,-0.016443238733113263,0.02952428894678981,-0.17515657700583898
457,-0.04098692985752095,-0.09157874662392347,-0.16312340139097004
458,-0.08834520596132556,-0.3505880000307744,-0.1833170647608282
459,0.02292412085562323,0.21257142665417594,-0.1434711636166578
460,0.07751384949272544,0.4569120964800182,-0.1413566954898493
461,0.061692053571026806,0.38774060559921564,-0.17197980971539673
462,-0.02863025086512716,-0.029888320302315304,-0.16363283746040025
463,0.10589779033457458,0.6039327155016802,-0.1515629757659045
464,0.09262354280397678,0.5397780676448681,-0.15632881196318993
465,0.04884416233064659,0.3373690423058766,-0.16101357058446852
466,-0.07897251140490236,-0.31145271141510217,-0.17975966955119882
467,-0.1346595064312085,-0.6591395175971682,-0.18075805224165475
468,-0.1008628479283813,-0.46237607031400063,-0.19030749632723976
469,-0.1260692249317854,-0.6748893671819537,-0.17520616812863354
470,-0.15268526206946387,-0.8599026043633858,-0.19200827309986712
471,-0.17657473060629392,-0.9691825533928975,-0.2283967414324929
472,-0.1690484413698392,-0.9019471180700562,-0.22343115831767857
473,-0.12049355502541825,-0.5942359336777536,-0.18653464153950639
474,-0.09239207228427548,-0.4166205752042062,-0.17112789861164335
475,-0.06892333224610481,-0.27756747110727475,-0.15632881196318993
476,-0.037738064818088723,-0.1042804959978336,-0.1683861165937819
477,-0.09252505070247863,-0.41750948896497647,-0.19105395509800094
478,-0.18423960796241146,-0.898240979789617,-0.18709359243835633
479,-0.10145940642525064,-0.4332889867107624,-0.13998006732251556
480,-0.1350392394379506,-0.6093531124517199,-0.18436667199656398
481,-0.16538408017100448,-0.8469693344601961,-0.22376334656584906
482,-0.10658525246730888,-0.5130354465836946,-0.2008022414556906
483,-0.15440223110510531,-0.8036980554150469,-0.24383214263590436
484,-0.11449831697061197,-0.5324259675009947,-0.22113315346737694
485,-0.16249911046489984,-0.8521910248990409,-0.2614309367222587
486,-0.08762298611770125,-0.37552349987325734,-0.20338476161928853
487,-0.018769025274055884,-0.0019336637356233263,-0.1480568035966836
488,0.0711563252388141,0.4672389929202485,-0.16395512331206163
489,0.05013820694116178,0.35754335190281894,-0.17088855009614357
490,0.06761230277746755,0.43465825788028656,-0.13653956442631554
